"team_id","team_name","team_url","conference_id","conference","division","year","season_id"
67,"Boston College","/team/67/16580",821,"ACC",1,2024,16580
67,"Boston College","/team/67/16340",821,"ACC",1,2023,16340
67,"Boston College","/team/67/15860",821,"ACC",1,2022,15860
67,"Boston College","/team/67/15580",821,"ACC",1,2021,15580
67,"Boston College","/team/67/15204",821,"ACC",1,2020,15204
67,"Boston College","/team/67/15204",821,"ACC",1,2019,15204
67,"Boston College","/team/67/12973",821,"ACC",1,2018,12973
67,"Boston College","/team/67/12560",821,"ACC",1,2017,12560
67,"Boston College","/team/67/12360",821,"ACC",1,2016,12360
67,"Boston College","/team/67/12080",821,"ACC",1,2015,12080
67,"Boston College","/team/67/11620",821,"ACC",1,2014,11620
67,"Boston College","/team/67/11320",821,"ACC",1,2013,11320
67,"Boston College","/team/67/10942",821,"ACC",1,2012,10942
67,"Boston College","/team/67/10561",821,"ACC",1,2011,10561
67,"Boston College","/team/67/10240",821,"ACC",1,2010,10240
147,"Clemson","/team/147/16580",821,"ACC",1,2024,16580
147,"Clemson","/team/147/16340",821,"ACC",1,2023,16340
147,"Clemson","/team/147/15860",821,"ACC",1,2022,15860
147,"Clemson","/team/147/15580",821,"ACC",1,2021,15580
147,"Clemson","/team/147/15204",821,"ACC",1,2020,15204
147,"Clemson","/team/147/15204",821,"ACC",1,2019,15204
147,"Clemson","/team/147/12973",821,"ACC",1,2018,12973
147,"Clemson","/team/147/12560",821,"ACC",1,2017,12560
147,"Clemson","/team/147/12360",821,"ACC",1,2016,12360
147,"Clemson","/team/147/12080",821,"ACC",1,2015,12080
147,"Clemson","/team/147/11620",821,"ACC",1,2014,11620
147,"Clemson","/team/147/11320",821,"ACC",1,2013,11320
147,"Clemson","/team/147/10942",821,"ACC",1,2012,10942
147,"Clemson","/team/147/10561",821,"ACC",1,2011,10561
147,"Clemson","/team/147/10240",821,"ACC",1,2010,10240
193,"Duke","/team/193/16580",821,"ACC",1,2024,16580
193,"Duke","/team/193/16340",821,"ACC",1,2023,16340
193,"Duke","/team/193/15860",821,"ACC",1,2022,15860
193,"Duke","/team/193/15580",821,"ACC",1,2021,15580
193,"Duke","/team/193/15204",821,"ACC",1,2020,15204
193,"Duke","/team/193/15204",821,"ACC",1,2019,15204
193,"Duke","/team/193/12973",821,"ACC",1,2018,12973
193,"Duke","/team/193/12560",821,"ACC",1,2017,12560
193,"Duke","/team/193/12360",821,"ACC",1,2016,12360
193,"Duke","/team/193/12080",821,"ACC",1,2015,12080
193,"Duke","/team/193/11620",821,"ACC",1,2014,11620
193,"Duke","/team/193/11320",821,"ACC",1,2013,11320
193,"Duke","/team/193/10942",821,"ACC",1,2012,10942
193,"Duke","/team/193/10561",821,"ACC",1,2011,10561
193,"Duke","/team/193/10240",821,"ACC",1,2010,10240
234,"Florida St.","/team/234/16580",821,"ACC",1,2024,16580
234,"Florida St.","/team/234/16340",821,"ACC",1,2023,16340
234,"Florida St.","/team/234/15860",821,"ACC",1,2022,15860
234,"Florida St.","/team/234/15580",821,"ACC",1,2021,15580
234,"Florida St.","/team/234/15204",821,"ACC",1,2020,15204
234,"Florida St.","/team/234/15204",821,"ACC",1,2019,15204
234,"Florida St.","/team/234/12973",821,"ACC",1,2018,12973
234,"Florida St.","/team/234/12560",821,"ACC",1,2017,12560
234,"Florida St.","/team/234/12360",821,"ACC",1,2016,12360
234,"Florida St.","/team/234/12080",821,"ACC",1,2015,12080
234,"Florida St.","/team/234/11620",821,"ACC",1,2014,11620
234,"Florida St.","/team/234/11320",821,"ACC",1,2013,11320
234,"Florida St.","/team/234/10942",821,"ACC",1,2012,10942
234,"Florida St.","/team/234/10561",821,"ACC",1,2011,10561
234,"Florida St.","/team/234/10240",821,"ACC",1,2010,10240
255,"Georgia Tech","/team/255/16580",821,"ACC",1,2024,16580
255,"Georgia Tech","/team/255/16340",821,"ACC",1,2023,16340
255,"Georgia Tech","/team/255/15860",821,"ACC",1,2022,15860
255,"Georgia Tech","/team/255/15580",821,"ACC",1,2021,15580
255,"Georgia Tech","/team/255/15204",821,"ACC",1,2020,15204
255,"Georgia Tech","/team/255/15204",821,"ACC",1,2019,15204
255,"Georgia Tech","/team/255/12973",821,"ACC",1,2018,12973
255,"Georgia Tech","/team/255/12560",821,"ACC",1,2017,12560
255,"Georgia Tech","/team/255/12360",821,"ACC",1,2016,12360
255,"Georgia Tech","/team/255/12080",821,"ACC",1,2015,12080
255,"Georgia Tech","/team/255/11620",821,"ACC",1,2014,11620
255,"Georgia Tech","/team/255/11320",821,"ACC",1,2013,11320
255,"Georgia Tech","/team/255/10942",821,"ACC",1,2012,10942
255,"Georgia Tech","/team/255/10561",821,"ACC",1,2011,10561
255,"Georgia Tech","/team/255/10240",821,"ACC",1,2010,10240
367,"Louisville","/team/367/16580",821,"ACC",1,2024,16580
367,"Louisville","/team/367/16340",821,"ACC",1,2023,16340
367,"Louisville","/team/367/15860",821,"ACC",1,2022,15860
367,"Louisville","/team/367/15580",821,"ACC",1,2021,15580
367,"Louisville","/team/367/15204",821,"ACC",1,2020,15204
367,"Louisville","/team/367/15204",821,"ACC",1,2019,15204
367,"Louisville","/team/367/12973",821,"ACC",1,2018,12973
367,"Louisville","/team/367/12560",821,"ACC",1,2017,12560
367,"Louisville","/team/367/12360",821,"ACC",1,2016,12360
367,"Louisville","/team/367/12080",821,"ACC",1,2015,12080
367,"Louisville","/team/367/11620",823,"AAC",1,2014,11620
367,"Louisville","/team/367/11320",823,"AAC",1,2013,11320
367,"Louisville","/team/367/10942",823,"AAC",1,2012,10942
367,"Louisville","/team/367/10561",823,"AAC",1,2011,10561
367,"Louisville","/team/367/10240",823,"AAC",1,2010,10240
415,"Miami (FL)","/team/415/16580",821,"ACC",1,2024,16580
415,"Miami (FL)","/team/415/16340",821,"ACC",1,2023,16340
415,"Miami (FL)","/team/415/15860",821,"ACC",1,2022,15860
415,"Miami (FL)","/team/415/15580",821,"ACC",1,2021,15580
415,"Miami (FL)","/team/415/15204",821,"ACC",1,2020,15204
415,"Miami (FL)","/team/415/15204",821,"ACC",1,2019,15204
415,"Miami (FL)","/team/415/12973",821,"ACC",1,2018,12973
415,"Miami (FL)","/team/415/12560",821,"ACC",1,2017,12560
415,"Miami (FL)","/team/415/12360",821,"ACC",1,2016,12360
415,"Miami (FL)","/team/415/12080",821,"ACC",1,2015,12080
415,"Miami (FL)","/team/415/11620",821,"ACC",1,2014,11620
415,"Miami (FL)","/team/415/11320",821,"ACC",1,2013,11320
415,"Miami (FL)","/team/415/10942",821,"ACC",1,2012,10942
415,"Miami (FL)","/team/415/10561",821,"ACC",1,2011,10561
415,"Miami (FL)","/team/415/10240",821,"ACC",1,2010,10240
414,"Miami (OH)","/team/414/16580",875,"MAC",1,2024,16580
414,"Miami (OH)","/team/414/16340",875,"MAC",1,2023,16340
414,"Miami (OH)","/team/414/15860",875,"MAC",1,2022,15860
414,"Miami (OH)","/team/414/15580",875,"MAC",1,2021,15580
414,"Miami (OH)","/team/414/15204",875,"MAC",1,2020,15204
414,"Miami (OH)","/team/414/15204",875,"MAC",1,2019,15204
414,"Miami (OH)","/team/414/12973",875,"MAC",1,2018,12973
414,"Miami (OH)","/team/414/12560",875,"MAC",1,2017,12560
414,"Miami (OH)","/team/414/12360",875,"MAC",1,2016,12360
414,"Miami (OH)","/team/414/12080",875,"MAC",1,2015,12080
414,"Miami (OH)","/team/414/11620",875,"MAC",1,2014,11620
414,"Miami (OH)","/team/414/11320",875,"MAC",1,2013,11320
414,"Miami (OH)","/team/414/10942",875,"MAC",1,2012,10942
414,"Miami (OH)","/team/414/10561",875,"MAC",1,2011,10561
414,"Miami (OH)","/team/414/10240",875,"MAC",1,2010,10240
490,"NC State","/team/490/16580",821,"ACC",1,2024,16580
490,"NC State","/team/490/16340",821,"ACC",1,2023,16340
490,"NC State","/team/490/15860",821,"ACC",1,2022,15860
490,"NC State","/team/490/15580",821,"ACC",1,2021,15580
490,"NC State","/team/490/15204",821,"ACC",1,2020,15204
490,"NC State","/team/490/15204",821,"ACC",1,2019,15204
490,"NC State","/team/490/12973",821,"ACC",1,2018,12973
490,"NC State","/team/490/12560",821,"ACC",1,2017,12560
490,"NC State","/team/490/12360",821,"ACC",1,2016,12360
490,"NC State","/team/490/12080",821,"ACC",1,2015,12080
490,"NC State","/team/490/11620",821,"ACC",1,2014,11620
490,"NC State","/team/490/11320",821,"ACC",1,2013,11320
490,"NC State","/team/490/10942",821,"ACC",1,2012,10942
490,"NC State","/team/490/10561",821,"ACC",1,2011,10561
490,"NC State","/team/490/10240",821,"ACC",1,2010,10240
457,"North Carolina","/team/457/16580",821,"ACC",1,2024,16580
457,"North Carolina","/team/457/16340",821,"ACC",1,2023,16340
457,"North Carolina","/team/457/15860",821,"ACC",1,2022,15860
457,"North Carolina","/team/457/15580",821,"ACC",1,2021,15580
457,"North Carolina","/team/457/15204",821,"ACC",1,2020,15204
457,"North Carolina","/team/457/15204",821,"ACC",1,2019,15204
457,"North Carolina","/team/457/12973",821,"ACC",1,2018,12973
457,"North Carolina","/team/457/12560",821,"ACC",1,2017,12560
457,"North Carolina","/team/457/12360",821,"ACC",1,2016,12360
457,"North Carolina","/team/457/12080",821,"ACC",1,2015,12080
457,"North Carolina","/team/457/11620",821,"ACC",1,2014,11620
457,"North Carolina","/team/457/11320",821,"ACC",1,2013,11320
457,"North Carolina","/team/457/10942",821,"ACC",1,2012,10942
457,"North Carolina","/team/457/10561",821,"ACC",1,2011,10561
457,"North Carolina","/team/457/10240",821,"ACC",1,2010,10240
513,"Notre Dame","/team/513/16580",821,"ACC",1,2024,16580
513,"Notre Dame","/team/513/16340",821,"ACC",1,2023,16340
513,"Notre Dame","/team/513/15860",821,"ACC",1,2022,15860
513,"Notre Dame","/team/513/15580",821,"ACC",1,2021,15580
513,"Notre Dame","/team/513/15204",821,"ACC",1,2020,15204
513,"Notre Dame","/team/513/15204",821,"ACC",1,2019,15204
513,"Notre Dame","/team/513/12973",821,"ACC",1,2018,12973
513,"Notre Dame","/team/513/12560",821,"ACC",1,2017,12560
513,"Notre Dame","/team/513/12360",821,"ACC",1,2016,12360
513,"Notre Dame","/team/513/12080",821,"ACC",1,2015,12080
513,"Notre Dame","/team/513/11620",821,"ACC",1,2014,11620
513,"Notre Dame","/team/513/11320",823,"AAC",1,2013,11320
513,"Notre Dame","/team/513/10942",823,"AAC",1,2012,10942
513,"Notre Dame","/team/513/10561",823,"AAC",1,2011,10561
513,"Notre Dame","/team/513/10240",823,"AAC",1,2010,10240
30126,"Notre Dame (OH)","/team/30126/16580",30183,"MEC",2,2024,16580
30126,"Notre Dame (OH)","/team/30126/16340",30183,"MEC",2,2023,16340
30126,"Notre Dame (OH)","/team/30126/15860",30183,"MEC",2,2022,15860
30126,"Notre Dame (OH)","/team/30126/15580",30183,"MEC",2,2021,15580
30126,"Notre Dame (OH)","/team/30126/15204",30183,"MEC",2,2020,15204
30126,"Notre Dame (OH)","/team/30126/14781",30183,"MEC",2,2019,14781
30126,"Notre Dame (OH)","/team/30126/12973",30183,"MEC",2,2018,12973
30126,"Notre Dame (OH)","/team/30126/12560",30183,"MEC",2,2017,12560
30126,"Notre Dame (OH)","/team/30126/12360",30183,"MEC",2,2016,12360
30126,"Notre Dame (OH)","/team/30126/12080",30183,"MEC",2,2015,12080
30126,"Notre Dame (OH)","/team/30126/11620",30183,"MEC",2,2014,11620
545,"Pittsburgh","/team/545/16580",821,"ACC",1,2024,16580
545,"Pittsburgh","/team/545/16340",821,"ACC",1,2023,16340
545,"Pittsburgh","/team/545/15860",821,"ACC",1,2022,15860
545,"Pittsburgh","/team/545/15580",821,"ACC",1,2021,15580
545,"Pittsburgh","/team/545/15204",821,"ACC",1,2020,15204
545,"Pittsburgh","/team/545/15204",821,"ACC",1,2019,15204
545,"Pittsburgh","/team/545/12973",821,"ACC",1,2018,12973
545,"Pittsburgh","/team/545/12560",821,"ACC",1,2017,12560
545,"Pittsburgh","/team/545/12360",821,"ACC",1,2016,12360
545,"Pittsburgh","/team/545/12080",821,"ACC",1,2015,12080
545,"Pittsburgh","/team/545/11620",821,"ACC",1,2014,11620
545,"Pittsburgh","/team/545/11320",823,"AAC",1,2013,11320
545,"Pittsburgh","/team/545/10942",823,"AAC",1,2012,10942
545,"Pittsburgh","/team/545/10561",823,"AAC",1,2011,10561
545,"Pittsburgh","/team/545/10240",823,"AAC",1,2010,10240
746,"Virginia","/team/746/16580",821,"ACC",1,2024,16580
746,"Virginia","/team/746/16340",821,"ACC",1,2023,16340
746,"Virginia","/team/746/15860",821,"ACC",1,2022,15860
746,"Virginia","/team/746/15580",821,"ACC",1,2021,15580
746,"Virginia","/team/746/15204",821,"ACC",1,2020,15204
746,"Virginia","/team/746/15204",821,"ACC",1,2019,15204
746,"Virginia","/team/746/12973",821,"ACC",1,2018,12973
746,"Virginia","/team/746/12560",821,"ACC",1,2017,12560
746,"Virginia","/team/746/12360",821,"ACC",1,2016,12360
746,"Virginia","/team/746/12080",821,"ACC",1,2015,12080
746,"Virginia","/team/746/11620",821,"ACC",1,2014,11620
746,"Virginia","/team/746/11320",821,"ACC",1,2013,11320
746,"Virginia","/team/746/10942",821,"ACC",1,2012,10942
746,"Virginia","/team/746/10561",821,"ACC",1,2011,10561
746,"Virginia","/team/746/10240",821,"ACC",1,2010,10240
742,"Virginia Tech","/team/742/16580",821,"ACC",1,2024,16580
742,"Virginia Tech","/team/742/16340",821,"ACC",1,2023,16340
742,"Virginia Tech","/team/742/15860",821,"ACC",1,2022,15860
742,"Virginia Tech","/team/742/15580",821,"ACC",1,2021,15580
742,"Virginia Tech","/team/742/15204",821,"ACC",1,2020,15204
742,"Virginia Tech","/team/742/15204",821,"ACC",1,2019,15204
742,"Virginia Tech","/team/742/12973",821,"ACC",1,2018,12973
742,"Virginia Tech","/team/742/12560",821,"ACC",1,2017,12560
742,"Virginia Tech","/team/742/12360",821,"ACC",1,2016,12360
742,"Virginia Tech","/team/742/12080",821,"ACC",1,2015,12080
742,"Virginia Tech","/team/742/11620",821,"ACC",1,2014,11620
742,"Virginia Tech","/team/742/11320",821,"ACC",1,2013,11320
742,"Virginia Tech","/team/742/10942",821,"ACC",1,2012,10942
742,"Virginia Tech","/team/742/10561",821,"ACC",1,2011,10561
742,"Virginia Tech","/team/742/10240",821,"ACC",1,2010,10240
768,"West Virginia","/team/768/16580",25354,"Big 12",1,2024,16580
768,"West Virginia","/team/768/16340",25354,"Big 12",1,2023,16340
768,"West Virginia","/team/768/15860",25354,"Big 12",1,2022,15860
768,"West Virginia","/team/768/15580",25354,"Big 12",1,2021,15580
768,"West Virginia","/team/768/15204",25354,"Big 12",1,2020,15204
768,"West Virginia","/team/768/15204",25354,"Big 12",1,2019,15204
768,"West Virginia","/team/768/12973",25354,"Big 12",1,2018,12973
768,"West Virginia","/team/768/12560",25354,"Big 12",1,2017,12560
768,"West Virginia","/team/768/12360",25354,"Big 12",1,2016,12360
768,"West Virginia","/team/768/12080",25354,"Big 12",1,2015,12080
768,"West Virginia","/team/768/11620",25354,"Big 12",1,2014,11620
768,"West Virginia","/team/768/11320",25354,"Big 12",1,2013,11320
768,"West Virginia","/team/768/10942",823,"AAC",1,2012,10942
768,"West Virginia","/team/768/10561",823,"AAC",1,2011,10561
768,"West Virginia","/team/768/10240",823,"AAC",1,2010,10240
743,"Virginia St.","/team/743/16580",99010,"DII Independent",2,2024,16580
743,"Virginia St.","/team/743/16340",99010,"DII Independent",2,2023,16340
743,"Virginia St.","/team/743/15860",99010,"DII Independent",2,2022,15860
743,"Virginia St.","/team/743/15580",99010,"DII Independent",2,2021,15580
743,"Virginia St.","/team/743/15204",99010,"DII Independent",2,2020,15204
743,"Virginia St.","/team/743/14781",99010,"DII Independent",2,2019,14781
743,"Virginia St.","/team/743/12973",99010,"DII Independent",2,2018,12973
743,"Virginia St.","/team/743/12560",832,"CIAA",2,2017,12560
743,"Virginia St.","/team/743/12360",832,"CIAA",2,2016,12360
743,"Virginia St.","/team/743/12080",832,"CIAA",2,2015,12080
743,"Virginia St.","/team/743/11620",832,"CIAA",2,2014,11620
743,"Virginia St.","/team/743/11320",832,"CIAA",2,2013,11320
743,"Virginia St.","/team/743/10942",832,"CIAA",2,2012,10942
743,"Virginia St.","/team/743/10561",832,"CIAA",2,2011,10561
743,"Virginia St.","/team/743/10240",832,"CIAA",2,2010,10240
1439,"West Virginia St.","/team/1439/16580",30183,"MEC",2,2024,16580
1439,"West Virginia St.","/team/1439/16340",30183,"MEC",2,2023,16340
1439,"West Virginia St.","/team/1439/15860",30183,"MEC",2,2022,15860
1439,"West Virginia St.","/team/1439/15580",30183,"MEC",2,2021,15580
1439,"West Virginia St.","/team/1439/15204",30183,"MEC",2,2020,15204
1439,"West Virginia St.","/team/1439/14781",30183,"MEC",2,2019,14781
1439,"West Virginia St.","/team/1439/12973",30183,"MEC",2,2018,12973
1439,"West Virginia St.","/team/1439/12560",30183,"MEC",2,2017,12560
1439,"West Virginia St.","/team/1439/12360",30183,"MEC",2,2016,12360
1439,"West Virginia St.","/team/1439/12080",30183,"MEC",2,2015,12080
1439,"West Virginia St.","/team/1439/11620",30183,"MEC",2,2014,11620
1439,"West Virginia St.","/team/1439/11320",21344,"WVIAC",2,2013,11320
1439,"West Virginia St.","/team/1439/10942",21344,"WVIAC",2,2012,10942
1439,"West Virginia St.","/team/1439/10561",21344,"WVIAC",2,2011,10561
1439,"West Virginia St.","/team/1439/10240",21344,"WVIAC",2,2010,10240
742,"Virginia Tech","/team/742/16580",821,"ACC",1,2024,16580
742,"Virginia Tech","/team/742/16340",821,"ACC",1,2023,16340
742,"Virginia Tech","/team/742/15860",821,"ACC",1,2022,15860
742,"Virginia Tech","/team/742/15580",821,"ACC",1,2021,15580
742,"Virginia Tech","/team/742/15204",821,"ACC",1,2020,15204
742,"Virginia Tech","/team/742/15204",821,"ACC",1,2019,15204
742,"Virginia Tech","/team/742/12973",821,"ACC",1,2018,12973
742,"Virginia Tech","/team/742/12560",821,"ACC",1,2017,12560
742,"Virginia Tech","/team/742/12360",821,"ACC",1,2016,12360
742,"Virginia Tech","/team/742/12080",821,"ACC",1,2015,12080
742,"Virginia Tech","/team/742/11620",821,"ACC",1,2014,11620
742,"Virginia Tech","/team/742/11320",821,"ACC",1,2013,11320
742,"Virginia Tech","/team/742/10942",821,"ACC",1,2012,10942
742,"Virginia Tech","/team/742/10561",821,"ACC",1,2011,10561
742,"Virginia Tech","/team/742/10240",821,"ACC",1,2010,10240
749,"Wake Forest","/team/749/16580",821,"ACC",1,2024,16580
749,"Wake Forest","/team/749/16340",821,"ACC",1,2023,16340
749,"Wake Forest","/team/749/15860",821,"ACC",1,2022,15860
749,"Wake Forest","/team/749/15580",821,"ACC",1,2021,15580
749,"Wake Forest","/team/749/15204",821,"ACC",1,2020,15204
749,"Wake Forest","/team/749/15204",821,"ACC",1,2019,15204
749,"Wake Forest","/team/749/12973",821,"ACC",1,2018,12973
749,"Wake Forest","/team/749/12560",821,"ACC",1,2017,12560
749,"Wake Forest","/team/749/12360",821,"ACC",1,2016,12360
749,"Wake Forest","/team/749/12080",821,"ACC",1,2015,12080
749,"Wake Forest","/team/749/11620",821,"ACC",1,2014,11620
749,"Wake Forest","/team/749/11320",821,"ACC",1,2013,11320
749,"Wake Forest","/team/749/10942",821,"ACC",1,2012,10942
749,"Wake Forest","/team/749/10561",821,"ACC",1,2011,10561
749,"Wake Forest","/team/749/10240",821,"ACC",1,2010,10240
52,"Bellarmine","/team/52/16580",920,"ASUN",1,2024,16580
52,"Bellarmine","/team/52/16340",920,"ASUN",1,2023,16340
52,"Bellarmine","/team/52/15860",920,"ASUN",1,2022,15860
52,"Bellarmine","/team/52/15580",920,"ASUN",1,2021,15580
52,"Bellarmine","/team/52/15204",855,"GLVC",2,2020,15204
52,"Bellarmine","/team/52/14781",855,"GLVC",2,2019,14781
52,"Bellarmine","/team/52/12973",855,"GLVC",2,2018,12973
52,"Bellarmine","/team/52/12560",855,"GLVC",2,2017,12560
52,"Bellarmine","/team/52/12360",855,"GLVC",2,2016,12360
52,"Bellarmine","/team/52/12080",855,"GLVC",2,2015,12080
52,"Bellarmine","/team/52/11620",855,"GLVC",2,2014,11620
52,"Bellarmine","/team/52/11320",855,"GLVC",2,2013,11320
52,"Bellarmine","/team/52/10942",855,"GLVC",2,2012,10942
52,"Bellarmine","/team/52/10561",855,"GLVC",2,2011,10561
52,"Bellarmine","/team/52/10240",855,"GLVC",2,2010,10240
28755,"FGCU","/team/28755/16580",920,"ASUN",1,2024,16580
28755,"FGCU","/team/28755/16340",920,"ASUN",1,2023,16340
28755,"FGCU","/team/28755/15860",920,"ASUN",1,2022,15860
28755,"FGCU","/team/28755/15580",920,"ASUN",1,2021,15580
28755,"FGCU","/team/28755/15204",920,"ASUN",1,2020,15204
28755,"FGCU","/team/28755/15204",920,"ASUN",1,2019,15204
28755,"FGCU","/team/28755/12973",920,"ASUN",1,2018,12973
28755,"FGCU","/team/28755/12560",920,"ASUN",1,2017,12560
28755,"FGCU","/team/28755/12360",920,"ASUN",1,2016,12360
28755,"FGCU","/team/28755/12080",920,"ASUN",1,2015,12080
28755,"FGCU","/team/28755/11620",920,"ASUN",1,2014,11620
28755,"FGCU","/team/28755/11320",920,"ASUN",1,2013,11320
28755,"FGCU","/team/28755/10942",920,"ASUN",1,2012,10942
28755,"FGCU","/team/28755/10561",920,"ASUN",1,2011,10561
28755,"FGCU","/team/28755/10240",920,"ASUN",1,2010,10240
316,"Jacksonville","/team/316/16580",920,"ASUN",1,2024,16580
316,"Jacksonville","/team/316/16340",920,"ASUN",1,2023,16340
316,"Jacksonville","/team/316/15860",920,"ASUN",1,2022,15860
316,"Jacksonville","/team/316/15580",920,"ASUN",1,2021,15580
316,"Jacksonville","/team/316/15204",920,"ASUN",1,2020,15204
316,"Jacksonville","/team/316/15204",920,"ASUN",1,2019,15204
316,"Jacksonville","/team/316/12973",920,"ASUN",1,2018,12973
316,"Jacksonville","/team/316/12560",920,"ASUN",1,2017,12560
316,"Jacksonville","/team/316/12360",920,"ASUN",1,2016,12360
316,"Jacksonville","/team/316/12080",920,"ASUN",1,2015,12080
316,"Jacksonville","/team/316/11620",920,"ASUN",1,2014,11620
316,"Jacksonville","/team/316/11320",920,"ASUN",1,2013,11320
316,"Jacksonville","/team/316/10942",920,"ASUN",1,2012,10942
316,"Jacksonville","/team/316/10561",920,"ASUN",1,2011,10561
316,"Jacksonville","/team/316/10240",920,"ASUN",1,2010,10240
315,"Jacksonville St.","/team/315/16580",24312,"CUSA",1,2024,16580
315,"Jacksonville St.","/team/315/16340",920,"ASUN",1,2023,16340
315,"Jacksonville St.","/team/315/15860",920,"ASUN",1,2022,15860
315,"Jacksonville St.","/team/315/15580",902,"OVC",1,2021,15580
315,"Jacksonville St.","/team/315/15204",902,"OVC",1,2020,15204
315,"Jacksonville St.","/team/315/15204",902,"OVC",1,2019,15204
315,"Jacksonville St.","/team/315/12973",902,"OVC",1,2018,12973
315,"Jacksonville St.","/team/315/12560",902,"OVC",1,2017,12560
315,"Jacksonville St.","/team/315/12360",902,"OVC",1,2016,12360
315,"Jacksonville St.","/team/315/12080",902,"OVC",1,2015,12080
315,"Jacksonville St.","/team/315/11620",902,"OVC",1,2014,11620
315,"Jacksonville St.","/team/315/11320",902,"OVC",1,2013,11320
315,"Jacksonville St.","/team/315/10942",902,"OVC",1,2012,10942
315,"Jacksonville St.","/team/315/10561",902,"OVC",1,2011,10561
315,"Jacksonville St.","/team/315/10240",902,"OVC",1,2010,10240
1157,"Kennesaw St.","/team/1157/16580",920,"ASUN",1,2024,16580
1157,"Kennesaw St.","/team/1157/16340",920,"ASUN",1,2023,16340
1157,"Kennesaw St.","/team/1157/15860",920,"ASUN",1,2022,15860
1157,"Kennesaw St.","/team/1157/15580",920,"ASUN",1,2021,15580
1157,"Kennesaw St.","/team/1157/15204",920,"ASUN",1,2020,15204
1157,"Kennesaw St.","/team/1157/15204",920,"ASUN",1,2019,15204
1157,"Kennesaw St.","/team/1157/12973",920,"ASUN",1,2018,12973
1157,"Kennesaw St.","/team/1157/12560",920,"ASUN",1,2017,12560
1157,"Kennesaw St.","/team/1157/12360",920,"ASUN",1,2016,12360
1157,"Kennesaw St.","/team/1157/12080",920,"ASUN",1,2015,12080
1157,"Kennesaw St.","/team/1157/11620",920,"ASUN",1,2014,11620
1157,"Kennesaw St.","/team/1157/11320",920,"ASUN",1,2013,11320
1157,"Kennesaw St.","/team/1157/10942",920,"ASUN",1,2012,10942
1157,"Kennesaw St.","/team/1157/10561",920,"ASUN",1,2011,10561
1157,"Kennesaw St.","/team/1157/10240",920,"ASUN",1,2010,10240
355,"Liberty","/team/355/16580",24312,"CUSA",1,2024,16580
355,"Liberty","/team/355/16340",920,"ASUN",1,2023,16340
355,"Liberty","/team/355/15860",920,"ASUN",1,2022,15860
355,"Liberty","/team/355/15580",920,"ASUN",1,2021,15580
355,"Liberty","/team/355/15204",920,"ASUN",1,2020,15204
355,"Liberty","/team/355/15204",920,"ASUN",1,2019,15204
355,"Liberty","/team/355/12973",826,"Big South",1,2018,12973
355,"Liberty","/team/355/12560",826,"Big South",1,2017,12560
355,"Liberty","/team/355/12360",826,"Big South",1,2016,12360
355,"Liberty","/team/355/12080",826,"Big South",1,2015,12080
355,"Liberty","/team/355/11620",826,"Big South",1,2014,11620
355,"Liberty","/team/355/11320",826,"Big South",1,2013,11320
355,"Liberty","/team/355/10942",826,"Big South",1,2012,10942
355,"Liberty","/team/355/10561",826,"Big South",1,2011,10561
355,"Liberty","/team/355/10240",826,"Big South",1,2010,10240
1438,"West Liberty","/team/1438/16580",30183,"MEC",2,2024,16580
1438,"West Liberty","/team/1438/16340",30183,"MEC",2,2023,16340
1438,"West Liberty","/team/1438/15860",30183,"MEC",2,2022,15860
1438,"West Liberty","/team/1438/15580",30183,"MEC",2,2021,15580
1438,"West Liberty","/team/1438/15204",30183,"MEC",2,2020,15204
1438,"West Liberty","/team/1438/14781",30183,"MEC",2,2019,14781
1438,"West Liberty","/team/1438/12973",30183,"MEC",2,2018,12973
1438,"West Liberty","/team/1438/12560",30183,"MEC",2,2017,12560
1438,"West Liberty","/team/1438/12360",30183,"MEC",2,2016,12360
1438,"West Liberty","/team/1438/12080",30183,"MEC",2,2015,12080
1438,"West Liberty","/team/1438/11620",30183,"MEC",2,2014,11620
1438,"West Liberty","/team/1438/11320",21344,"WVIAC",2,2013,11320
1438,"West Liberty","/team/1438/10942",21344,"WVIAC",2,2012,10942
1438,"West Liberty","/team/1438/10561",21344,"WVIAC",2,2011,10561
1438,"West Liberty","/team/1438/10240",21344,"WVIAC",2,2010,10240
28600,"Lipscomb","/team/28600/16580",920,"ASUN",1,2024,16580
28600,"Lipscomb","/team/28600/16340",920,"ASUN",1,2023,16340
28600,"Lipscomb","/team/28600/15860",920,"ASUN",1,2022,15860
28600,"Lipscomb","/team/28600/15580",920,"ASUN",1,2021,15580
28600,"Lipscomb","/team/28600/15204",920,"ASUN",1,2020,15204
28600,"Lipscomb","/team/28600/15204",920,"ASUN",1,2019,15204
28600,"Lipscomb","/team/28600/12973",920,"ASUN",1,2018,12973
28600,"Lipscomb","/team/28600/12560",920,"ASUN",1,2017,12560
28600,"Lipscomb","/team/28600/12360",920,"ASUN",1,2016,12360
28600,"Lipscomb","/team/28600/12080",920,"ASUN",1,2015,12080
28600,"Lipscomb","/team/28600/11620",920,"ASUN",1,2014,11620
28600,"Lipscomb","/team/28600/11320",920,"ASUN",1,2013,11320
28600,"Lipscomb","/team/28600/10942",920,"ASUN",1,2012,10942
28600,"Lipscomb","/team/28600/10561",920,"ASUN",1,2011,10561
28600,"Lipscomb","/team/28600/10240",920,"ASUN",1,2010,10240
487,"North Ala.","/team/487/16580",920,"ASUN",1,2024,16580
487,"North Ala.","/team/487/16340",920,"ASUN",1,2023,16340
487,"North Ala.","/team/487/15860",920,"ASUN",1,2022,15860
487,"North Ala.","/team/487/15580",920,"ASUN",1,2021,15580
487,"North Ala.","/team/487/15204",920,"ASUN",1,2020,15204
487,"North Ala.","/team/487/15204",920,"ASUN",1,2019,15204
487,"North Ala.","/team/487/12973",858,"Gulf South",2,2018,12973
487,"North Ala.","/team/487/12560",858,"Gulf South",2,2017,12560
487,"North Ala.","/team/487/12360",858,"Gulf South",2,2016,12360
487,"North Ala.","/team/487/12080",858,"Gulf South",2,2015,12080
487,"North Ala.","/team/487/11620",858,"Gulf South",2,2014,11620
487,"North Ala.","/team/487/11320",858,"Gulf South",2,2013,11320
487,"North Ala.","/team/487/10942",858,"Gulf South",2,2012,10942
487,"North Ala.","/team/487/10561",858,"Gulf South",2,2011,10561
487,"North Ala.","/team/487/10240",858,"Gulf South",2,2010,10240
2711,"North Florida","/team/2711/16580",920,"ASUN",1,2024,16580
2711,"North Florida","/team/2711/16340",920,"ASUN",1,2023,16340
2711,"North Florida","/team/2711/15860",920,"ASUN",1,2022,15860
2711,"North Florida","/team/2711/15580",920,"ASUN",1,2021,15580
2711,"North Florida","/team/2711/15204",920,"ASUN",1,2020,15204
2711,"North Florida","/team/2711/15204",920,"ASUN",1,2019,15204
2711,"North Florida","/team/2711/12973",920,"ASUN",1,2018,12973
2711,"North Florida","/team/2711/12560",920,"ASUN",1,2017,12560
2711,"North Florida","/team/2711/12360",920,"ASUN",1,2016,12360
2711,"North Florida","/team/2711/12080",920,"ASUN",1,2015,12080
2711,"North Florida","/team/2711/11620",920,"ASUN",1,2014,11620
2711,"North Florida","/team/2711/11320",920,"ASUN",1,2013,11320
2711,"North Florida","/team/2711/10942",920,"ASUN",1,2012,10942
2711,"North Florida","/team/2711/10561",920,"ASUN",1,2011,10561
2711,"North Florida","/team/2711/10240",920,"ASUN",1,2010,10240
678,"Stetson","/team/678/16580",920,"ASUN",1,2024,16580
678,"Stetson","/team/678/16340",920,"ASUN",1,2023,16340
678,"Stetson","/team/678/15860",920,"ASUN",1,2022,15860
678,"Stetson","/team/678/15580",920,"ASUN",1,2021,15580
678,"Stetson","/team/678/15204",920,"ASUN",1,2020,15204
678,"Stetson","/team/678/15204",920,"ASUN",1,2019,15204
678,"Stetson","/team/678/12973",920,"ASUN",1,2018,12973
678,"Stetson","/team/678/12560",920,"ASUN",1,2017,12560
678,"Stetson","/team/678/12360",920,"ASUN",1,2016,12360
678,"Stetson","/team/678/12080",920,"ASUN",1,2015,12080
678,"Stetson","/team/678/11620",920,"ASUN",1,2014,11620
678,"Stetson","/team/678/11320",920,"ASUN",1,2013,11320
678,"Stetson","/team/678/10942",920,"ASUN",1,2012,10942
678,"Stetson","/team/678/10561",920,"ASUN",1,2011,10561
678,"Stetson","/team/678/10240",920,"ASUN",1,2010,10240
62,"Binghamton","/team/62/16580",845,"America East",1,2024,16580
62,"Binghamton","/team/62/16340",845,"America East",1,2023,16340
62,"Binghamton","/team/62/15860",845,"America East",1,2022,15860
62,"Binghamton","/team/62/15580",845,"America East",1,2021,15580
62,"Binghamton","/team/62/15204",845,"America East",1,2020,15204
62,"Binghamton","/team/62/15204",845,"America East",1,2019,15204
62,"Binghamton","/team/62/12973",845,"America East",1,2018,12973
62,"Binghamton","/team/62/12560",845,"America East",1,2017,12560
62,"Binghamton","/team/62/12360",845,"America East",1,2016,12360
62,"Binghamton","/team/62/12080",845,"America East",1,2015,12080
62,"Binghamton","/team/62/11620",845,"America East",1,2014,11620
62,"Binghamton","/team/62/11320",845,"America East",1,2013,11320
62,"Binghamton","/team/62/10942",845,"America East",1,2012,10942
62,"Binghamton","/team/62/10561",845,"America East",1,2011,10561
62,"Binghamton","/team/62/10240",845,"America East",1,2010,10240
272,"Hartford","/team/272/16340",99000,"DI Independent",1,2023,16340
272,"Hartford","/team/272/15860",845,"America East",1,2022,15860
272,"Hartford","/team/272/15580",845,"America East",1,2021,15580
272,"Hartford","/team/272/15204",845,"America East",1,2020,15204
272,"Hartford","/team/272/15204",845,"America East",1,2019,15204
272,"Hartford","/team/272/12973",845,"America East",1,2018,12973
272,"Hartford","/team/272/12560",845,"America East",1,2017,12560
272,"Hartford","/team/272/12360",845,"America East",1,2016,12360
272,"Hartford","/team/272/12080",845,"America East",1,2015,12080
272,"Hartford","/team/272/11620",845,"America East",1,2014,11620
272,"Hartford","/team/272/11320",845,"America East",1,2013,11320
272,"Hartford","/team/272/10942",845,"America East",1,2012,10942
272,"Hartford","/team/272/10561",845,"America East",1,2011,10561
272,"Hartford","/team/272/10240",845,"America East",1,2010,10240
272,"Hartford","/team/272/16580",99020,"DIII Independent",3,2024,16580
380,"Maine","/team/380/16580",845,"America East",1,2024,16580
380,"Maine","/team/380/16340",845,"America East",1,2023,16340
380,"Maine","/team/380/15860",845,"America East",1,2022,15860
380,"Maine","/team/380/15580",845,"America East",1,2021,15580
380,"Maine","/team/380/15204",845,"America East",1,2020,15204
380,"Maine","/team/380/15204",845,"America East",1,2019,15204
380,"Maine","/team/380/12973",845,"America East",1,2018,12973
380,"Maine","/team/380/12560",845,"America East",1,2017,12560
380,"Maine","/team/380/12360",845,"America East",1,2016,12360
380,"Maine","/team/380/12080",845,"America East",1,2015,12080
380,"Maine","/team/380/11620",845,"America East",1,2014,11620
380,"Maine","/team/380/11320",845,"America East",1,2013,11320
380,"Maine","/team/380/10942",845,"America East",1,2012,10942
380,"Maine","/team/380/10561",845,"America East",1,2011,10561
380,"Maine","/team/380/10240",845,"America East",1,2010,10240
471,"NJIT","/team/471/16580",845,"America East",1,2024,16580
471,"NJIT","/team/471/16340",845,"America East",1,2023,16340
471,"NJIT","/team/471/15860",845,"America East",1,2022,15860
471,"NJIT","/team/471/15580",845,"America East",1,2021,15580
471,"NJIT","/team/471/15204",920,"ASUN",1,2020,15204
471,"NJIT","/team/471/15204",920,"ASUN",1,2019,15204
471,"NJIT","/team/471/12973",920,"ASUN",1,2018,12973
471,"NJIT","/team/471/12560",920,"ASUN",1,2017,12560
471,"NJIT","/team/471/12360",920,"ASUN",1,2016,12360
471,"NJIT","/team/471/12080",0,"Independent",1,2015,12080
471,"NJIT","/team/471/11320",30156,"GWC",1,2013,11320
471,"NJIT","/team/471/10942",30062,"GWC",1,2012,10942
471,"NJIT","/team/471/10561",30062,"GWC",1,2011,10561
471,"NJIT","/team/471/10240",30062,"GWC",1,2010,10240
471,"NJIT","/team/471/12080",0,"Independent",2,2015,12080
683,"Stony Brook","/team/683/16580",837,"CAA",1,2024,16580
683,"Stony Brook","/team/683/16340",837,"CAA",1,2023,16340
683,"Stony Brook","/team/683/15860",845,"America East",1,2022,15860
683,"Stony Brook","/team/683/15580",845,"America East",1,2021,15580
683,"Stony Brook","/team/683/15204",845,"America East",1,2020,15204
683,"Stony Brook","/team/683/15204",845,"America East",1,2019,15204
683,"Stony Brook","/team/683/12973",845,"America East",1,2018,12973
683,"Stony Brook","/team/683/12560",845,"America East",1,2017,12560
683,"Stony Brook","/team/683/12360",845,"America East",1,2016,12360
683,"Stony Brook","/team/683/12080",845,"America East",1,2015,12080
683,"Stony Brook","/team/683/11620",845,"America East",1,2014,11620
683,"Stony Brook","/team/683/11320",845,"America East",1,2013,11320
683,"Stony Brook","/team/683/10942",845,"America East",1,2012,10942
683,"Stony Brook","/team/683/10561",845,"America East",1,2011,10561
683,"Stony Brook","/team/683/10240",845,"America East",1,2010,10240
14,"UAlbany","/team/14/16580",845,"America East",1,2024,16580
14,"UAlbany","/team/14/16340",845,"America East",1,2023,16340
14,"UAlbany","/team/14/15860",845,"America East",1,2022,15860
14,"UAlbany","/team/14/15580",845,"America East",1,2021,15580
14,"UAlbany","/team/14/15204",845,"America East",1,2020,15204
14,"UAlbany","/team/14/15204",845,"America East",1,2019,15204
14,"UAlbany","/team/14/12973",845,"America East",1,2018,12973
14,"UAlbany","/team/14/12560",845,"America East",1,2017,12560
14,"UAlbany","/team/14/12360",845,"America East",1,2016,12360
14,"UAlbany","/team/14/12080",845,"America East",1,2015,12080
14,"UAlbany","/team/14/11620",845,"America East",1,2014,11620
14,"UAlbany","/team/14/11320",845,"America East",1,2013,11320
14,"UAlbany","/team/14/10942",845,"America East",1,2012,10942
14,"UAlbany","/team/14/10561",845,"America East",1,2011,10561
14,"UAlbany","/team/14/10240",845,"America East",1,2010,10240
391,"UMBC","/team/391/16580",845,"America East",1,2024,16580
391,"UMBC","/team/391/16340",845,"America East",1,2023,16340
391,"UMBC","/team/391/15860",845,"America East",1,2022,15860
391,"UMBC","/team/391/15580",845,"America East",1,2021,15580
391,"UMBC","/team/391/15204",845,"America East",1,2020,15204
391,"UMBC","/team/391/15204",845,"America East",1,2019,15204
391,"UMBC","/team/391/12973",845,"America East",1,2018,12973
391,"UMBC","/team/391/12560",845,"America East",1,2017,12560
391,"UMBC","/team/391/12360",845,"America East",1,2016,12360
391,"UMBC","/team/391/12080",845,"America East",1,2015,12080
391,"UMBC","/team/391/11620",845,"America East",1,2014,11620
391,"UMBC","/team/391/11320",845,"America East",1,2013,11320
391,"UMBC","/team/391/10942",845,"America East",1,2012,10942
391,"UMBC","/team/391/10561",845,"America East",1,2011,10561
391,"UMBC","/team/391/10240",845,"America East",1,2010,10240
368,"UMass Lowell","/team/368/16580",845,"America East",1,2024,16580
368,"UMass Lowell","/team/368/16340",845,"America East",1,2023,16340
368,"UMass Lowell","/team/368/15860",845,"America East",1,2022,15860
368,"UMass Lowell","/team/368/15580",845,"America East",1,2021,15580
368,"UMass Lowell","/team/368/15204",845,"America East",1,2020,15204
368,"UMass Lowell","/team/368/15204",845,"America East",1,2019,15204
368,"UMass Lowell","/team/368/12973",845,"America East",1,2018,12973
368,"UMass Lowell","/team/368/12560",845,"America East",1,2017,12560
368,"UMass Lowell","/team/368/12360",845,"America East",1,2016,12360
368,"UMass Lowell","/team/368/12080",845,"America East",1,2015,12080
368,"UMass Lowell","/team/368/11620",845,"America East",1,2014,11620
368,"UMass Lowell","/team/368/11320",899,"NE10",2,2013,11320
368,"UMass Lowell","/team/368/10942",899,"NE10",2,2012,10942
368,"UMass Lowell","/team/368/10561",899,"NE10",2,2011,10561
368,"UMass Lowell","/team/368/10240",899,"NE10",2,2010,10240
173,"Davidson","/team/173/16580",820,"Atlantic 10",1,2024,16580
173,"Davidson","/team/173/16340",820,"Atlantic 10",1,2023,16340
173,"Davidson","/team/173/15860",820,"Atlantic 10",1,2022,15860
173,"Davidson","/team/173/15580",820,"Atlantic 10",1,2021,15580
173,"Davidson","/team/173/15204",820,"Atlantic 10",1,2020,15204
173,"Davidson","/team/173/15204",820,"Atlantic 10",1,2019,15204
173,"Davidson","/team/173/12973",820,"Atlantic 10",1,2018,12973
173,"Davidson","/team/173/12560",820,"Atlantic 10",1,2017,12560
173,"Davidson","/team/173/12360",820,"Atlantic 10",1,2016,12360
173,"Davidson","/team/173/12080",820,"Atlantic 10",1,2015,12080
173,"Davidson","/team/173/11620",912,"SoCon",1,2014,11620
173,"Davidson","/team/173/11320",912,"SoCon",1,2013,11320
173,"Davidson","/team/173/10942",912,"SoCon",1,2012,10942
173,"Davidson","/team/173/10561",912,"SoCon",1,2011,10561
173,"Davidson","/team/173/10240",912,"SoCon",1,2010,10240
175,"Dayton","/team/175/16580",820,"Atlantic 10",1,2024,16580
175,"Dayton","/team/175/16340",820,"Atlantic 10",1,2023,16340
175,"Dayton","/team/175/15860",820,"Atlantic 10",1,2022,15860
175,"Dayton","/team/175/15580",820,"Atlantic 10",1,2021,15580
175,"Dayton","/team/175/15204",820,"Atlantic 10",1,2020,15204
175,"Dayton","/team/175/15204",820,"Atlantic 10",1,2019,15204
175,"Dayton","/team/175/12973",820,"Atlantic 10",1,2018,12973
175,"Dayton","/team/175/12560",820,"Atlantic 10",1,2017,12560
175,"Dayton","/team/175/12360",820,"Atlantic 10",1,2016,12360
175,"Dayton","/team/175/12080",820,"Atlantic 10",1,2015,12080
175,"Dayton","/team/175/11620",820,"Atlantic 10",1,2014,11620
175,"Dayton","/team/175/11320",820,"Atlantic 10",1,2013,11320
175,"Dayton","/team/175/10942",820,"Atlantic 10",1,2012,10942
175,"Dayton","/team/175/10561",820,"Atlantic 10",1,2011,10561
175,"Dayton","/team/175/10240",820,"Atlantic 10",1,2010,10240
236,"Fordham","/team/236/16580",820,"Atlantic 10",1,2024,16580
236,"Fordham","/team/236/16340",820,"Atlantic 10",1,2023,16340
236,"Fordham","/team/236/15860",820,"Atlantic 10",1,2022,15860
236,"Fordham","/team/236/15580",820,"Atlantic 10",1,2021,15580
236,"Fordham","/team/236/15204",820,"Atlantic 10",1,2020,15204
236,"Fordham","/team/236/15204",820,"Atlantic 10",1,2019,15204
236,"Fordham","/team/236/12973",820,"Atlantic 10",1,2018,12973
236,"Fordham","/team/236/12560",820,"Atlantic 10",1,2017,12560
236,"Fordham","/team/236/12360",820,"Atlantic 10",1,2016,12360
236,"Fordham","/team/236/12080",820,"Atlantic 10",1,2015,12080
236,"Fordham","/team/236/11620",820,"Atlantic 10",1,2014,11620
236,"Fordham","/team/236/11320",820,"Atlantic 10",1,2013,11320
236,"Fordham","/team/236/10942",820,"Atlantic 10",1,2012,10942
236,"Fordham","/team/236/10561",820,"Atlantic 10",1,2011,10561
236,"Fordham","/team/236/10240",820,"Atlantic 10",1,2010,10240
248,"George Mason","/team/248/16580",820,"Atlantic 10",1,2024,16580
248,"George Mason","/team/248/16340",820,"Atlantic 10",1,2023,16340
248,"George Mason","/team/248/15860",820,"Atlantic 10",1,2022,15860
248,"George Mason","/team/248/15580",820,"Atlantic 10",1,2021,15580
248,"George Mason","/team/248/15204",820,"Atlantic 10",1,2020,15204
248,"George Mason","/team/248/15204",820,"Atlantic 10",1,2019,15204
248,"George Mason","/team/248/12973",820,"Atlantic 10",1,2018,12973
248,"George Mason","/team/248/12560",820,"Atlantic 10",1,2017,12560
248,"George Mason","/team/248/12360",820,"Atlantic 10",1,2016,12360
248,"George Mason","/team/248/12080",820,"Atlantic 10",1,2015,12080
248,"George Mason","/team/248/11620",820,"Atlantic 10",1,2014,11620
248,"George Mason","/team/248/11320",837,"CAA",1,2013,11320
248,"George Mason","/team/248/10942",837,"CAA",1,2012,10942
248,"George Mason","/team/248/10561",837,"CAA",1,2011,10561
248,"George Mason","/team/248/10240",837,"CAA",1,2010,10240
249,"George Washington","/team/249/16580",820,"Atlantic 10",1,2024,16580
249,"George Washington","/team/249/16340",820,"Atlantic 10",1,2023,16340
249,"George Washington","/team/249/15860",820,"Atlantic 10",1,2022,15860
249,"George Washington","/team/249/15580",820,"Atlantic 10",1,2021,15580
249,"George Washington","/team/249/15204",820,"Atlantic 10",1,2020,15204
249,"George Washington","/team/249/15204",820,"Atlantic 10",1,2019,15204
249,"George Washington","/team/249/12973",820,"Atlantic 10",1,2018,12973
249,"George Washington","/team/249/12560",820,"Atlantic 10",1,2017,12560
249,"George Washington","/team/249/12360",820,"Atlantic 10",1,2016,12360
249,"George Washington","/team/249/12080",820,"Atlantic 10",1,2015,12080
249,"George Washington","/team/249/11620",820,"Atlantic 10",1,2014,11620
249,"George Washington","/team/249/11320",820,"Atlantic 10",1,2013,11320
249,"George Washington","/team/249/10942",820,"Atlantic 10",1,2012,10942
249,"George Washington","/team/249/10561",820,"Atlantic 10",1,2011,10561
249,"George Washington","/team/249/10240",820,"Atlantic 10",1,2010,10240
340,"La Salle","/team/340/15580",820,"Atlantic 10",1,2021,15580
340,"La Salle","/team/340/15204",820,"Atlantic 10",1,2020,15204
340,"La Salle","/team/340/15204",820,"Atlantic 10",1,2019,15204
340,"La Salle","/team/340/12973",820,"Atlantic 10",1,2018,12973
340,"La Salle","/team/340/12560",820,"Atlantic 10",1,2017,12560
340,"La Salle","/team/340/12360",820,"Atlantic 10",1,2016,12360
340,"La Salle","/team/340/12080",820,"Atlantic 10",1,2015,12080
340,"La Salle","/team/340/11620",820,"Atlantic 10",1,2014,11620
340,"La Salle","/team/340/11320",820,"Atlantic 10",1,2013,11320
340,"La Salle","/team/340/10942",820,"Atlantic 10",1,2012,10942
340,"La Salle","/team/340/10561",820,"Atlantic 10",1,2011,10561
340,"La Salle","/team/340/10240",820,"Atlantic 10",1,2010,10240
400,"Massachusetts","/team/400/16580",820,"Atlantic 10",1,2024,16580
400,"Massachusetts","/team/400/16340",820,"Atlantic 10",1,2023,16340
400,"Massachusetts","/team/400/15860",820,"Atlantic 10",1,2022,15860
400,"Massachusetts","/team/400/15580",820,"Atlantic 10",1,2021,15580
400,"Massachusetts","/team/400/15204",820,"Atlantic 10",1,2020,15204
400,"Massachusetts","/team/400/15204",820,"Atlantic 10",1,2019,15204
400,"Massachusetts","/team/400/12973",820,"Atlantic 10",1,2018,12973
400,"Massachusetts","/team/400/12560",820,"Atlantic 10",1,2017,12560
400,"Massachusetts","/team/400/12360",820,"Atlantic 10",1,2016,12360
400,"Massachusetts","/team/400/12080",820,"Atlantic 10",1,2015,12080
400,"Massachusetts","/team/400/11620",820,"Atlantic 10",1,2014,11620
400,"Massachusetts","/team/400/11320",820,"Atlantic 10",1,2013,11320
400,"Massachusetts","/team/400/10942",820,"Atlantic 10",1,2012,10942
400,"Massachusetts","/team/400/10561",820,"Atlantic 10",1,2011,10561
400,"Massachusetts","/team/400/10240",820,"Atlantic 10",1,2010,10240
572,"Rhode Island","/team/572/16580",820,"Atlantic 10",1,2024,16580
572,"Rhode Island","/team/572/16340",820,"Atlantic 10",1,2023,16340
572,"Rhode Island","/team/572/15860",820,"Atlantic 10",1,2022,15860
572,"Rhode Island","/team/572/15580",820,"Atlantic 10",1,2021,15580
572,"Rhode Island","/team/572/15204",820,"Atlantic 10",1,2020,15204
572,"Rhode Island","/team/572/15204",820,"Atlantic 10",1,2019,15204
572,"Rhode Island","/team/572/12973",820,"Atlantic 10",1,2018,12973
572,"Rhode Island","/team/572/12560",820,"Atlantic 10",1,2017,12560
572,"Rhode Island","/team/572/12360",820,"Atlantic 10",1,2016,12360
572,"Rhode Island","/team/572/12080",820,"Atlantic 10",1,2015,12080
572,"Rhode Island","/team/572/11620",820,"Atlantic 10",1,2014,11620
572,"Rhode Island","/team/572/11320",820,"Atlantic 10",1,2013,11320
572,"Rhode Island","/team/572/10942",820,"Atlantic 10",1,2012,10942
572,"Rhode Island","/team/572/10561",820,"Atlantic 10",1,2011,10561
572,"Rhode Island","/team/572/10240",820,"Atlantic 10",1,2010,10240
571,"Rhode Island Col.","/team/571/16580",867,"Little East",3,2024,16580
571,"Rhode Island Col.","/team/571/16340",867,"Little East",3,2023,16340
571,"Rhode Island Col.","/team/571/15860",867,"Little East",3,2022,15860
571,"Rhode Island Col.","/team/571/15580",867,"Little East",3,2021,15580
571,"Rhode Island Col.","/team/571/15204",867,"Little East",3,2020,15204
571,"Rhode Island Col.","/team/571/14781",867,"Little East",3,2019,14781
571,"Rhode Island Col.","/team/571/12973",867,"Little East",3,2018,12973
571,"Rhode Island Col.","/team/571/12560",867,"Little East",3,2017,12560
571,"Rhode Island Col.","/team/571/12360",867,"Little East",3,2016,12360
571,"Rhode Island Col.","/team/571/12080",867,"Little East",3,2015,12080
571,"Rhode Island Col.","/team/571/11620",867,"Little East",3,2014,11620
571,"Rhode Island Col.","/team/571/11320",867,"Little East",3,2013,11320
571,"Rhode Island Col.","/team/571/10942",867,"Little East",3,2012,10942
571,"Rhode Island Col.","/team/571/10561",867,"Little East",3,2011,10561
571,"Rhode Island Col.","/team/571/10240",867,"Little East",3,2010,10240
575,"Richmond","/team/575/16580",820,"Atlantic 10",1,2024,16580
575,"Richmond","/team/575/16340",820,"Atlantic 10",1,2023,16340
575,"Richmond","/team/575/15860",820,"Atlantic 10",1,2022,15860
575,"Richmond","/team/575/15580",820,"Atlantic 10",1,2021,15580
575,"Richmond","/team/575/15204",820,"Atlantic 10",1,2020,15204
575,"Richmond","/team/575/15204",820,"Atlantic 10",1,2019,15204
575,"Richmond","/team/575/12973",820,"Atlantic 10",1,2018,12973
575,"Richmond","/team/575/12560",820,"Atlantic 10",1,2017,12560
575,"Richmond","/team/575/12360",820,"Atlantic 10",1,2016,12360
575,"Richmond","/team/575/12080",820,"Atlantic 10",1,2015,12080
575,"Richmond","/team/575/11620",820,"Atlantic 10",1,2014,11620
575,"Richmond","/team/575/11320",820,"Atlantic 10",1,2013,11320
575,"Richmond","/team/575/10942",820,"Atlantic 10",1,2012,10942
575,"Richmond","/team/575/10561",820,"Atlantic 10",1,2011,10561
575,"Richmond","/team/575/10240",820,"Atlantic 10",1,2010,10240
606,"Saint Joseph's","/team/606/16580",820,"Atlantic 10",1,2024,16580
606,"Saint Joseph's","/team/606/16340",820,"Atlantic 10",1,2023,16340
606,"Saint Joseph's","/team/606/15860",820,"Atlantic 10",1,2022,15860
606,"Saint Joseph's","/team/606/15580",820,"Atlantic 10",1,2021,15580
606,"Saint Joseph's","/team/606/15204",820,"Atlantic 10",1,2020,15204
606,"Saint Joseph's","/team/606/15204",820,"Atlantic 10",1,2019,15204
606,"Saint Joseph's","/team/606/12973",820,"Atlantic 10",1,2018,12973
606,"Saint Joseph's","/team/606/12560",820,"Atlantic 10",1,2017,12560
606,"Saint Joseph's","/team/606/12360",820,"Atlantic 10",1,2016,12360
606,"Saint Joseph's","/team/606/12080",820,"Atlantic 10",1,2015,12080
606,"Saint Joseph's","/team/606/11620",820,"Atlantic 10",1,2014,11620
606,"Saint Joseph's","/team/606/11320",820,"Atlantic 10",1,2013,11320
606,"Saint Joseph's","/team/606/10942",820,"Atlantic 10",1,2012,10942
606,"Saint Joseph's","/team/606/10561",820,"Atlantic 10",1,2011,10561
606,"Saint Joseph's","/team/606/10240",820,"Atlantic 10",1,2010,10240
609,"Saint Louis","/team/609/16580",820,"Atlantic 10",1,2024,16580
609,"Saint Louis","/team/609/16340",820,"Atlantic 10",1,2023,16340
609,"Saint Louis","/team/609/15860",820,"Atlantic 10",1,2022,15860
609,"Saint Louis","/team/609/15580",820,"Atlantic 10",1,2021,15580
609,"Saint Louis","/team/609/15204",820,"Atlantic 10",1,2020,15204
609,"Saint Louis","/team/609/15204",820,"Atlantic 10",1,2019,15204
609,"Saint Louis","/team/609/12973",820,"Atlantic 10",1,2018,12973
609,"Saint Louis","/team/609/12560",820,"Atlantic 10",1,2017,12560
609,"Saint Louis","/team/609/12360",820,"Atlantic 10",1,2016,12360
609,"Saint Louis","/team/609/12080",820,"Atlantic 10",1,2015,12080
609,"Saint Louis","/team/609/11620",820,"Atlantic 10",1,2014,11620
609,"Saint Louis","/team/609/11320",820,"Atlantic 10",1,2013,11320
609,"Saint Louis","/team/609/10942",820,"Atlantic 10",1,2012,10942
609,"Saint Louis","/team/609/10561",820,"Atlantic 10",1,2011,10561
609,"Saint Louis","/team/609/10240",820,"Atlantic 10",1,2010,10240
596,"St. Bonaventure","/team/596/16580",820,"Atlantic 10",1,2024,16580
596,"St. Bonaventure","/team/596/16340",820,"Atlantic 10",1,2023,16340
596,"St. Bonaventure","/team/596/15860",820,"Atlantic 10",1,2022,15860
596,"St. Bonaventure","/team/596/15580",820,"Atlantic 10",1,2021,15580
596,"St. Bonaventure","/team/596/15204",820,"Atlantic 10",1,2020,15204
596,"St. Bonaventure","/team/596/15204",820,"Atlantic 10",1,2019,15204
596,"St. Bonaventure","/team/596/12973",820,"Atlantic 10",1,2018,12973
596,"St. Bonaventure","/team/596/12560",820,"Atlantic 10",1,2017,12560
596,"St. Bonaventure","/team/596/12360",820,"Atlantic 10",1,2016,12360
596,"St. Bonaventure","/team/596/12080",820,"Atlantic 10",1,2015,12080
596,"St. Bonaventure","/team/596/11620",820,"Atlantic 10",1,2014,11620
596,"St. Bonaventure","/team/596/11320",820,"Atlantic 10",1,2013,11320
596,"St. Bonaventure","/team/596/10942",820,"Atlantic 10",1,2012,10942
596,"St. Bonaventure","/team/596/10561",820,"Atlantic 10",1,2011,10561
596,"St. Bonaventure","/team/596/10240",820,"Atlantic 10",1,2010,10240
740,"VCU","/team/740/16580",820,"Atlantic 10",1,2024,16580
740,"VCU","/team/740/16340",820,"Atlantic 10",1,2023,16340
740,"VCU","/team/740/15860",820,"Atlantic 10",1,2022,15860
740,"VCU","/team/740/15580",820,"Atlantic 10",1,2021,15580
740,"VCU","/team/740/15204",820,"Atlantic 10",1,2020,15204
740,"VCU","/team/740/15204",820,"Atlantic 10",1,2019,15204
740,"VCU","/team/740/12973",820,"Atlantic 10",1,2018,12973
740,"VCU","/team/740/12560",820,"Atlantic 10",1,2017,12560
740,"VCU","/team/740/12360",820,"Atlantic 10",1,2016,12360
740,"VCU","/team/740/12080",820,"Atlantic 10",1,2015,12080
740,"VCU","/team/740/11620",820,"Atlantic 10",1,2014,11620
740,"VCU","/team/740/11320",820,"Atlantic 10",1,2013,11320
740,"VCU","/team/740/10942",837,"CAA",1,2012,10942
740,"VCU","/team/740/10561",837,"CAA",1,2011,10561
740,"VCU","/team/740/10240",837,"CAA",1,2010,10240
51,"Baylor","/team/51/16580",25354,"Big 12",1,2024,16580
51,"Baylor","/team/51/16340",25354,"Big 12",1,2023,16340
51,"Baylor","/team/51/15860",25354,"Big 12",1,2022,15860
51,"Baylor","/team/51/15580",25354,"Big 12",1,2021,15580
51,"Baylor","/team/51/15204",25354,"Big 12",1,2020,15204
51,"Baylor","/team/51/15204",25354,"Big 12",1,2019,15204
51,"Baylor","/team/51/12973",25354,"Big 12",1,2018,12973
51,"Baylor","/team/51/12560",25354,"Big 12",1,2017,12560
51,"Baylor","/team/51/12360",25354,"Big 12",1,2016,12360
51,"Baylor","/team/51/12080",25354,"Big 12",1,2015,12080
51,"Baylor","/team/51/11620",25354,"Big 12",1,2014,11620
51,"Baylor","/team/51/11320",25354,"Big 12",1,2013,11320
51,"Baylor","/team/51/10942",25354,"Big 12",1,2012,10942
51,"Baylor","/team/51/10561",25354,"Big 12",1,2011,10561
51,"Baylor","/team/51/10240",25354,"Big 12",1,2010,10240
1203,"Mary Hardin-Baylor","/team/1203/16580",14825,"ASC",3,2024,16580
1203,"Mary Hardin-Baylor","/team/1203/16340",14825,"ASC",3,2023,16340
1203,"Mary Hardin-Baylor","/team/1203/15860",14825,"ASC",3,2022,15860
1203,"Mary Hardin-Baylor","/team/1203/15580",14825,"ASC",3,2021,15580
1203,"Mary Hardin-Baylor","/team/1203/15204",14825,"ASC",3,2020,15204
1203,"Mary Hardin-Baylor","/team/1203/14781",14825,"ASC",3,2019,14781
1203,"Mary Hardin-Baylor","/team/1203/12973",14825,"ASC",3,2018,12973
1203,"Mary Hardin-Baylor","/team/1203/12560",14825,"ASC",3,2017,12560
1203,"Mary Hardin-Baylor","/team/1203/12360",14825,"ASC",3,2016,12360
1203,"Mary Hardin-Baylor","/team/1203/12080",14825,"ASC",3,2015,12080
1203,"Mary Hardin-Baylor","/team/1203/11620",14825,"ASC",3,2014,11620
1203,"Mary Hardin-Baylor","/team/1203/11320",14825,"ASC",3,2013,11320
1203,"Mary Hardin-Baylor","/team/1203/10942",14825,"ASC",3,2012,10942
1203,"Mary Hardin-Baylor","/team/1203/10561",14825,"ASC",3,2011,10561
1203,"Mary Hardin-Baylor","/team/1203/10240",14825,"ASC",3,2010,10240
328,"Kansas","/team/328/16580",25354,"Big 12",1,2024,16580
328,"Kansas","/team/328/16340",25354,"Big 12",1,2023,16340
328,"Kansas","/team/328/15860",25354,"Big 12",1,2022,15860
328,"Kansas","/team/328/15580",25354,"Big 12",1,2021,15580
328,"Kansas","/team/328/15204",25354,"Big 12",1,2020,15204
328,"Kansas","/team/328/15204",25354,"Big 12",1,2019,15204
328,"Kansas","/team/328/12973",25354,"Big 12",1,2018,12973
328,"Kansas","/team/328/12560",25354,"Big 12",1,2017,12560
328,"Kansas","/team/328/12360",25354,"Big 12",1,2016,12360
328,"Kansas","/team/328/12080",25354,"Big 12",1,2015,12080
328,"Kansas","/team/328/11620",25354,"Big 12",1,2014,11620
328,"Kansas","/team/328/11320",25354,"Big 12",1,2013,11320
328,"Kansas","/team/328/10942",25354,"Big 12",1,2012,10942
328,"Kansas","/team/328/10561",25354,"Big 12",1,2011,10561
328,"Kansas","/team/328/10240",25354,"Big 12",1,2010,10240
327,"Kansas St.","/team/327/16580",25354,"Big 12",1,2024,16580
327,"Kansas St.","/team/327/16340",25354,"Big 12",1,2023,16340
327,"Kansas St.","/team/327/15860",25354,"Big 12",1,2022,15860
327,"Kansas St.","/team/327/15580",25354,"Big 12",1,2021,15580
327,"Kansas St.","/team/327/15204",25354,"Big 12",1,2020,15204
327,"Kansas St.","/team/327/15204",25354,"Big 12",1,2019,15204
327,"Kansas St.","/team/327/12973",25354,"Big 12",1,2018,12973
327,"Kansas St.","/team/327/12560",25354,"Big 12",1,2017,12560
327,"Kansas St.","/team/327/12360",25354,"Big 12",1,2016,12360
327,"Kansas St.","/team/327/12080",25354,"Big 12",1,2015,12080
327,"Kansas St.","/team/327/11620",25354,"Big 12",1,2014,11620
327,"Kansas St.","/team/327/11320",25354,"Big 12",1,2013,11320
327,"Kansas St.","/team/327/10942",25354,"Big 12",1,2012,10942
327,"Kansas St.","/team/327/10561",25354,"Big 12",1,2011,10561
327,"Kansas St.","/team/327/10240",25354,"Big 12",1,2010,10240
327,"Kansas St.","/team/327/16580",25354,"Big 12",1,2024,16580
327,"Kansas St.","/team/327/16340",25354,"Big 12",1,2023,16340
327,"Kansas St.","/team/327/15860",25354,"Big 12",1,2022,15860
327,"Kansas St.","/team/327/15580",25354,"Big 12",1,2021,15580
327,"Kansas St.","/team/327/15204",25354,"Big 12",1,2020,15204
327,"Kansas St.","/team/327/15204",25354,"Big 12",1,2019,15204
327,"Kansas St.","/team/327/12973",25354,"Big 12",1,2018,12973
327,"Kansas St.","/team/327/12560",25354,"Big 12",1,2017,12560
327,"Kansas St.","/team/327/12360",25354,"Big 12",1,2016,12360
327,"Kansas St.","/team/327/12080",25354,"Big 12",1,2015,12080
327,"Kansas St.","/team/327/11620",25354,"Big 12",1,2014,11620
327,"Kansas St.","/team/327/11320",25354,"Big 12",1,2013,11320
327,"Kansas St.","/team/327/10942",25354,"Big 12",1,2012,10942
327,"Kansas St.","/team/327/10561",25354,"Big 12",1,2011,10561
327,"Kansas St.","/team/327/10240",25354,"Big 12",1,2010,10240
522,"Oklahoma","/team/522/16580",25354,"Big 12",1,2024,16580
522,"Oklahoma","/team/522/16340",25354,"Big 12",1,2023,16340
522,"Oklahoma","/team/522/15860",25354,"Big 12",1,2022,15860
522,"Oklahoma","/team/522/15580",25354,"Big 12",1,2021,15580
522,"Oklahoma","/team/522/15204",25354,"Big 12",1,2020,15204
522,"Oklahoma","/team/522/15204",25354,"Big 12",1,2019,15204
522,"Oklahoma","/team/522/12973",25354,"Big 12",1,2018,12973
522,"Oklahoma","/team/522/12560",25354,"Big 12",1,2017,12560
522,"Oklahoma","/team/522/12360",25354,"Big 12",1,2016,12360
522,"Oklahoma","/team/522/12080",25354,"Big 12",1,2015,12080
522,"Oklahoma","/team/522/11620",25354,"Big 12",1,2014,11620
522,"Oklahoma","/team/522/11320",25354,"Big 12",1,2013,11320
522,"Oklahoma","/team/522/10942",25354,"Big 12",1,2012,10942
522,"Oklahoma","/team/522/10561",25354,"Big 12",1,2011,10561
522,"Oklahoma","/team/522/10240",25354,"Big 12",1,2010,10240
521,"Oklahoma St.","/team/521/16580",25354,"Big 12",1,2024,16580
521,"Oklahoma St.","/team/521/16340",25354,"Big 12",1,2023,16340
521,"Oklahoma St.","/team/521/15860",25354,"Big 12",1,2022,15860
521,"Oklahoma St.","/team/521/15580",25354,"Big 12",1,2021,15580
521,"Oklahoma St.","/team/521/15204",25354,"Big 12",1,2020,15204
521,"Oklahoma St.","/team/521/15204",25354,"Big 12",1,2019,15204
521,"Oklahoma St.","/team/521/12973",25354,"Big 12",1,2018,12973
521,"Oklahoma St.","/team/521/12560",25354,"Big 12",1,2017,12560
521,"Oklahoma St.","/team/521/12360",25354,"Big 12",1,2016,12360
521,"Oklahoma St.","/team/521/12080",25354,"Big 12",1,2015,12080
521,"Oklahoma St.","/team/521/11620",25354,"Big 12",1,2014,11620
521,"Oklahoma St.","/team/521/11320",25354,"Big 12",1,2013,11320
521,"Oklahoma St.","/team/521/10942",25354,"Big 12",1,2012,10942
521,"Oklahoma St.","/team/521/10561",25354,"Big 12",1,2011,10561
521,"Oklahoma St.","/team/521/10240",25354,"Big 12",1,2010,10240
521,"Oklahoma St.","/team/521/16580",25354,"Big 12",1,2024,16580
521,"Oklahoma St.","/team/521/16340",25354,"Big 12",1,2023,16340
521,"Oklahoma St.","/team/521/15860",25354,"Big 12",1,2022,15860
521,"Oklahoma St.","/team/521/15580",25354,"Big 12",1,2021,15580
521,"Oklahoma St.","/team/521/15204",25354,"Big 12",1,2020,15204
521,"Oklahoma St.","/team/521/15204",25354,"Big 12",1,2019,15204
521,"Oklahoma St.","/team/521/12973",25354,"Big 12",1,2018,12973
521,"Oklahoma St.","/team/521/12560",25354,"Big 12",1,2017,12560
521,"Oklahoma St.","/team/521/12360",25354,"Big 12",1,2016,12360
521,"Oklahoma St.","/team/521/12080",25354,"Big 12",1,2015,12080
521,"Oklahoma St.","/team/521/11620",25354,"Big 12",1,2014,11620
521,"Oklahoma St.","/team/521/11320",25354,"Big 12",1,2013,11320
521,"Oklahoma St.","/team/521/10942",25354,"Big 12",1,2012,10942
521,"Oklahoma St.","/team/521/10561",25354,"Big 12",1,2011,10561
521,"Oklahoma St.","/team/521/10240",25354,"Big 12",1,2010,10240
698,"TCU","/team/698/16580",25354,"Big 12",1,2024,16580
698,"TCU","/team/698/16340",25354,"Big 12",1,2023,16340
698,"TCU","/team/698/15860",25354,"Big 12",1,2022,15860
698,"TCU","/team/698/15580",25354,"Big 12",1,2021,15580
698,"TCU","/team/698/15204",25354,"Big 12",1,2020,15204
698,"TCU","/team/698/15204",25354,"Big 12",1,2019,15204
698,"TCU","/team/698/12973",25354,"Big 12",1,2018,12973
698,"TCU","/team/698/12560",25354,"Big 12",1,2017,12560
698,"TCU","/team/698/12360",25354,"Big 12",1,2016,12360
698,"TCU","/team/698/12080",25354,"Big 12",1,2015,12080
698,"TCU","/team/698/11620",25354,"Big 12",1,2014,11620
698,"TCU","/team/698/11320",25354,"Big 12",1,2013,11320
698,"TCU","/team/698/10942",5486,"Mountain West",1,2012,10942
698,"TCU","/team/698/10561",5486,"Mountain West",1,2011,10561
698,"TCU","/team/698/10240",5486,"Mountain West",1,2010,10240
703,"Texas","/team/703/16580",25354,"Big 12",1,2024,16580
703,"Texas","/team/703/16340",25354,"Big 12",1,2023,16340
703,"Texas","/team/703/15860",25354,"Big 12",1,2022,15860
703,"Texas","/team/703/15580",25354,"Big 12",1,2021,15580
703,"Texas","/team/703/15204",25354,"Big 12",1,2020,15204
703,"Texas","/team/703/15204",25354,"Big 12",1,2019,15204
703,"Texas","/team/703/12973",25354,"Big 12",1,2018,12973
703,"Texas","/team/703/12560",25354,"Big 12",1,2017,12560
703,"Texas","/team/703/12360",25354,"Big 12",1,2016,12360
703,"Texas","/team/703/12080",25354,"Big 12",1,2015,12080
703,"Texas","/team/703/11620",25354,"Big 12",1,2014,11620
703,"Texas","/team/703/11320",25354,"Big 12",1,2013,11320
703,"Texas","/team/703/10942",25354,"Big 12",1,2012,10942
703,"Texas","/team/703/10561",25354,"Big 12",1,2011,10561
703,"Texas","/team/703/10240",25354,"Big 12",1,2010,10240
697,"Texas A&M","/team/697/16580",911,"SEC",1,2024,16580
697,"Texas A&M","/team/697/16340",911,"SEC",1,2023,16340
697,"Texas A&M","/team/697/15860",911,"SEC",1,2022,15860
697,"Texas A&M","/team/697/15580",911,"SEC",1,2021,15580
697,"Texas A&M","/team/697/15204",911,"SEC",1,2020,15204
697,"Texas A&M","/team/697/15204",911,"SEC",1,2019,15204
697,"Texas A&M","/team/697/12973",911,"SEC",1,2018,12973
697,"Texas A&M","/team/697/12560",911,"SEC",1,2017,12560
697,"Texas A&M","/team/697/12360",911,"SEC",1,2016,12360
697,"Texas A&M","/team/697/12080",911,"SEC",1,2015,12080
697,"Texas A&M","/team/697/11620",911,"SEC",1,2014,11620
697,"Texas A&M","/team/697/11320",911,"SEC",1,2013,11320
697,"Texas A&M","/team/697/10942",25354,"Big 12",1,2012,10942
697,"Texas A&M","/team/697/10561",25354,"Big 12",1,2011,10561
697,"Texas A&M","/team/697/10240",25354,"Big 12",1,2010,10240
699,"Texas Southern","/team/699/16580",916,"SWAC",1,2024,16580
699,"Texas Southern","/team/699/16340",916,"SWAC",1,2023,16340
699,"Texas Southern","/team/699/15860",916,"SWAC",1,2022,15860
699,"Texas Southern","/team/699/15580",916,"SWAC",1,2021,15580
699,"Texas Southern","/team/699/15204",916,"SWAC",1,2020,15204
699,"Texas Southern","/team/699/15204",916,"SWAC",1,2019,15204
699,"Texas Southern","/team/699/12973",916,"SWAC",1,2018,12973
699,"Texas Southern","/team/699/12560",916,"SWAC",1,2017,12560
699,"Texas Southern","/team/699/12360",916,"SWAC",1,2016,12360
699,"Texas Southern","/team/699/12080",916,"SWAC",1,2015,12080
699,"Texas Southern","/team/699/11620",916,"SWAC",1,2014,11620
699,"Texas Southern","/team/699/11320",916,"SWAC",1,2013,11320
699,"Texas Southern","/team/699/10942",916,"SWAC",1,2012,10942
699,"Texas Southern","/team/699/10561",916,"SWAC",1,2011,10561
699,"Texas Southern","/team/699/10240",916,"SWAC",1,2010,10240
670,"Texas St.","/team/670/16580",818,"Sun Belt",1,2024,16580
670,"Texas St.","/team/670/16340",818,"Sun Belt",1,2023,16340
670,"Texas St.","/team/670/15860",818,"Sun Belt",1,2022,15860
670,"Texas St.","/team/670/15580",818,"Sun Belt",1,2021,15580
670,"Texas St.","/team/670/15204",818,"Sun Belt",1,2020,15204
670,"Texas St.","/team/670/15204",818,"Sun Belt",1,2019,15204
670,"Texas St.","/team/670/12973",818,"Sun Belt",1,2018,12973
670,"Texas St.","/team/670/12560",818,"Sun Belt",1,2017,12560
670,"Texas St.","/team/670/12360",818,"Sun Belt",1,2016,12360
670,"Texas St.","/team/670/12080",818,"Sun Belt",1,2015,12080
670,"Texas St.","/team/670/11620",818,"Sun Belt",1,2014,11620
670,"Texas St.","/team/670/11320",923,"WAC",1,2013,11320
670,"Texas St.","/team/670/10942",914,"Southland",1,2012,10942
670,"Texas St.","/team/670/10561",914,"Southland",1,2011,10561
670,"Texas St.","/team/670/10240",914,"Southland",1,2010,10240
700,"Texas Tech","/team/700/16580",25354,"Big 12",1,2024,16580
700,"Texas Tech","/team/700/16340",25354,"Big 12",1,2023,16340
700,"Texas Tech","/team/700/15860",25354,"Big 12",1,2022,15860
700,"Texas Tech","/team/700/15580",25354,"Big 12",1,2021,15580
700,"Texas Tech","/team/700/15204",25354,"Big 12",1,2020,15204
700,"Texas Tech","/team/700/15204",25354,"Big 12",1,2019,15204
700,"Texas Tech","/team/700/12973",25354,"Big 12",1,2018,12973
700,"Texas Tech","/team/700/12560",25354,"Big 12",1,2017,12560
700,"Texas Tech","/team/700/12360",25354,"Big 12",1,2016,12360
700,"Texas Tech","/team/700/12080",25354,"Big 12",1,2015,12080
700,"Texas Tech","/team/700/11620",25354,"Big 12",1,2014,11620
700,"Texas Tech","/team/700/11320",25354,"Big 12",1,2013,11320
700,"Texas Tech","/team/700/10942",25354,"Big 12",1,2012,10942
700,"Texas Tech","/team/700/10561",25354,"Big 12",1,2011,10561
700,"Texas Tech","/team/700/10240",25354,"Big 12",1,2010,10240
1400,"Texas Lutheran","/team/1400/16580",835,"SCAC",3,2024,16580
1400,"Texas Lutheran","/team/1400/16340",835,"SCAC",3,2023,16340
1400,"Texas Lutheran","/team/1400/15860",835,"SCAC",3,2022,15860
1400,"Texas Lutheran","/team/1400/15580",835,"SCAC",3,2021,15580
1400,"Texas Lutheran","/team/1400/15204",835,"SCAC",3,2020,15204
1400,"Texas Lutheran","/team/1400/14781",835,"SCAC",3,2019,14781
1400,"Texas Lutheran","/team/1400/12973",835,"SCAC",3,2018,12973
1400,"Texas Lutheran","/team/1400/12560",835,"SCAC",3,2017,12560
1400,"Texas Lutheran","/team/1400/12360",835,"SCAC",3,2016,12360
1400,"Texas Lutheran","/team/1400/12080",835,"SCAC",3,2015,12080
1400,"Texas Lutheran","/team/1400/11620",14825,"ASC",3,2014,11620
1400,"Texas Lutheran","/team/1400/11320",14825,"ASC",3,2013,11320
1400,"Texas Lutheran","/team/1400/10942",14825,"ASC",3,2012,10942
1400,"Texas Lutheran","/team/1400/10561",14825,"ASC",3,2011,10561
1400,"Texas Lutheran","/team/1400/10240",14825,"ASC",3,2010,10240
23121,"Texas-Dallas","/team/23121/16580",14825,"ASC",3,2024,16580
23121,"Texas-Dallas","/team/23121/16340",14825,"ASC",3,2023,16340
23121,"Texas-Dallas","/team/23121/15860",14825,"ASC",3,2022,15860
23121,"Texas-Dallas","/team/23121/15580",14825,"ASC",3,2021,15580
23121,"Texas-Dallas","/team/23121/15204",14825,"ASC",3,2020,15204
23121,"Texas-Dallas","/team/23121/14781",14825,"ASC",3,2019,14781
23121,"Texas-Dallas","/team/23121/12973",14825,"ASC",3,2018,12973
23121,"Texas-Dallas","/team/23121/12560",14825,"ASC",3,2017,12560
23121,"Texas-Dallas","/team/23121/12360",14825,"ASC",3,2016,12360
23121,"Texas-Dallas","/team/23121/12080",14825,"ASC",3,2015,12080
23121,"Texas-Dallas","/team/23121/11620",14825,"ASC",3,2014,11620
23121,"Texas-Dallas","/team/23121/11320",14825,"ASC",3,2013,11320
23121,"Texas-Dallas","/team/23121/10942",14825,"ASC",3,2012,10942
23121,"Texas-Dallas","/team/23121/10561",14825,"ASC",3,2011,10561
23121,"Texas-Dallas","/team/23121/10240",14825,"ASC",3,2010,10240
700,"Texas Tech","/team/700/16580",25354,"Big 12",1,2024,16580
700,"Texas Tech","/team/700/16340",25354,"Big 12",1,2023,16340
700,"Texas Tech","/team/700/15860",25354,"Big 12",1,2022,15860
700,"Texas Tech","/team/700/15580",25354,"Big 12",1,2021,15580
700,"Texas Tech","/team/700/15204",25354,"Big 12",1,2020,15204
700,"Texas Tech","/team/700/15204",25354,"Big 12",1,2019,15204
700,"Texas Tech","/team/700/12973",25354,"Big 12",1,2018,12973
700,"Texas Tech","/team/700/12560",25354,"Big 12",1,2017,12560
700,"Texas Tech","/team/700/12360",25354,"Big 12",1,2016,12360
700,"Texas Tech","/team/700/12080",25354,"Big 12",1,2015,12080
700,"Texas Tech","/team/700/11620",25354,"Big 12",1,2014,11620
700,"Texas Tech","/team/700/11320",25354,"Big 12",1,2013,11320
700,"Texas Tech","/team/700/10942",25354,"Big 12",1,2012,10942
700,"Texas Tech","/team/700/10561",25354,"Big 12",1,2011,10561
700,"Texas Tech","/team/700/10240",25354,"Big 12",1,2010,10240
768,"West Virginia","/team/768/16580",25354,"Big 12",1,2024,16580
768,"West Virginia","/team/768/16340",25354,"Big 12",1,2023,16340
768,"West Virginia","/team/768/15860",25354,"Big 12",1,2022,15860
768,"West Virginia","/team/768/15580",25354,"Big 12",1,2021,15580
768,"West Virginia","/team/768/15204",25354,"Big 12",1,2020,15204
768,"West Virginia","/team/768/15204",25354,"Big 12",1,2019,15204
768,"West Virginia","/team/768/12973",25354,"Big 12",1,2018,12973
768,"West Virginia","/team/768/12560",25354,"Big 12",1,2017,12560
768,"West Virginia","/team/768/12360",25354,"Big 12",1,2016,12360
768,"West Virginia","/team/768/12080",25354,"Big 12",1,2015,12080
768,"West Virginia","/team/768/11620",25354,"Big 12",1,2014,11620
768,"West Virginia","/team/768/11320",25354,"Big 12",1,2013,11320
768,"West Virginia","/team/768/10942",823,"AAC",1,2012,10942
768,"West Virginia","/team/768/10561",823,"AAC",1,2011,10561
768,"West Virginia","/team/768/10240",823,"AAC",1,2010,10240
1439,"West Virginia St.","/team/1439/16580",30183,"MEC",2,2024,16580
1439,"West Virginia St.","/team/1439/16340",30183,"MEC",2,2023,16340
1439,"West Virginia St.","/team/1439/15860",30183,"MEC",2,2022,15860
1439,"West Virginia St.","/team/1439/15580",30183,"MEC",2,2021,15580
1439,"West Virginia St.","/team/1439/15204",30183,"MEC",2,2020,15204
1439,"West Virginia St.","/team/1439/14781",30183,"MEC",2,2019,14781
1439,"West Virginia St.","/team/1439/12973",30183,"MEC",2,2018,12973
1439,"West Virginia St.","/team/1439/12560",30183,"MEC",2,2017,12560
1439,"West Virginia St.","/team/1439/12360",30183,"MEC",2,2016,12360
1439,"West Virginia St.","/team/1439/12080",30183,"MEC",2,2015,12080
1439,"West Virginia St.","/team/1439/11620",30183,"MEC",2,2014,11620
1439,"West Virginia St.","/team/1439/11320",21344,"WVIAC",2,2013,11320
1439,"West Virginia St.","/team/1439/10942",21344,"WVIAC",2,2012,10942
1439,"West Virginia St.","/team/1439/10561",21344,"WVIAC",2,2011,10561
1439,"West Virginia St.","/team/1439/10240",21344,"WVIAC",2,2010,10240
87,"Butler","/team/87/16580",30184,"Big East",1,2024,16580
87,"Butler","/team/87/16340",30184,"Big East",1,2023,16340
87,"Butler","/team/87/15860",30184,"Big East",1,2022,15860
87,"Butler","/team/87/15580",30184,"Big East",1,2021,15580
87,"Butler","/team/87/15204",30184,"Big East",1,2020,15204
87,"Butler","/team/87/15204",30184,"Big East",1,2019,15204
87,"Butler","/team/87/12973",30184,"Big East",1,2018,12973
87,"Butler","/team/87/12560",30184,"Big East",1,2017,12560
87,"Butler","/team/87/12360",30184,"Big East",1,2016,12360
87,"Butler","/team/87/12080",30184,"Big East",1,2015,12080
87,"Butler","/team/87/11620",30184,"Big East",1,2014,11620
87,"Butler","/team/87/11320",820,"Atlantic 10",1,2013,11320
87,"Butler","/team/87/10942",881,"Horizon",1,2012,10942
87,"Butler","/team/87/10561",881,"Horizon",1,2011,10561
87,"Butler","/team/87/10240",881,"Horizon",1,2010,10240
169,"Creighton","/team/169/16580",30184,"Big East",1,2024,16580
169,"Creighton","/team/169/16340",30184,"Big East",1,2023,16340
169,"Creighton","/team/169/15860",30184,"Big East",1,2022,15860
169,"Creighton","/team/169/15580",30184,"Big East",1,2021,15580
169,"Creighton","/team/169/15204",30184,"Big East",1,2020,15204
169,"Creighton","/team/169/15204",30184,"Big East",1,2019,15204
169,"Creighton","/team/169/12973",30184,"Big East",1,2018,12973
169,"Creighton","/team/169/12560",30184,"Big East",1,2017,12560
169,"Creighton","/team/169/12360",30184,"Big East",1,2016,12360
169,"Creighton","/team/169/12080",30184,"Big East",1,2015,12080
169,"Creighton","/team/169/11620",30184,"Big East",1,2014,11620
169,"Creighton","/team/169/11320",884,"MVC",1,2013,11320
169,"Creighton","/team/169/10942",884,"MVC",1,2012,10942
169,"Creighton","/team/169/10561",884,"MVC",1,2011,10561
169,"Creighton","/team/169/10240",884,"MVC",1,2010,10240
251,"Georgetown","/team/251/16580",30184,"Big East",1,2024,16580
251,"Georgetown","/team/251/16340",30184,"Big East",1,2023,16340
251,"Georgetown","/team/251/15860",30184,"Big East",1,2022,15860
251,"Georgetown","/team/251/15580",30184,"Big East",1,2021,15580
251,"Georgetown","/team/251/15204",30184,"Big East",1,2020,15204
251,"Georgetown","/team/251/15204",30184,"Big East",1,2019,15204
251,"Georgetown","/team/251/12973",30184,"Big East",1,2018,12973
251,"Georgetown","/team/251/12560",30184,"Big East",1,2017,12560
251,"Georgetown","/team/251/12360",30184,"Big East",1,2016,12360
251,"Georgetown","/team/251/12080",30184,"Big East",1,2015,12080
251,"Georgetown","/team/251/11620",30184,"Big East",1,2014,11620
251,"Georgetown","/team/251/11320",823,"AAC",1,2013,11320
251,"Georgetown","/team/251/10942",823,"AAC",1,2012,10942
251,"Georgetown","/team/251/10561",823,"AAC",1,2011,10561
251,"Georgetown","/team/251/10240",823,"AAC",1,2010,10240
30161,"Georgetown (KY)","/team/30161/11320",0,"Independent",2,2013,11320
30161,"Georgetown (KY)","/team/30161/11320",0,"Independent",3,2013,11320
30161,"Georgetown (KY)","/team/30161/10942",0,"Independent",3,2012,10942
635,"Seton Hall","/team/635/16580",30184,"Big East",1,2024,16580
635,"Seton Hall","/team/635/16340",30184,"Big East",1,2023,16340
635,"Seton Hall","/team/635/15860",30184,"Big East",1,2022,15860
635,"Seton Hall","/team/635/15580",30184,"Big East",1,2021,15580
635,"Seton Hall","/team/635/15204",30184,"Big East",1,2020,15204
635,"Seton Hall","/team/635/15204",30184,"Big East",1,2019,15204
635,"Seton Hall","/team/635/12973",30184,"Big East",1,2018,12973
635,"Seton Hall","/team/635/12560",30184,"Big East",1,2017,12560
635,"Seton Hall","/team/635/12360",30184,"Big East",1,2016,12360
635,"Seton Hall","/team/635/12080",30184,"Big East",1,2015,12080
635,"Seton Hall","/team/635/11620",30184,"Big East",1,2014,11620
635,"Seton Hall","/team/635/11320",823,"AAC",1,2013,11320
635,"Seton Hall","/team/635/10942",823,"AAC",1,2012,10942
635,"Seton Hall","/team/635/10561",823,"AAC",1,2011,10561
635,"Seton Hall","/team/635/10240",823,"AAC",1,2010,10240
603,"St. John's (NY)","/team/603/16580",30184,"Big East",1,2024,16580
603,"St. John's (NY)","/team/603/16340",30184,"Big East",1,2023,16340
603,"St. John's (NY)","/team/603/15860",30184,"Big East",1,2022,15860
603,"St. John's (NY)","/team/603/15580",30184,"Big East",1,2021,15580
603,"St. John's (NY)","/team/603/15204",30184,"Big East",1,2020,15204
603,"St. John's (NY)","/team/603/15204",30184,"Big East",1,2019,15204
603,"St. John's (NY)","/team/603/12973",30184,"Big East",1,2018,12973
603,"St. John's (NY)","/team/603/12560",30184,"Big East",1,2017,12560
603,"St. John's (NY)","/team/603/12360",30184,"Big East",1,2016,12360
603,"St. John's (NY)","/team/603/12080",30184,"Big East",1,2015,12080
603,"St. John's (NY)","/team/603/11620",30184,"Big East",1,2014,11620
603,"St. John's (NY)","/team/603/11320",823,"AAC",1,2013,11320
603,"St. John's (NY)","/team/603/10942",823,"AAC",1,2012,10942
603,"St. John's (NY)","/team/603/10561",823,"AAC",1,2011,10561
603,"St. John's (NY)","/team/603/10240",823,"AAC",1,2010,10240
164,"UConn","/team/164/16580",30184,"Big East",1,2024,16580
164,"UConn","/team/164/16340",30184,"Big East",1,2023,16340
164,"UConn","/team/164/15860",30184,"Big East",1,2022,15860
164,"UConn","/team/164/15580",30184,"Big East",1,2021,15580
164,"UConn","/team/164/15204",823,"AAC",1,2020,15204
164,"UConn","/team/164/15204",823,"AAC",1,2019,15204
164,"UConn","/team/164/12973",823,"AAC",1,2018,12973
164,"UConn","/team/164/12560",823,"AAC",1,2017,12560
164,"UConn","/team/164/12360",823,"AAC",1,2016,12360
164,"UConn","/team/164/12080",823,"AAC",1,2015,12080
164,"UConn","/team/164/11620",823,"AAC",1,2014,11620
164,"UConn","/team/164/11320",823,"AAC",1,2013,11320
164,"UConn","/team/164/10942",823,"AAC",1,2012,10942
164,"UConn","/team/164/10561",823,"AAC",1,2011,10561
164,"UConn","/team/164/10240",823,"AAC",1,2010,10240
739,"Villanova","/team/739/16580",30184,"Big East",1,2024,16580
739,"Villanova","/team/739/16340",30184,"Big East",1,2023,16340
739,"Villanova","/team/739/15860",30184,"Big East",1,2022,15860
739,"Villanova","/team/739/15580",30184,"Big East",1,2021,15580
739,"Villanova","/team/739/15204",30184,"Big East",1,2020,15204
739,"Villanova","/team/739/15204",30184,"Big East",1,2019,15204
739,"Villanova","/team/739/12973",30184,"Big East",1,2018,12973
739,"Villanova","/team/739/12560",30184,"Big East",1,2017,12560
739,"Villanova","/team/739/12360",30184,"Big East",1,2016,12360
739,"Villanova","/team/739/12080",30184,"Big East",1,2015,12080
739,"Villanova","/team/739/11620",30184,"Big East",1,2014,11620
739,"Villanova","/team/739/11320",823,"AAC",1,2013,11320
739,"Villanova","/team/739/10942",823,"AAC",1,2012,10942
739,"Villanova","/team/739/10561",823,"AAC",1,2011,10561
739,"Villanova","/team/739/10240",823,"AAC",1,2010,10240
812,"Xavier","/team/812/16580",30184,"Big East",1,2024,16580
812,"Xavier","/team/812/16340",30184,"Big East",1,2023,16340
812,"Xavier","/team/812/15860",30184,"Big East",1,2022,15860
812,"Xavier","/team/812/15580",30184,"Big East",1,2021,15580
812,"Xavier","/team/812/15204",30184,"Big East",1,2020,15204
812,"Xavier","/team/812/15204",30184,"Big East",1,2019,15204
812,"Xavier","/team/812/12973",30184,"Big East",1,2018,12973
812,"Xavier","/team/812/12560",30184,"Big East",1,2017,12560
812,"Xavier","/team/812/12360",30184,"Big East",1,2016,12360
812,"Xavier","/team/812/12080",30184,"Big East",1,2015,12080
812,"Xavier","/team/812/11620",30184,"Big East",1,2014,11620
812,"Xavier","/team/812/11320",820,"Atlantic 10",1,2013,11320
812,"Xavier","/team/812/10942",820,"Atlantic 10",1,2012,10942
812,"Xavier","/team/812/10561",820,"Atlantic 10",1,2011,10561
812,"Xavier","/team/812/10240",820,"Atlantic 10",1,2010,10240
115,"Campbell","/team/115/16580",837,"CAA",1,2024,16580
115,"Campbell","/team/115/16340",826,"Big South",1,2023,16340
115,"Campbell","/team/115/15860",826,"Big South",1,2022,15860
115,"Campbell","/team/115/15580",826,"Big South",1,2021,15580
115,"Campbell","/team/115/15204",826,"Big South",1,2020,15204
115,"Campbell","/team/115/15204",826,"Big South",1,2019,15204
115,"Campbell","/team/115/12973",826,"Big South",1,2018,12973
115,"Campbell","/team/115/12560",826,"Big South",1,2017,12560
115,"Campbell","/team/115/12360",826,"Big South",1,2016,12360
115,"Campbell","/team/115/12080",826,"Big South",1,2015,12080
115,"Campbell","/team/115/11620",826,"Big South",1,2014,11620
115,"Campbell","/team/115/11320",826,"Big South",1,2013,11320
115,"Campbell","/team/115/10942",826,"Big South",1,2012,10942
115,"Campbell","/team/115/10561",920,"ASUN",1,2011,10561
115,"Campbell","/team/115/10240",920,"ASUN",1,2010,10240
48,"Charleston So.","/team/48/16580",826,"Big South",1,2024,16580
48,"Charleston So.","/team/48/16340",826,"Big South",1,2023,16340
48,"Charleston So.","/team/48/15860",826,"Big South",1,2022,15860
48,"Charleston So.","/team/48/15580",826,"Big South",1,2021,15580
48,"Charleston So.","/team/48/15204",826,"Big South",1,2020,15204
48,"Charleston So.","/team/48/15204",826,"Big South",1,2019,15204
48,"Charleston So.","/team/48/12973",826,"Big South",1,2018,12973
48,"Charleston So.","/team/48/12560",826,"Big South",1,2017,12560
48,"Charleston So.","/team/48/12360",826,"Big South",1,2016,12360
48,"Charleston So.","/team/48/12080",826,"Big South",1,2015,12080
48,"Charleston So.","/team/48/11620",826,"Big South",1,2014,11620
48,"Charleston So.","/team/48/11320",826,"Big South",1,2013,11320
48,"Charleston So.","/team/48/10942",826,"Big South",1,2012,10942
48,"Charleston So.","/team/48/10561",826,"Big South",1,2011,10561
48,"Charleston So.","/team/48/10240",826,"Big South",1,2010,10240
1092,"Gardner-Webb","/team/1092/16580",826,"Big South",1,2024,16580
1092,"Gardner-Webb","/team/1092/16340",826,"Big South",1,2023,16340
1092,"Gardner-Webb","/team/1092/15860",826,"Big South",1,2022,15860
1092,"Gardner-Webb","/team/1092/15580",826,"Big South",1,2021,15580
1092,"Gardner-Webb","/team/1092/15204",826,"Big South",1,2020,15204
1092,"Gardner-Webb","/team/1092/15204",826,"Big South",1,2019,15204
1092,"Gardner-Webb","/team/1092/12973",826,"Big South",1,2018,12973
1092,"Gardner-Webb","/team/1092/12560",826,"Big South",1,2017,12560
1092,"Gardner-Webb","/team/1092/12360",826,"Big South",1,2016,12360
1092,"Gardner-Webb","/team/1092/12080",826,"Big South",1,2015,12080
1092,"Gardner-Webb","/team/1092/11620",826,"Big South",1,2014,11620
1092,"Gardner-Webb","/team/1092/11320",826,"Big South",1,2013,11320
1092,"Gardner-Webb","/team/1092/10942",826,"Big South",1,2012,10942
1092,"Gardner-Webb","/team/1092/10561",826,"Big South",1,2011,10561
1092,"Gardner-Webb","/team/1092/10240",826,"Big South",1,2010,10240
19651,"High Point","/team/19651/16580",826,"Big South",1,2024,16580
19651,"High Point","/team/19651/16340",826,"Big South",1,2023,16340
19651,"High Point","/team/19651/15860",826,"Big South",1,2022,15860
19651,"High Point","/team/19651/15580",826,"Big South",1,2021,15580
19651,"High Point","/team/19651/15204",826,"Big South",1,2020,15204
19651,"High Point","/team/19651/15204",826,"Big South",1,2019,15204
19651,"High Point","/team/19651/12973",826,"Big South",1,2018,12973
19651,"High Point","/team/19651/12560",826,"Big South",1,2017,12560
19651,"High Point","/team/19651/12360",826,"Big South",1,2016,12360
19651,"High Point","/team/19651/12080",826,"Big South",1,2015,12080
19651,"High Point","/team/19651/11620",826,"Big South",1,2014,11620
19651,"High Point","/team/19651/11320",826,"Big South",1,2013,11320
19651,"High Point","/team/19651/10942",826,"Big South",1,2012,10942
19651,"High Point","/team/19651/10561",826,"Big South",1,2011,10561
19651,"High Point","/team/19651/10240",826,"Big South",1,2010,10240
363,"Longwood","/team/363/16580",826,"Big South",1,2024,16580
363,"Longwood","/team/363/16340",826,"Big South",1,2023,16340
363,"Longwood","/team/363/15860",826,"Big South",1,2022,15860
363,"Longwood","/team/363/15580",826,"Big South",1,2021,15580
363,"Longwood","/team/363/15204",826,"Big South",1,2020,15204
363,"Longwood","/team/363/15204",826,"Big South",1,2019,15204
363,"Longwood","/team/363/12973",826,"Big South",1,2018,12973
363,"Longwood","/team/363/12560",826,"Big South",1,2017,12560
363,"Longwood","/team/363/12360",826,"Big South",1,2016,12360
363,"Longwood","/team/363/12080",826,"Big South",1,2015,12080
363,"Longwood","/team/363/11620",826,"Big South",1,2014,11620
363,"Longwood","/team/363/11320",826,"Big South",1,2013,11320
1320,"Presbyterian","/team/1320/16580",826,"Big South",1,2024,16580
1320,"Presbyterian","/team/1320/16340",826,"Big South",1,2023,16340
1320,"Presbyterian","/team/1320/15860",826,"Big South",1,2022,15860
1320,"Presbyterian","/team/1320/15580",826,"Big South",1,2021,15580
1320,"Presbyterian","/team/1320/15204",826,"Big South",1,2020,15204
1320,"Presbyterian","/team/1320/15204",826,"Big South",1,2019,15204
1320,"Presbyterian","/team/1320/12973",826,"Big South",1,2018,12973
1320,"Presbyterian","/team/1320/12560",826,"Big South",1,2017,12560
1320,"Presbyterian","/team/1320/12360",826,"Big South",1,2016,12360
1320,"Presbyterian","/team/1320/12080",826,"Big South",1,2015,12080
1320,"Presbyterian","/team/1320/11620",826,"Big South",1,2014,11620
1320,"Presbyterian","/team/1320/11320",826,"Big South",1,2013,11320
1320,"Presbyterian","/team/1320/10942",826,"Big South",1,2012,10942
1320,"Presbyterian","/team/1320/10561",826,"Big South",1,2011,10561
1320,"Presbyterian","/team/1320/10240",826,"Big South",1,2010,10240
563,"Radford","/team/563/16580",826,"Big South",1,2024,16580
563,"Radford","/team/563/16340",826,"Big South",1,2023,16340
563,"Radford","/team/563/15860",826,"Big South",1,2022,15860
563,"Radford","/team/563/15580",826,"Big South",1,2021,15580
563,"Radford","/team/563/15204",826,"Big South",1,2020,15204
563,"Radford","/team/563/15204",826,"Big South",1,2019,15204
563,"Radford","/team/563/12973",826,"Big South",1,2018,12973
563,"Radford","/team/563/12560",826,"Big South",1,2017,12560
563,"Radford","/team/563/12360",826,"Big South",1,2016,12360
563,"Radford","/team/563/12080",826,"Big South",1,2015,12080
563,"Radford","/team/563/11620",826,"Big South",1,2014,11620
563,"Radford","/team/563/11320",826,"Big South",1,2013,11320
563,"Radford","/team/563/10942",826,"Big South",1,2012,10942
563,"Radford","/team/563/10561",826,"Big South",1,2011,10561
563,"Radford","/team/563/10240",826,"Big South",1,2010,10240
456,"UNC Asheville","/team/456/16580",826,"Big South",1,2024,16580
456,"UNC Asheville","/team/456/16340",826,"Big South",1,2023,16340
456,"UNC Asheville","/team/456/15860",826,"Big South",1,2022,15860
456,"UNC Asheville","/team/456/15580",826,"Big South",1,2021,15580
456,"UNC Asheville","/team/456/15204",826,"Big South",1,2020,15204
456,"UNC Asheville","/team/456/15204",826,"Big South",1,2019,15204
456,"UNC Asheville","/team/456/12973",826,"Big South",1,2018,12973
456,"UNC Asheville","/team/456/12560",826,"Big South",1,2017,12560
456,"UNC Asheville","/team/456/12360",826,"Big South",1,2016,12360
456,"UNC Asheville","/team/456/12080",826,"Big South",1,2015,12080
456,"UNC Asheville","/team/456/11620",826,"Big South",1,2014,11620
456,"UNC Asheville","/team/456/11320",826,"Big South",1,2013,11320
456,"UNC Asheville","/team/456/10942",826,"Big South",1,2012,10942
456,"UNC Asheville","/team/456/10561",826,"Big South",1,2011,10561
456,"UNC Asheville","/team/456/10240",826,"Big South",1,2010,10240
10411,"USC Upstate","/team/10411/16580",826,"Big South",1,2024,16580
10411,"USC Upstate","/team/10411/16340",826,"Big South",1,2023,16340
10411,"USC Upstate","/team/10411/15860",826,"Big South",1,2022,15860
10411,"USC Upstate","/team/10411/15580",826,"Big South",1,2021,15580
10411,"USC Upstate","/team/10411/15204",826,"Big South",1,2020,15204
10411,"USC Upstate","/team/10411/15204",826,"Big South",1,2019,15204
10411,"USC Upstate","/team/10411/12973",920,"ASUN",1,2018,12973
10411,"USC Upstate","/team/10411/12560",920,"ASUN",1,2017,12560
10411,"USC Upstate","/team/10411/12360",920,"ASUN",1,2016,12360
10411,"USC Upstate","/team/10411/12080",920,"ASUN",1,2015,12080
10411,"USC Upstate","/team/10411/11620",920,"ASUN",1,2014,11620
10411,"USC Upstate","/team/10411/11320",920,"ASUN",1,2013,11320
10411,"USC Upstate","/team/10411/10942",920,"ASUN",1,2012,10942
10411,"USC Upstate","/team/10411/10561",920,"ASUN",1,2011,10561
10411,"USC Upstate","/team/10411/10240",920,"ASUN",1,2010,10240
792,"Winthrop","/team/792/16580",826,"Big South",1,2024,16580
792,"Winthrop","/team/792/16340",826,"Big South",1,2023,16340
792,"Winthrop","/team/792/15860",826,"Big South",1,2022,15860
792,"Winthrop","/team/792/15580",826,"Big South",1,2021,15580
792,"Winthrop","/team/792/15204",826,"Big South",1,2020,15204
792,"Winthrop","/team/792/15204",826,"Big South",1,2019,15204
792,"Winthrop","/team/792/12973",826,"Big South",1,2018,12973
792,"Winthrop","/team/792/12560",826,"Big South",1,2017,12560
792,"Winthrop","/team/792/12360",826,"Big South",1,2016,12360
792,"Winthrop","/team/792/12080",826,"Big South",1,2015,12080
792,"Winthrop","/team/792/11620",826,"Big South",1,2014,11620
792,"Winthrop","/team/792/11320",826,"Big South",1,2013,11320
792,"Winthrop","/team/792/10942",826,"Big South",1,2012,10942
792,"Winthrop","/team/792/10561",826,"Big South",1,2011,10561
792,"Winthrop","/team/792/10240",826,"Big South",1,2010,10240
301,"Illinois","/team/301/16580",827,"Big Ten",1,2024,16580
301,"Illinois","/team/301/16340",827,"Big Ten",1,2023,16340
301,"Illinois","/team/301/15860",827,"Big Ten",1,2022,15860
301,"Illinois","/team/301/15580",827,"Big Ten",1,2021,15580
301,"Illinois","/team/301/15204",827,"Big Ten",1,2020,15204
301,"Illinois","/team/301/15204",827,"Big Ten",1,2019,15204
301,"Illinois","/team/301/12973",827,"Big Ten",1,2018,12973
301,"Illinois","/team/301/12560",827,"Big Ten",1,2017,12560
301,"Illinois","/team/301/12360",827,"Big Ten",1,2016,12360
301,"Illinois","/team/301/12080",827,"Big Ten",1,2015,12080
301,"Illinois","/team/301/11620",827,"Big Ten",1,2014,11620
301,"Illinois","/team/301/11320",827,"Big Ten",1,2013,11320
301,"Illinois","/team/301/10942",827,"Big Ten",1,2012,10942
301,"Illinois","/team/301/10561",827,"Big Ten",1,2011,10561
301,"Illinois","/team/301/10240",827,"Big Ten",1,2010,10240
299,"Illinois St.","/team/299/16580",884,"MVC",1,2024,16580
299,"Illinois St.","/team/299/16340",884,"MVC",1,2023,16340
299,"Illinois St.","/team/299/15860",884,"MVC",1,2022,15860
299,"Illinois St.","/team/299/15580",884,"MVC",1,2021,15580
299,"Illinois St.","/team/299/15204",884,"MVC",1,2020,15204
299,"Illinois St.","/team/299/15204",884,"MVC",1,2019,15204
299,"Illinois St.","/team/299/12973",884,"MVC",1,2018,12973
299,"Illinois St.","/team/299/12560",884,"MVC",1,2017,12560
299,"Illinois St.","/team/299/12360",884,"MVC",1,2016,12360
299,"Illinois St.","/team/299/12080",884,"MVC",1,2015,12080
299,"Illinois St.","/team/299/11620",884,"MVC",1,2014,11620
299,"Illinois St.","/team/299/11320",884,"MVC",1,2013,11320
299,"Illinois St.","/team/299/10942",884,"MVC",1,2012,10942
299,"Illinois St.","/team/299/10561",884,"MVC",1,2011,10561
299,"Illinois St.","/team/299/10240",884,"MVC",1,2010,10240
297,"Illinois Col.","/team/297/16580",23119,"MWC",3,2024,16580
297,"Illinois Col.","/team/297/16340",23119,"MWC",3,2023,16340
297,"Illinois Col.","/team/297/15860",23119,"MWC",3,2022,15860
297,"Illinois Col.","/team/297/15580",23119,"MWC",3,2021,15580
297,"Illinois Col.","/team/297/15204",23119,"MWC",3,2020,15204
297,"Illinois Col.","/team/297/14781",23119,"MWC",3,2019,14781
297,"Illinois Col.","/team/297/12973",23119,"MWC",3,2018,12973
297,"Illinois Col.","/team/297/12560",23119,"MWC",3,2017,12560
297,"Illinois Col.","/team/297/12360",23119,"MWC",3,2016,12360
297,"Illinois Col.","/team/297/12080",23119,"MWC",3,2015,12080
297,"Illinois Col.","/team/297/11620",23119,"MWC",3,2014,11620
297,"Illinois Col.","/team/297/11320",23119,"MWC",3,2013,11320
297,"Illinois Col.","/team/297/10942",23119,"MWC",3,2012,10942
297,"Illinois Col.","/team/297/10561",23119,"MWC",3,2011,10561
297,"Illinois Col.","/team/297/10240",23119,"MWC",3,2010,10240
306,"Indiana","/team/306/16580",827,"Big Ten",1,2024,16580
306,"Indiana","/team/306/16340",827,"Big Ten",1,2023,16340
306,"Indiana","/team/306/15860",827,"Big Ten",1,2022,15860
306,"Indiana","/team/306/15580",827,"Big Ten",1,2021,15580
306,"Indiana","/team/306/15204",827,"Big Ten",1,2020,15204
306,"Indiana","/team/306/15204",827,"Big Ten",1,2019,15204
306,"Indiana","/team/306/12973",827,"Big Ten",1,2018,12973
306,"Indiana","/team/306/12560",827,"Big Ten",1,2017,12560
306,"Indiana","/team/306/12360",827,"Big Ten",1,2016,12360
306,"Indiana","/team/306/12080",827,"Big Ten",1,2015,12080
306,"Indiana","/team/306/11620",827,"Big Ten",1,2014,11620
306,"Indiana","/team/306/11320",827,"Big Ten",1,2013,11320
306,"Indiana","/team/306/10942",827,"Big Ten",1,2012,10942
306,"Indiana","/team/306/10561",827,"Big Ten",1,2011,10561
306,"Indiana","/team/306/10240",827,"Big Ten",1,2010,10240
305,"Indiana St.","/team/305/16580",884,"MVC",1,2024,16580
305,"Indiana St.","/team/305/16340",884,"MVC",1,2023,16340
305,"Indiana St.","/team/305/15860",884,"MVC",1,2022,15860
305,"Indiana St.","/team/305/15580",884,"MVC",1,2021,15580
305,"Indiana St.","/team/305/15204",884,"MVC",1,2020,15204
305,"Indiana St.","/team/305/15204",884,"MVC",1,2019,15204
305,"Indiana St.","/team/305/12973",884,"MVC",1,2018,12973
305,"Indiana St.","/team/305/12560",884,"MVC",1,2017,12560
305,"Indiana St.","/team/305/12360",884,"MVC",1,2016,12360
305,"Indiana St.","/team/305/12080",884,"MVC",1,2015,12080
305,"Indiana St.","/team/305/11620",884,"MVC",1,2014,11620
305,"Indiana St.","/team/305/11320",884,"MVC",1,2013,11320
305,"Indiana St.","/team/305/10942",884,"MVC",1,2012,10942
305,"Indiana St.","/team/305/10561",884,"MVC",1,2011,10561
305,"Indiana St.","/team/305/10240",884,"MVC",1,2010,10240
307,"Indiana (PA)","/team/307/16580",906,"PSAC",2,2024,16580
307,"Indiana (PA)","/team/307/16340",906,"PSAC",2,2023,16340
307,"Indiana (PA)","/team/307/15860",906,"PSAC",2,2022,15860
307,"Indiana (PA)","/team/307/15580",906,"PSAC",2,2021,15580
307,"Indiana (PA)","/team/307/15204",906,"PSAC",2,2020,15204
307,"Indiana (PA)","/team/307/14781",906,"PSAC",2,2019,14781
307,"Indiana (PA)","/team/307/12973",906,"PSAC",2,2018,12973
307,"Indiana (PA)","/team/307/12560",906,"PSAC",2,2017,12560
307,"Indiana (PA)","/team/307/12360",906,"PSAC",2,2016,12360
307,"Indiana (PA)","/team/307/12080",906,"PSAC",2,2015,12080
307,"Indiana (PA)","/team/307/11620",906,"PSAC",2,2014,11620
307,"Indiana (PA)","/team/307/11320",906,"PSAC",2,2013,11320
307,"Indiana (PA)","/team/307/10942",906,"PSAC",2,2012,10942
307,"Indiana (PA)","/team/307/10561",906,"PSAC",2,2011,10561
307,"Indiana (PA)","/team/307/10240",906,"PSAC",2,2010,10240
312,"Iowa","/team/312/16580",827,"Big Ten",1,2024,16580
312,"Iowa","/team/312/16340",827,"Big Ten",1,2023,16340
312,"Iowa","/team/312/15860",827,"Big Ten",1,2022,15860
312,"Iowa","/team/312/15580",827,"Big Ten",1,2021,15580
312,"Iowa","/team/312/15204",827,"Big Ten",1,2020,15204
312,"Iowa","/team/312/15204",827,"Big Ten",1,2019,15204
312,"Iowa","/team/312/12973",827,"Big Ten",1,2018,12973
312,"Iowa","/team/312/12560",827,"Big Ten",1,2017,12560
312,"Iowa","/team/312/12360",827,"Big Ten",1,2016,12360
312,"Iowa","/team/312/12080",827,"Big Ten",1,2015,12080
312,"Iowa","/team/312/11620",827,"Big Ten",1,2014,11620
312,"Iowa","/team/312/11320",827,"Big Ten",1,2013,11320
312,"Iowa","/team/312/10942",827,"Big Ten",1,2012,10942
312,"Iowa","/team/312/10561",827,"Big Ten",1,2011,10561
312,"Iowa","/team/312/10240",827,"Big Ten",1,2010,10240
728,"Upper Iowa","/team/728/16580",12853,"NSIC",2,2024,16580
728,"Upper Iowa","/team/728/16340",12853,"NSIC",2,2023,16340
728,"Upper Iowa","/team/728/15860",12853,"NSIC",2,2022,15860
728,"Upper Iowa","/team/728/15580",12853,"NSIC",2,2021,15580
728,"Upper Iowa","/team/728/15204",12853,"NSIC",2,2020,15204
728,"Upper Iowa","/team/728/14781",12853,"NSIC",2,2019,14781
728,"Upper Iowa","/team/728/12973",12853,"NSIC",2,2018,12973
728,"Upper Iowa","/team/728/12560",12853,"NSIC",2,2017,12560
728,"Upper Iowa","/team/728/12360",12853,"NSIC",2,2016,12360
728,"Upper Iowa","/team/728/12080",12853,"NSIC",2,2015,12080
728,"Upper Iowa","/team/728/11620",12853,"NSIC",2,2014,11620
728,"Upper Iowa","/team/728/11320",12853,"NSIC",2,2013,11320
728,"Upper Iowa","/team/728/10942",12853,"NSIC",2,2012,10942
728,"Upper Iowa","/team/728/10561",12853,"NSIC",2,2011,10561
728,"Upper Iowa","/team/728/10240",12853,"NSIC",2,2010,10240
30173,"Iowa Wesleyan","/team/30173/15580",12974,"SLIAC",3,2021,15580
30173,"Iowa Wesleyan","/team/30173/15204",12974,"SLIAC",3,2020,15204
30173,"Iowa Wesleyan","/team/30173/14781",12974,"SLIAC",3,2019,14781
30173,"Iowa Wesleyan","/team/30173/12973",12974,"SLIAC",3,2018,12973
392,"Maryland","/team/392/16580",827,"Big Ten",1,2024,16580
392,"Maryland","/team/392/16340",827,"Big Ten",1,2023,16340
392,"Maryland","/team/392/15860",827,"Big Ten",1,2022,15860
392,"Maryland","/team/392/15580",827,"Big Ten",1,2021,15580
392,"Maryland","/team/392/15204",827,"Big Ten",1,2020,15204
392,"Maryland","/team/392/15204",827,"Big Ten",1,2019,15204
392,"Maryland","/team/392/12973",827,"Big Ten",1,2018,12973
392,"Maryland","/team/392/12560",827,"Big Ten",1,2017,12560
392,"Maryland","/team/392/12360",827,"Big Ten",1,2016,12360
392,"Maryland","/team/392/12080",827,"Big Ten",1,2015,12080
392,"Maryland","/team/392/11620",821,"ACC",1,2014,11620
392,"Maryland","/team/392/11320",821,"ACC",1,2013,11320
392,"Maryland","/team/392/10942",821,"ACC",1,2012,10942
392,"Maryland","/team/392/10561",821,"ACC",1,2011,10561
392,"Maryland","/team/392/10240",821,"ACC",1,2010,10240
418,"Michigan","/team/418/16580",827,"Big Ten",1,2024,16580
418,"Michigan","/team/418/16340",827,"Big Ten",1,2023,16340
418,"Michigan","/team/418/15860",827,"Big Ten",1,2022,15860
418,"Michigan","/team/418/15580",827,"Big Ten",1,2021,15580
418,"Michigan","/team/418/15204",827,"Big Ten",1,2020,15204
418,"Michigan","/team/418/15204",827,"Big Ten",1,2019,15204
418,"Michigan","/team/418/12973",827,"Big Ten",1,2018,12973
418,"Michigan","/team/418/12560",827,"Big Ten",1,2017,12560
418,"Michigan","/team/418/12360",827,"Big Ten",1,2016,12360
418,"Michigan","/team/418/12080",827,"Big Ten",1,2015,12080
418,"Michigan","/team/418/11620",827,"Big Ten",1,2014,11620
418,"Michigan","/team/418/11320",827,"Big Ten",1,2013,11320
418,"Michigan","/team/418/10942",827,"Big Ten",1,2012,10942
418,"Michigan","/team/418/10561",827,"Big Ten",1,2011,10561
418,"Michigan","/team/418/10240",827,"Big Ten",1,2010,10240
416,"Michigan St.","/team/416/16580",827,"Big Ten",1,2024,16580
416,"Michigan St.","/team/416/16340",827,"Big Ten",1,2023,16340
416,"Michigan St.","/team/416/15860",827,"Big Ten",1,2022,15860
416,"Michigan St.","/team/416/15580",827,"Big Ten",1,2021,15580
416,"Michigan St.","/team/416/15204",827,"Big Ten",1,2020,15204
416,"Michigan St.","/team/416/15204",827,"Big Ten",1,2019,15204
416,"Michigan St.","/team/416/12973",827,"Big Ten",1,2018,12973
416,"Michigan St.","/team/416/12560",827,"Big Ten",1,2017,12560
416,"Michigan St.","/team/416/12360",827,"Big Ten",1,2016,12360
416,"Michigan St.","/team/416/12080",827,"Big Ten",1,2015,12080
416,"Michigan St.","/team/416/11620",827,"Big Ten",1,2014,11620
416,"Michigan St.","/team/416/11320",827,"Big Ten",1,2013,11320
416,"Michigan St.","/team/416/10942",827,"Big Ten",1,2012,10942
416,"Michigan St.","/team/416/10561",827,"Big Ten",1,2011,10561
416,"Michigan St.","/team/416/10240",827,"Big Ten",1,2010,10240
416,"Michigan St.","/team/416/16580",827,"Big Ten",1,2024,16580
416,"Michigan St.","/team/416/16340",827,"Big Ten",1,2023,16340
416,"Michigan St.","/team/416/15860",827,"Big Ten",1,2022,15860
416,"Michigan St.","/team/416/15580",827,"Big Ten",1,2021,15580
416,"Michigan St.","/team/416/15204",827,"Big Ten",1,2020,15204
416,"Michigan St.","/team/416/15204",827,"Big Ten",1,2019,15204
416,"Michigan St.","/team/416/12973",827,"Big Ten",1,2018,12973
416,"Michigan St.","/team/416/12560",827,"Big Ten",1,2017,12560
416,"Michigan St.","/team/416/12360",827,"Big Ten",1,2016,12360
416,"Michigan St.","/team/416/12080",827,"Big Ten",1,2015,12080
416,"Michigan St.","/team/416/11620",827,"Big Ten",1,2014,11620
416,"Michigan St.","/team/416/11320",827,"Big Ten",1,2013,11320
416,"Michigan St.","/team/416/10942",827,"Big Ten",1,2012,10942
416,"Michigan St.","/team/416/10561",827,"Big Ten",1,2011,10561
416,"Michigan St.","/team/416/10240",827,"Big Ten",1,2010,10240
428,"Minnesota","/team/428/16580",827,"Big Ten",1,2024,16580
428,"Minnesota","/team/428/16340",827,"Big Ten",1,2023,16340
428,"Minnesota","/team/428/15860",827,"Big Ten",1,2022,15860
428,"Minnesota","/team/428/15580",827,"Big Ten",1,2021,15580
428,"Minnesota","/team/428/15204",827,"Big Ten",1,2020,15204
428,"Minnesota","/team/428/15204",827,"Big Ten",1,2019,15204
428,"Minnesota","/team/428/12973",827,"Big Ten",1,2018,12973
428,"Minnesota","/team/428/12560",827,"Big Ten",1,2017,12560
428,"Minnesota","/team/428/12360",827,"Big Ten",1,2016,12360
428,"Minnesota","/team/428/12080",827,"Big Ten",1,2015,12080
428,"Minnesota","/team/428/11620",827,"Big Ten",1,2014,11620
428,"Minnesota","/team/428/11320",827,"Big Ten",1,2013,11320
428,"Minnesota","/team/428/10942",827,"Big Ten",1,2012,10942
428,"Minnesota","/team/428/10561",827,"Big Ten",1,2011,10561
428,"Minnesota","/team/428/10240",827,"Big Ten",1,2010,10240
383,"Minnesota St.","/team/383/16580",12853,"NSIC",2,2024,16580
383,"Minnesota St.","/team/383/16340",12853,"NSIC",2,2023,16340
383,"Minnesota St.","/team/383/15860",12853,"NSIC",2,2022,15860
383,"Minnesota St.","/team/383/15580",12853,"NSIC",2,2021,15580
383,"Minnesota St.","/team/383/15204",12853,"NSIC",2,2020,15204
383,"Minnesota St.","/team/383/14781",12853,"NSIC",2,2019,14781
383,"Minnesota St.","/team/383/12973",12853,"NSIC",2,2018,12973
383,"Minnesota St.","/team/383/12560",12853,"NSIC",2,2017,12560
383,"Minnesota St.","/team/383/12360",12853,"NSIC",2,2016,12360
383,"Minnesota St.","/team/383/12080",12853,"NSIC",2,2015,12080
383,"Minnesota St.","/team/383/11620",12853,"NSIC",2,2014,11620
383,"Minnesota St.","/team/383/11320",12853,"NSIC",2,2013,11320
383,"Minnesota St.","/team/383/10942",12853,"NSIC",2,2012,10942
383,"Minnesota St.","/team/383/10561",12853,"NSIC",2,2011,10561
383,"Minnesota St.","/team/383/10240",12853,"NSIC",2,2010,10240
463,"Nebraska","/team/463/16580",827,"Big Ten",1,2024,16580
463,"Nebraska","/team/463/16340",827,"Big Ten",1,2023,16340
463,"Nebraska","/team/463/15860",827,"Big Ten",1,2022,15860
463,"Nebraska","/team/463/15580",827,"Big Ten",1,2021,15580
463,"Nebraska","/team/463/15204",827,"Big Ten",1,2020,15204
463,"Nebraska","/team/463/15204",827,"Big Ten",1,2019,15204
463,"Nebraska","/team/463/12973",827,"Big Ten",1,2018,12973
463,"Nebraska","/team/463/12560",827,"Big Ten",1,2017,12560
463,"Nebraska","/team/463/12360",827,"Big Ten",1,2016,12360
463,"Nebraska","/team/463/12080",827,"Big Ten",1,2015,12080
463,"Nebraska","/team/463/11620",827,"Big Ten",1,2014,11620
463,"Nebraska","/team/463/11320",827,"Big Ten",1,2013,11320
463,"Nebraska","/team/463/10942",827,"Big Ten",1,2012,10942
463,"Nebraska","/team/463/10561",25354,"Big 12",1,2011,10561
463,"Nebraska","/team/463/10240",25354,"Big 12",1,2010,10240
509,"Northwestern","/team/509/16580",827,"Big Ten",1,2024,16580
509,"Northwestern","/team/509/16340",827,"Big Ten",1,2023,16340
509,"Northwestern","/team/509/15860",827,"Big Ten",1,2022,15860
509,"Northwestern","/team/509/15580",827,"Big Ten",1,2021,15580
509,"Northwestern","/team/509/15204",827,"Big Ten",1,2020,15204
509,"Northwestern","/team/509/15204",827,"Big Ten",1,2019,15204
509,"Northwestern","/team/509/12973",827,"Big Ten",1,2018,12973
509,"Northwestern","/team/509/12560",827,"Big Ten",1,2017,12560
509,"Northwestern","/team/509/12360",827,"Big Ten",1,2016,12360
509,"Northwestern","/team/509/12080",827,"Big Ten",1,2015,12080
509,"Northwestern","/team/509/11620",827,"Big Ten",1,2014,11620
509,"Northwestern","/team/509/11320",827,"Big Ten",1,2013,11320
509,"Northwestern","/team/509/10942",827,"Big Ten",1,2012,10942
509,"Northwestern","/team/509/10561",827,"Big Ten",1,2011,10561
509,"Northwestern","/team/509/10240",827,"Big Ten",1,2010,10240
508,"Northwestern St.","/team/508/16580",914,"Southland",1,2024,16580
508,"Northwestern St.","/team/508/16340",914,"Southland",1,2023,16340
508,"Northwestern St.","/team/508/15860",914,"Southland",1,2022,15860
508,"Northwestern St.","/team/508/15580",914,"Southland",1,2021,15580
508,"Northwestern St.","/team/508/15204",914,"Southland",1,2020,15204
508,"Northwestern St.","/team/508/15204",914,"Southland",1,2019,15204
508,"Northwestern St.","/team/508/12973",914,"Southland",1,2018,12973
508,"Northwestern St.","/team/508/12560",914,"Southland",1,2017,12560
508,"Northwestern St.","/team/508/12360",914,"Southland",1,2016,12360
508,"Northwestern St.","/team/508/12080",914,"Southland",1,2015,12080
508,"Northwestern St.","/team/508/11620",914,"Southland",1,2014,11620
508,"Northwestern St.","/team/508/11320",914,"Southland",1,2013,11320
508,"Northwestern St.","/team/508/10942",914,"Southland",1,2012,10942
508,"Northwestern St.","/team/508/10561",914,"Southland",1,2011,10561
508,"Northwestern St.","/team/508/10240",914,"Southland",1,2010,10240
30178,"Northwestern Okla.","/team/30178/16580",30144,"GAC",2,2024,16580
30178,"Northwestern Okla.","/team/30178/16340",30144,"GAC",2,2023,16340
30178,"Northwestern Okla.","/team/30178/15860",30144,"GAC",2,2022,15860
30178,"Northwestern Okla.","/team/30178/15580",30144,"GAC",2,2021,15580
30178,"Northwestern Okla.","/team/30178/15204",30144,"GAC",2,2020,15204
30178,"Northwestern Okla.","/team/30178/14781",30144,"GAC",2,2019,14781
30178,"Northwestern Okla.","/team/30178/12973",30144,"GAC",2,2018,12973
30178,"Northwestern Okla.","/team/30178/12560",30144,"GAC",2,2017,12560
30178,"Northwestern Okla.","/team/30178/12360",30144,"GAC",2,2016,12360
30031,"Northwestern-St. Paul","/team/30031/16580",30115,"UMAC",3,2024,16580
30031,"Northwestern-St. Paul","/team/30031/16340",30115,"UMAC",3,2023,16340
30031,"Northwestern-St. Paul","/team/30031/15860",30115,"UMAC",3,2022,15860
30031,"Northwestern-St. Paul","/team/30031/15580",30115,"UMAC",3,2021,15580
30031,"Northwestern-St. Paul","/team/30031/15204",30115,"UMAC",3,2020,15204
30031,"Northwestern-St. Paul","/team/30031/14781",30115,"UMAC",3,2019,14781
30031,"Northwestern-St. Paul","/team/30031/12973",30115,"UMAC",3,2018,12973
30031,"Northwestern-St. Paul","/team/30031/12560",30115,"UMAC",3,2017,12560
30031,"Northwestern-St. Paul","/team/30031/12360",30115,"UMAC",3,2016,12360
30031,"Northwestern-St. Paul","/team/30031/12080",30115,"UMAC",3,2015,12080
30031,"Northwestern-St. Paul","/team/30031/11620",30115,"UMAC",3,2014,11620
30031,"Northwestern-St. Paul","/team/30031/11320",30115,"UMAC",3,2013,11320
30031,"Northwestern-St. Paul","/team/30031/10942",30115,"UMAC",3,2012,10942
30031,"Northwestern-St. Paul","/team/30031/10561",30115,"UMAC",3,2011,10561
30031,"Northwestern-St. Paul","/team/30031/10240",30115,"UMAC",3,2010,10240
518,"Ohio St.","/team/518/16580",827,"Big Ten",1,2024,16580
518,"Ohio St.","/team/518/16340",827,"Big Ten",1,2023,16340
518,"Ohio St.","/team/518/15860",827,"Big Ten",1,2022,15860
518,"Ohio St.","/team/518/15580",827,"Big Ten",1,2021,15580
518,"Ohio St.","/team/518/15204",827,"Big Ten",1,2020,15204
518,"Ohio St.","/team/518/15204",827,"Big Ten",1,2019,15204
518,"Ohio St.","/team/518/12973",827,"Big Ten",1,2018,12973
518,"Ohio St.","/team/518/12560",827,"Big Ten",1,2017,12560
518,"Ohio St.","/team/518/12360",827,"Big Ten",1,2016,12360
518,"Ohio St.","/team/518/12080",827,"Big Ten",1,2015,12080
518,"Ohio St.","/team/518/11620",827,"Big Ten",1,2014,11620
518,"Ohio St.","/team/518/11320",827,"Big Ten",1,2013,11320
518,"Ohio St.","/team/518/10942",827,"Big Ten",1,2012,10942
518,"Ohio St.","/team/518/10561",827,"Big Ten",1,2011,10561
518,"Ohio St.","/team/518/10240",827,"Big Ten",1,2010,10240
539,"Penn St.","/team/539/16580",827,"Big Ten",1,2024,16580
539,"Penn St.","/team/539/16340",827,"Big Ten",1,2023,16340
539,"Penn St.","/team/539/15860",827,"Big Ten",1,2022,15860
539,"Penn St.","/team/539/15580",827,"Big Ten",1,2021,15580
539,"Penn St.","/team/539/15204",827,"Big Ten",1,2020,15204
539,"Penn St.","/team/539/15204",827,"Big Ten",1,2019,15204
539,"Penn St.","/team/539/12973",827,"Big Ten",1,2018,12973
539,"Penn St.","/team/539/12560",827,"Big Ten",1,2017,12560
539,"Penn St.","/team/539/12360",827,"Big Ten",1,2016,12360
539,"Penn St.","/team/539/12080",827,"Big Ten",1,2015,12080
539,"Penn St.","/team/539/11620",827,"Big Ten",1,2014,11620
539,"Penn St.","/team/539/11320",827,"Big Ten",1,2013,11320
539,"Penn St.","/team/539/10942",827,"Big Ten",1,2012,10942
539,"Penn St.","/team/539/10561",827,"Big Ten",1,2011,10561
539,"Penn St.","/team/539/10240",827,"Big Ten",1,2010,10240
30081,"Penn St. Harrisburg","/team/30081/16580",30071,"United East",3,2024,16580
30081,"Penn St. Harrisburg","/team/30081/16340",30071,"United East",3,2023,16340
30081,"Penn St. Harrisburg","/team/30081/15860",30071,"United East",3,2022,15860
30081,"Penn St. Harrisburg","/team/30081/15580",30071,"United East",3,2021,15580
30081,"Penn St. Harrisburg","/team/30081/15204",30071,"United East",3,2020,15204
30081,"Penn St. Harrisburg","/team/30081/14781",15810,"C2C",3,2019,14781
30081,"Penn St. Harrisburg","/team/30081/12973",15810,"C2C",3,2018,12973
30081,"Penn St. Harrisburg","/team/30081/12560",15810,"C2C",3,2017,12560
30081,"Penn St. Harrisburg","/team/30081/12360",15810,"C2C",3,2016,12360
30081,"Penn St. Harrisburg","/team/30081/12080",30071,"United East",3,2015,12080
30081,"Penn St. Harrisburg","/team/30081/11620",30071,"United East",3,2014,11620
30081,"Penn St. Harrisburg","/team/30081/11320",30071,"United East",3,2013,11320
30081,"Penn St. Harrisburg","/team/30081/10942",30071,"United East",3,2012,10942
30081,"Penn St. Harrisburg","/team/30081/10561",30071,"United East",3,2011,10561
30081,"Penn St. Harrisburg","/team/30081/10240",30071,"United East",3,2010,10240
30114,"Penn St.-Abington","/team/30114/16580",30071,"United East",3,2024,16580
30114,"Penn St.-Abington","/team/30114/16340",30071,"United East",3,2023,16340
30114,"Penn St.-Abington","/team/30114/15860",30071,"United East",3,2022,15860
30114,"Penn St.-Abington","/team/30114/15580",30071,"United East",3,2021,15580
30114,"Penn St.-Abington","/team/30114/15204",30071,"United East",3,2020,15204
30114,"Penn St.-Abington","/team/30114/14781",30071,"United East",3,2019,14781
30114,"Penn St.-Abington","/team/30114/12973",30071,"United East",3,2018,12973
30114,"Penn St.-Abington","/team/30114/12560",30071,"United East",3,2017,12560
30114,"Penn St.-Abington","/team/30114/12360",30071,"United East",3,2016,12360
30114,"Penn St.-Abington","/team/30114/12080",30071,"United East",3,2015,12080
30114,"Penn St.-Abington","/team/30114/11620",30071,"United East",3,2014,11620
30114,"Penn St.-Abington","/team/30114/11320",30071,"United East",3,2013,11320
30114,"Penn St.-Abington","/team/30114/10942",30071,"United East",3,2012,10942
30114,"Penn St.-Abington","/team/30114/10561",30071,"United East",3,2011,10561
30114,"Penn St.-Abington","/team/30114/10240",30071,"United East",3,2010,10240
25719,"Penn St.-Altoona","/team/25719/16580",30022,"AMCC",3,2024,16580
25719,"Penn St.-Altoona","/team/25719/16340",30022,"AMCC",3,2023,16340
25719,"Penn St.-Altoona","/team/25719/15860",30022,"AMCC",3,2022,15860
25719,"Penn St.-Altoona","/team/25719/15580",30022,"AMCC",3,2021,15580
25719,"Penn St.-Altoona","/team/25719/15204",30022,"AMCC",3,2020,15204
25719,"Penn St.-Altoona","/team/25719/14781",30022,"AMCC",3,2019,14781
25719,"Penn St.-Altoona","/team/25719/12973",30022,"AMCC",3,2018,12973
25719,"Penn St.-Altoona","/team/25719/12560",30022,"AMCC",3,2017,12560
25719,"Penn St.-Altoona","/team/25719/12360",30022,"AMCC",3,2016,12360
25719,"Penn St.-Altoona","/team/25719/12080",30022,"AMCC",3,2015,12080
25719,"Penn St.-Altoona","/team/25719/11620",30022,"AMCC",3,2014,11620
25719,"Penn St.-Altoona","/team/25719/11320",30022,"AMCC",3,2013,11320
25719,"Penn St.-Altoona","/team/25719/10942",30022,"AMCC",3,2012,10942
25719,"Penn St.-Altoona","/team/25719/10561",30022,"AMCC",3,2011,10561
25719,"Penn St.-Altoona","/team/25719/10240",30022,"AMCC",3,2010,10240
538,"Penn St.-Behrend","/team/538/16580",30022,"AMCC",3,2024,16580
538,"Penn St.-Behrend","/team/538/16340",30022,"AMCC",3,2023,16340
538,"Penn St.-Behrend","/team/538/15860",30022,"AMCC",3,2022,15860
538,"Penn St.-Behrend","/team/538/15580",30022,"AMCC",3,2021,15580
538,"Penn St.-Behrend","/team/538/15204",30022,"AMCC",3,2020,15204
538,"Penn St.-Behrend","/team/538/14781",30022,"AMCC",3,2019,14781
538,"Penn St.-Behrend","/team/538/12973",30022,"AMCC",3,2018,12973
538,"Penn St.-Behrend","/team/538/12560",30022,"AMCC",3,2017,12560
538,"Penn St.-Behrend","/team/538/12360",30022,"AMCC",3,2016,12360
538,"Penn St.-Behrend","/team/538/12080",30022,"AMCC",3,2015,12080
538,"Penn St.-Behrend","/team/538/11620",30022,"AMCC",3,2014,11620
538,"Penn St.-Behrend","/team/538/11320",30022,"AMCC",3,2013,11320
538,"Penn St.-Behrend","/team/538/10942",30022,"AMCC",3,2012,10942
538,"Penn St.-Behrend","/team/538/10561",30022,"AMCC",3,2011,10561
538,"Penn St.-Behrend","/team/538/10240",30022,"AMCC",3,2010,10240
30044,"Penn St.-Berks","/team/30044/16580",30071,"United East",3,2024,16580
30044,"Penn St.-Berks","/team/30044/16340",30071,"United East",3,2023,16340
30044,"Penn St.-Berks","/team/30044/15860",30071,"United East",3,2022,15860
30044,"Penn St.-Berks","/team/30044/15580",30071,"United East",3,2021,15580
30044,"Penn St.-Berks","/team/30044/15204",30071,"United East",3,2020,15204
30044,"Penn St.-Berks","/team/30044/14781",30071,"United East",3,2019,14781
30044,"Penn St.-Berks","/team/30044/12973",30071,"United East",3,2018,12973
30044,"Penn St.-Berks","/team/30044/12560",30071,"United East",3,2017,12560
30044,"Penn St.-Berks","/team/30044/12360",30071,"United East",3,2016,12360
30044,"Penn St.-Berks","/team/30044/12080",30071,"United East",3,2015,12080
30044,"Penn St.-Berks","/team/30044/11620",30071,"United East",3,2014,11620
30044,"Penn St.-Berks","/team/30044/11320",30071,"United East",3,2013,11320
30044,"Penn St.-Berks","/team/30044/10942",30071,"United East",3,2012,10942
30044,"Penn St.-Berks","/team/30044/10561",30071,"United East",3,2011,10561
30044,"Penn St.-Berks","/team/30044/10240",30071,"United East",3,2010,10240
559,"Purdue","/team/559/16580",827,"Big Ten",1,2024,16580
559,"Purdue","/team/559/16340",827,"Big Ten",1,2023,16340
559,"Purdue","/team/559/15860",827,"Big Ten",1,2022,15860
559,"Purdue","/team/559/15580",827,"Big Ten",1,2021,15580
559,"Purdue","/team/559/15204",827,"Big Ten",1,2020,15204
559,"Purdue","/team/559/15204",827,"Big Ten",1,2019,15204
559,"Purdue","/team/559/12973",827,"Big Ten",1,2018,12973
559,"Purdue","/team/559/12560",827,"Big Ten",1,2017,12560
559,"Purdue","/team/559/12360",827,"Big Ten",1,2016,12360
559,"Purdue","/team/559/12080",827,"Big Ten",1,2015,12080
559,"Purdue","/team/559/11620",827,"Big Ten",1,2014,11620
559,"Purdue","/team/559/11320",827,"Big Ten",1,2013,11320
559,"Purdue","/team/559/10942",827,"Big Ten",1,2012,10942
559,"Purdue","/team/559/10561",827,"Big Ten",1,2011,10561
559,"Purdue","/team/559/10240",827,"Big Ten",1,2010,10240
308,"Purdue Fort Wayne","/team/308/16580",881,"Horizon",1,2024,16580
308,"Purdue Fort Wayne","/team/308/16340",881,"Horizon",1,2023,16340
308,"Purdue Fort Wayne","/team/308/15860",881,"Horizon",1,2022,15860
308,"Purdue Fort Wayne","/team/308/15580",881,"Horizon",1,2021,15580
308,"Purdue Fort Wayne","/team/308/15204",819,"Summit League",1,2020,15204
308,"Purdue Fort Wayne","/team/308/15204",819,"Summit League",1,2019,15204
308,"Purdue Fort Wayne","/team/308/12973",819,"Summit League",1,2018,12973
308,"Purdue Fort Wayne","/team/308/12560",819,"Summit League",1,2017,12560
308,"Purdue Fort Wayne","/team/308/12360",819,"Summit League",1,2016,12360
308,"Purdue Fort Wayne","/team/308/12080",819,"Summit League",1,2015,12080
308,"Purdue Fort Wayne","/team/308/11620",819,"Summit League",1,2014,11620
308,"Purdue Fort Wayne","/team/308/11320",819,"Summit League",1,2013,11320
308,"Purdue Fort Wayne","/team/308/10942",819,"Summit League",1,2012,10942
308,"Purdue Fort Wayne","/team/308/10561",819,"Summit League",1,2011,10561
308,"Purdue Fort Wayne","/team/308/10240",819,"Summit League",1,2010,10240
30222,"Purdue Northwest","/team/30222/16580",854,"GLIAC",2,2024,16580
30222,"Purdue Northwest","/team/30222/16340",854,"GLIAC",2,2023,16340
30222,"Purdue Northwest","/team/30222/15860",854,"GLIAC",2,2022,15860
30222,"Purdue Northwest","/team/30222/15580",854,"GLIAC",2,2021,15580
30222,"Purdue Northwest","/team/30222/15204",854,"GLIAC",2,2020,15204
30222,"Purdue Northwest","/team/30222/14781",854,"GLIAC",2,2019,14781
30222,"Purdue Northwest","/team/30222/12973",854,"GLIAC",2,2018,12973
30222,"Purdue Northwest","/team/30222/12560",854,"GLIAC",2,2017,12560
587,"Rutgers","/team/587/16580",827,"Big Ten",1,2024,16580
587,"Rutgers","/team/587/16340",827,"Big Ten",1,2023,16340
587,"Rutgers","/team/587/15860",827,"Big Ten",1,2022,15860
587,"Rutgers","/team/587/15580",827,"Big Ten",1,2021,15580
587,"Rutgers","/team/587/15204",827,"Big Ten",1,2020,15204
587,"Rutgers","/team/587/15204",827,"Big Ten",1,2019,15204
587,"Rutgers","/team/587/12973",827,"Big Ten",1,2018,12973
587,"Rutgers","/team/587/12560",827,"Big Ten",1,2017,12560
587,"Rutgers","/team/587/12360",827,"Big Ten",1,2016,12360
587,"Rutgers","/team/587/12080",827,"Big Ten",1,2015,12080
587,"Rutgers","/team/587/11620",823,"AAC",1,2014,11620
587,"Rutgers","/team/587/11320",823,"AAC",1,2013,11320
587,"Rutgers","/team/587/10942",823,"AAC",1,2012,10942
587,"Rutgers","/team/587/10561",823,"AAC",1,2011,10561
587,"Rutgers","/team/587/10240",823,"AAC",1,2010,10240
588,"Rutgers-Camden","/team/588/16580",891,"NJAC",3,2024,16580
588,"Rutgers-Camden","/team/588/16340",891,"NJAC",3,2023,16340
588,"Rutgers-Camden","/team/588/15860",891,"NJAC",3,2022,15860
588,"Rutgers-Camden","/team/588/15580",891,"NJAC",3,2021,15580
588,"Rutgers-Camden","/team/588/15204",891,"NJAC",3,2020,15204
588,"Rutgers-Camden","/team/588/14781",891,"NJAC",3,2019,14781
588,"Rutgers-Camden","/team/588/12973",891,"NJAC",3,2018,12973
588,"Rutgers-Camden","/team/588/12560",891,"NJAC",3,2017,12560
588,"Rutgers-Camden","/team/588/12360",891,"NJAC",3,2016,12360
588,"Rutgers-Camden","/team/588/12080",891,"NJAC",3,2015,12080
588,"Rutgers-Camden","/team/588/11620",891,"NJAC",3,2014,11620
588,"Rutgers-Camden","/team/588/11320",891,"NJAC",3,2013,11320
588,"Rutgers-Camden","/team/588/10942",891,"NJAC",3,2012,10942
588,"Rutgers-Camden","/team/588/10561",891,"NJAC",3,2011,10561
588,"Rutgers-Camden","/team/588/10240",891,"NJAC",3,2010,10240
589,"Rutgers-Newark","/team/589/16580",891,"NJAC",3,2024,16580
589,"Rutgers-Newark","/team/589/16340",891,"NJAC",3,2023,16340
589,"Rutgers-Newark","/team/589/15860",891,"NJAC",3,2022,15860
589,"Rutgers-Newark","/team/589/15580",891,"NJAC",3,2021,15580
589,"Rutgers-Newark","/team/589/15204",891,"NJAC",3,2020,15204
589,"Rutgers-Newark","/team/589/14781",891,"NJAC",3,2019,14781
589,"Rutgers-Newark","/team/589/12973",891,"NJAC",3,2018,12973
589,"Rutgers-Newark","/team/589/12560",891,"NJAC",3,2017,12560
589,"Rutgers-Newark","/team/589/12360",891,"NJAC",3,2016,12360
589,"Rutgers-Newark","/team/589/12080",891,"NJAC",3,2015,12080
589,"Rutgers-Newark","/team/589/11620",891,"NJAC",3,2014,11620
589,"Rutgers-Newark","/team/589/11320",891,"NJAC",3,2013,11320
589,"Rutgers-Newark","/team/589/10942",891,"NJAC",3,2012,10942
589,"Rutgers-Newark","/team/589/10561",891,"NJAC",3,2011,10561
589,"Rutgers-Newark","/team/589/10240",891,"NJAC",3,2010,10240
94,"CSU Bakersfield","/team/94/16580",904,"Big West",1,2024,16580
94,"CSU Bakersfield","/team/94/16340",904,"Big West",1,2023,16340
94,"CSU Bakersfield","/team/94/15860",904,"Big West",1,2022,15860
94,"CSU Bakersfield","/team/94/15580",904,"Big West",1,2021,15580
94,"CSU Bakersfield","/team/94/15204",923,"WAC",1,2020,15204
94,"CSU Bakersfield","/team/94/15204",923,"WAC",1,2019,15204
94,"CSU Bakersfield","/team/94/12973",923,"WAC",1,2018,12973
94,"CSU Bakersfield","/team/94/12560",923,"WAC",1,2017,12560
94,"CSU Bakersfield","/team/94/12360",923,"WAC",1,2016,12360
94,"CSU Bakersfield","/team/94/12080",923,"WAC",1,2015,12080
94,"CSU Bakersfield","/team/94/11620",923,"WAC",1,2014,11620
94,"CSU Bakersfield","/team/94/11320",923,"WAC",1,2013,11320
101,"CSUN","/team/101/16580",904,"Big West",1,2024,16580
101,"CSUN","/team/101/16340",904,"Big West",1,2023,16340
101,"CSUN","/team/101/15860",904,"Big West",1,2022,15860
101,"CSUN","/team/101/15580",904,"Big West",1,2021,15580
101,"CSUN","/team/101/15204",904,"Big West",1,2020,15204
101,"CSUN","/team/101/15204",904,"Big West",1,2019,15204
101,"CSUN","/team/101/12973",904,"Big West",1,2018,12973
101,"CSUN","/team/101/12560",904,"Big West",1,2017,12560
101,"CSUN","/team/101/12360",904,"Big West",1,2016,12360
101,"CSUN","/team/101/12080",904,"Big West",1,2015,12080
101,"CSUN","/team/101/11620",904,"Big West",1,2014,11620
101,"CSUN","/team/101/11320",904,"Big West",1,2013,11320
101,"CSUN","/team/101/10942",904,"Big West",1,2012,10942
101,"CSUN","/team/101/10561",904,"Big West",1,2011,10561
101,"CSUN","/team/101/10240",904,"Big West",1,2010,10240
90,"Cal Poly","/team/90/16580",904,"Big West",1,2024,16580
90,"Cal Poly","/team/90/16340",904,"Big West",1,2023,16340
90,"Cal Poly","/team/90/15860",904,"Big West",1,2022,15860
90,"Cal Poly","/team/90/15580",904,"Big West",1,2021,15580
90,"Cal Poly","/team/90/15204",904,"Big West",1,2020,15204
90,"Cal Poly","/team/90/15204",904,"Big West",1,2019,15204
90,"Cal Poly","/team/90/12973",904,"Big West",1,2018,12973
90,"Cal Poly","/team/90/12560",904,"Big West",1,2017,12560
90,"Cal Poly","/team/90/12360",904,"Big West",1,2016,12360
90,"Cal Poly","/team/90/12080",904,"Big West",1,2015,12080
90,"Cal Poly","/team/90/11620",904,"Big West",1,2014,11620
90,"Cal Poly","/team/90/11320",904,"Big West",1,2013,11320
90,"Cal Poly","/team/90/10942",904,"Big West",1,2012,10942
90,"Cal Poly","/team/90/10561",904,"Big West",1,2011,10561
90,"Cal Poly","/team/90/10240",904,"Big West",1,2010,10240
91,"Cal Poly Pomona","/team/91/16580",828,"CCAA",2,2024,16580
91,"Cal Poly Pomona","/team/91/16340",828,"CCAA",2,2023,16340
91,"Cal Poly Pomona","/team/91/15860",828,"CCAA",2,2022,15860
91,"Cal Poly Pomona","/team/91/15580",828,"CCAA",2,2021,15580
91,"Cal Poly Pomona","/team/91/15204",828,"CCAA",2,2020,15204
91,"Cal Poly Pomona","/team/91/14781",828,"CCAA",2,2019,14781
91,"Cal Poly Pomona","/team/91/12973",828,"CCAA",2,2018,12973
91,"Cal Poly Pomona","/team/91/12560",828,"CCAA",2,2017,12560
91,"Cal Poly Pomona","/team/91/12360",828,"CCAA",2,2016,12360
91,"Cal Poly Pomona","/team/91/12080",828,"CCAA",2,2015,12080
91,"Cal Poly Pomona","/team/91/11620",828,"CCAA",2,2014,11620
91,"Cal Poly Pomona","/team/91/11320",828,"CCAA",2,2013,11320
91,"Cal Poly Pomona","/team/91/10942",828,"CCAA",2,2012,10942
91,"Cal Poly Pomona","/team/91/10561",828,"CCAA",2,2011,10561
91,"Cal Poly Pomona","/team/91/10240",828,"CCAA",2,2010,10240
97,"Cal St. Fullerton","/team/97/16580",904,"Big West",1,2024,16580
97,"Cal St. Fullerton","/team/97/16340",904,"Big West",1,2023,16340
97,"Cal St. Fullerton","/team/97/15860",904,"Big West",1,2022,15860
97,"Cal St. Fullerton","/team/97/15580",904,"Big West",1,2021,15580
97,"Cal St. Fullerton","/team/97/15204",904,"Big West",1,2020,15204
97,"Cal St. Fullerton","/team/97/15204",904,"Big West",1,2019,15204
97,"Cal St. Fullerton","/team/97/12973",904,"Big West",1,2018,12973
97,"Cal St. Fullerton","/team/97/12560",904,"Big West",1,2017,12560
97,"Cal St. Fullerton","/team/97/12360",904,"Big West",1,2016,12360
97,"Cal St. Fullerton","/team/97/12080",904,"Big West",1,2015,12080
97,"Cal St. Fullerton","/team/97/11620",904,"Big West",1,2014,11620
97,"Cal St. Fullerton","/team/97/11320",904,"Big West",1,2013,11320
97,"Cal St. Fullerton","/team/97/10942",904,"Big West",1,2012,10942
97,"Cal St. Fullerton","/team/97/10561",904,"Big West",1,2011,10561
97,"Cal St. Fullerton","/team/97/10240",904,"Big West",1,2010,10240
277,"Hawaii","/team/277/16580",904,"Big West",1,2024,16580
277,"Hawaii","/team/277/16340",904,"Big West",1,2023,16340
277,"Hawaii","/team/277/15860",904,"Big West",1,2022,15860
277,"Hawaii","/team/277/15580",904,"Big West",1,2021,15580
277,"Hawaii","/team/277/15204",904,"Big West",1,2020,15204
277,"Hawaii","/team/277/15204",904,"Big West",1,2019,15204
277,"Hawaii","/team/277/12973",904,"Big West",1,2018,12973
277,"Hawaii","/team/277/12560",904,"Big West",1,2017,12560
277,"Hawaii","/team/277/12360",904,"Big West",1,2016,12360
277,"Hawaii","/team/277/12080",904,"Big West",1,2015,12080
277,"Hawaii","/team/277/11620",904,"Big West",1,2014,11620
277,"Hawaii","/team/277/11320",904,"Big West",1,2013,11320
277,"Hawaii","/team/277/10942",923,"WAC",1,2012,10942
277,"Hawaii","/team/277/10561",923,"WAC",1,2011,10561
277,"Hawaii","/team/277/10240",923,"WAC",1,2010,10240
2697,"Hawaii Hilo","/team/2697/16580",19591,"PacWest",2,2024,16580
2697,"Hawaii Hilo","/team/2697/16340",19591,"PacWest",2,2023,16340
2697,"Hawaii Hilo","/team/2697/15860",19591,"PacWest",2,2022,15860
2697,"Hawaii Hilo","/team/2697/15580",19591,"PacWest",2,2021,15580
2697,"Hawaii Hilo","/team/2697/15204",19591,"PacWest",2,2020,15204
2697,"Hawaii Hilo","/team/2697/14781",19591,"PacWest",2,2019,14781
2697,"Hawaii Hilo","/team/2697/12973",19591,"PacWest",2,2018,12973
2697,"Hawaii Hilo","/team/2697/12560",19591,"PacWest",2,2017,12560
2697,"Hawaii Hilo","/team/2697/12360",19591,"PacWest",2,2016,12360
2697,"Hawaii Hilo","/team/2697/12080",19591,"PacWest",2,2015,12080
2697,"Hawaii Hilo","/team/2697/11620",19591,"PacWest",2,2014,11620
2697,"Hawaii Hilo","/team/2697/11320",19591,"PacWest",2,2013,11320
2697,"Hawaii Hilo","/team/2697/10942",19591,"PacWest",2,2012,10942
2697,"Hawaii Hilo","/team/2697/10561",19591,"PacWest",2,2011,10561
2697,"Hawaii Hilo","/team/2697/10240",19591,"PacWest",2,2010,10240
2696,"Hawaii Pacific","/team/2696/16580",19591,"PacWest",2,2024,16580
2696,"Hawaii Pacific","/team/2696/16340",19591,"PacWest",2,2023,16340
2696,"Hawaii Pacific","/team/2696/15860",19591,"PacWest",2,2022,15860
2696,"Hawaii Pacific","/team/2696/15580",19591,"PacWest",2,2021,15580
2696,"Hawaii Pacific","/team/2696/15204",19591,"PacWest",2,2020,15204
2696,"Hawaii Pacific","/team/2696/14781",19591,"PacWest",2,2019,14781
2696,"Hawaii Pacific","/team/2696/12973",19591,"PacWest",2,2018,12973
2696,"Hawaii Pacific","/team/2696/12560",19591,"PacWest",2,2017,12560
2696,"Hawaii Pacific","/team/2696/12360",19591,"PacWest",2,2016,12360
2696,"Hawaii Pacific","/team/2696/12080",19591,"PacWest",2,2015,12080
2696,"Hawaii Pacific","/team/2696/11620",19591,"PacWest",2,2014,11620
2696,"Hawaii Pacific","/team/2696/11320",19591,"PacWest",2,2013,11320
2696,"Hawaii Pacific","/team/2696/10942",19591,"PacWest",2,2012,10942
2696,"Hawaii Pacific","/team/2696/10561",19591,"PacWest",2,2011,10561
2696,"Hawaii Pacific","/team/2696/10240",19591,"PacWest",2,2010,10240
99,"Long Beach St.","/team/99/16580",904,"Big West",1,2024,16580
99,"Long Beach St.","/team/99/16340",904,"Big West",1,2023,16340
99,"Long Beach St.","/team/99/15860",904,"Big West",1,2022,15860
99,"Long Beach St.","/team/99/15580",904,"Big West",1,2021,15580
99,"Long Beach St.","/team/99/15204",904,"Big West",1,2020,15204
99,"Long Beach St.","/team/99/15204",904,"Big West",1,2019,15204
99,"Long Beach St.","/team/99/12973",904,"Big West",1,2018,12973
99,"Long Beach St.","/team/99/12560",904,"Big West",1,2017,12560
99,"Long Beach St.","/team/99/12360",904,"Big West",1,2016,12360
99,"Long Beach St.","/team/99/12080",904,"Big West",1,2015,12080
99,"Long Beach St.","/team/99/11620",904,"Big West",1,2014,11620
99,"Long Beach St.","/team/99/11320",904,"Big West",1,2013,11320
99,"Long Beach St.","/team/99/10942",904,"Big West",1,2012,10942
99,"Long Beach St.","/team/99/10561",904,"Big West",1,2011,10561
99,"Long Beach St.","/team/99/10240",904,"Big West",1,2010,10240
108,"UC Davis","/team/108/16580",904,"Big West",1,2024,16580
108,"UC Davis","/team/108/16340",904,"Big West",1,2023,16340
108,"UC Davis","/team/108/15860",904,"Big West",1,2022,15860
108,"UC Davis","/team/108/15580",904,"Big West",1,2021,15580
108,"UC Davis","/team/108/15204",904,"Big West",1,2020,15204
108,"UC Davis","/team/108/15204",904,"Big West",1,2019,15204
108,"UC Davis","/team/108/12973",904,"Big West",1,2018,12973
108,"UC Davis","/team/108/12560",904,"Big West",1,2017,12560
108,"UC Davis","/team/108/12360",904,"Big West",1,2016,12360
108,"UC Davis","/team/108/12080",904,"Big West",1,2015,12080
108,"UC Davis","/team/108/11620",904,"Big West",1,2014,11620
108,"UC Davis","/team/108/11320",904,"Big West",1,2013,11320
108,"UC Davis","/team/108/10942",904,"Big West",1,2012,10942
108,"UC Davis","/team/108/10561",904,"Big West",1,2011,10561
108,"UC Davis","/team/108/10240",904,"Big West",1,2010,10240
109,"UC Irvine","/team/109/16580",904,"Big West",1,2024,16580
109,"UC Irvine","/team/109/16340",904,"Big West",1,2023,16340
109,"UC Irvine","/team/109/15860",904,"Big West",1,2022,15860
109,"UC Irvine","/team/109/15580",904,"Big West",1,2021,15580
109,"UC Irvine","/team/109/15204",904,"Big West",1,2020,15204
109,"UC Irvine","/team/109/15204",904,"Big West",1,2019,15204
109,"UC Irvine","/team/109/12973",904,"Big West",1,2018,12973
109,"UC Irvine","/team/109/12560",904,"Big West",1,2017,12560
109,"UC Irvine","/team/109/12360",904,"Big West",1,2016,12360
109,"UC Irvine","/team/109/12080",904,"Big West",1,2015,12080
109,"UC Irvine","/team/109/11620",904,"Big West",1,2014,11620
109,"UC Irvine","/team/109/11320",904,"Big West",1,2013,11320
109,"UC Irvine","/team/109/10942",904,"Big West",1,2012,10942
109,"UC Irvine","/team/109/10561",904,"Big West",1,2011,10561
109,"UC Irvine","/team/109/10240",904,"Big West",1,2010,10240
111,"UC Riverside","/team/111/16580",904,"Big West",1,2024,16580
111,"UC Riverside","/team/111/16340",904,"Big West",1,2023,16340
111,"UC Riverside","/team/111/15860",904,"Big West",1,2022,15860
111,"UC Riverside","/team/111/15580",904,"Big West",1,2021,15580
111,"UC Riverside","/team/111/15204",904,"Big West",1,2020,15204
111,"UC Riverside","/team/111/15204",904,"Big West",1,2019,15204
111,"UC Riverside","/team/111/12973",904,"Big West",1,2018,12973
111,"UC Riverside","/team/111/12560",904,"Big West",1,2017,12560
111,"UC Riverside","/team/111/12360",904,"Big West",1,2016,12360
111,"UC Riverside","/team/111/12080",904,"Big West",1,2015,12080
111,"UC Riverside","/team/111/11620",904,"Big West",1,2014,11620
111,"UC Riverside","/team/111/11320",904,"Big West",1,2013,11320
111,"UC Riverside","/team/111/10942",904,"Big West",1,2012,10942
111,"UC Riverside","/team/111/10561",904,"Big West",1,2011,10561
111,"UC Riverside","/team/111/10240",904,"Big West",1,2010,10240
112,"UC San Diego","/team/112/16580",904,"Big West",1,2024,16580
112,"UC San Diego","/team/112/16340",904,"Big West",1,2023,16340
112,"UC San Diego","/team/112/15860",904,"Big West",1,2022,15860
112,"UC San Diego","/team/112/15580",904,"Big West",1,2021,15580
112,"UC San Diego","/team/112/15204",828,"CCAA",2,2020,15204
112,"UC San Diego","/team/112/14781",828,"CCAA",2,2019,14781
112,"UC San Diego","/team/112/12973",828,"CCAA",2,2018,12973
112,"UC San Diego","/team/112/12560",828,"CCAA",2,2017,12560
112,"UC San Diego","/team/112/12360",828,"CCAA",2,2016,12360
112,"UC San Diego","/team/112/12080",828,"CCAA",2,2015,12080
112,"UC San Diego","/team/112/11620",828,"CCAA",2,2014,11620
112,"UC San Diego","/team/112/11320",828,"CCAA",2,2013,11320
112,"UC San Diego","/team/112/10942",828,"CCAA",2,2012,10942
112,"UC San Diego","/team/112/10561",828,"CCAA",2,2011,10561
112,"UC San Diego","/team/112/10240",828,"CCAA",2,2010,10240
104,"UC Santa Barbara","/team/104/16580",904,"Big West",1,2024,16580
104,"UC Santa Barbara","/team/104/16340",904,"Big West",1,2023,16340
104,"UC Santa Barbara","/team/104/15860",904,"Big West",1,2022,15860
104,"UC Santa Barbara","/team/104/15580",904,"Big West",1,2021,15580
104,"UC Santa Barbara","/team/104/15204",904,"Big West",1,2020,15204
104,"UC Santa Barbara","/team/104/15204",904,"Big West",1,2019,15204
104,"UC Santa Barbara","/team/104/12973",904,"Big West",1,2018,12973
104,"UC Santa Barbara","/team/104/12560",904,"Big West",1,2017,12560
104,"UC Santa Barbara","/team/104/12360",904,"Big West",1,2016,12360
104,"UC Santa Barbara","/team/104/12080",904,"Big West",1,2015,12080
104,"UC Santa Barbara","/team/104/11620",904,"Big West",1,2014,11620
104,"UC Santa Barbara","/team/104/11320",904,"Big West",1,2013,11320
104,"UC Santa Barbara","/team/104/10942",904,"Big West",1,2012,10942
104,"UC Santa Barbara","/team/104/10561",904,"Big West",1,2011,10561
104,"UC Santa Barbara","/team/104/10240",904,"Big West",1,2010,10240
1014,"Col. of Charleston","/team/1014/16580",837,"CAA",1,2024,16580
1014,"Col. of Charleston","/team/1014/16340",837,"CAA",1,2023,16340
1014,"Col. of Charleston","/team/1014/15860",837,"CAA",1,2022,15860
1014,"Col. of Charleston","/team/1014/15580",837,"CAA",1,2021,15580
1014,"Col. of Charleston","/team/1014/15204",837,"CAA",1,2020,15204
1014,"Col. of Charleston","/team/1014/15204",837,"CAA",1,2019,15204
1014,"Col. of Charleston","/team/1014/12973",837,"CAA",1,2018,12973
1014,"Col. of Charleston","/team/1014/12560",837,"CAA",1,2017,12560
1014,"Col. of Charleston","/team/1014/12360",837,"CAA",1,2016,12360
1014,"Col. of Charleston","/team/1014/12080",837,"CAA",1,2015,12080
1014,"Col. of Charleston","/team/1014/11620",837,"CAA",1,2014,11620
1014,"Col. of Charleston","/team/1014/11320",912,"SoCon",1,2013,11320
1014,"Col. of Charleston","/team/1014/10942",912,"SoCon",1,2012,10942
1014,"Col. of Charleston","/team/1014/10561",912,"SoCon",1,2011,10561
1014,"Col. of Charleston","/team/1014/10240",912,"SoCon",1,2010,10240
180,"Delaware","/team/180/16580",837,"CAA",1,2024,16580
180,"Delaware","/team/180/16340",837,"CAA",1,2023,16340
180,"Delaware","/team/180/15860",837,"CAA",1,2022,15860
180,"Delaware","/team/180/15580",837,"CAA",1,2021,15580
180,"Delaware","/team/180/15204",837,"CAA",1,2020,15204
180,"Delaware","/team/180/15204",837,"CAA",1,2019,15204
180,"Delaware","/team/180/12973",837,"CAA",1,2018,12973
180,"Delaware","/team/180/12560",837,"CAA",1,2017,12560
180,"Delaware","/team/180/12360",837,"CAA",1,2016,12360
180,"Delaware","/team/180/12080",837,"CAA",1,2015,12080
180,"Delaware","/team/180/11620",837,"CAA",1,2014,11620
180,"Delaware","/team/180/11320",837,"CAA",1,2013,11320
180,"Delaware","/team/180/10942",837,"CAA",1,2012,10942
180,"Delaware","/team/180/10561",837,"CAA",1,2011,10561
180,"Delaware","/team/180/10240",837,"CAA",1,2010,10240
178,"Delaware St.","/team/178/16580",846,"NEC",1,2024,16580
178,"Delaware St.","/team/178/16340",846,"NEC",1,2023,16340
178,"Delaware St.","/team/178/15860",876,"MEAC",1,2022,15860
178,"Delaware St.","/team/178/15580",876,"MEAC",1,2021,15580
178,"Delaware St.","/team/178/15204",876,"MEAC",1,2020,15204
178,"Delaware St.","/team/178/15204",876,"MEAC",1,2019,15204
178,"Delaware St.","/team/178/12973",876,"MEAC",1,2018,12973
178,"Delaware St.","/team/178/12560",876,"MEAC",1,2017,12560
178,"Delaware St.","/team/178/12360",876,"MEAC",1,2016,12360
178,"Delaware St.","/team/178/12080",876,"MEAC",1,2015,12080
178,"Delaware St.","/team/178/11620",876,"MEAC",1,2014,11620
178,"Delaware St.","/team/178/11320",876,"MEAC",1,2013,11320
178,"Delaware St.","/team/178/10942",876,"MEAC",1,2012,10942
178,"Delaware St.","/team/178/10561",876,"MEAC",1,2011,10561
178,"Delaware St.","/team/178/10240",876,"MEAC",1,2010,10240
179,"Delaware Valley","/team/179/16580",28745,"MAC Freedom",3,2024,16580
179,"Delaware Valley","/team/179/16340",28745,"MAC Freedom",3,2023,16340
179,"Delaware Valley","/team/179/15860",28745,"MAC Freedom",3,2022,15860
179,"Delaware Valley","/team/179/15580",28745,"MAC Freedom",3,2021,15580
179,"Delaware Valley","/team/179/15204",28745,"MAC Freedom",3,2020,15204
179,"Delaware Valley","/team/179/14781",28745,"MAC Freedom",3,2019,14781
179,"Delaware Valley","/team/179/12973",28745,"MAC Freedom",3,2018,12973
179,"Delaware Valley","/team/179/12560",28745,"MAC Freedom",3,2017,12560
179,"Delaware Valley","/team/179/12360",28745,"MAC Freedom",3,2016,12360
179,"Delaware Valley","/team/179/12080",28745,"MAC Freedom",3,2015,12080
179,"Delaware Valley","/team/179/11620",28745,"MAC Freedom",3,2014,11620
179,"Delaware Valley","/team/179/11320",28745,"MAC Freedom",3,2013,11320
179,"Delaware Valley","/team/179/10942",28745,"MAC Freedom",3,2012,10942
179,"Delaware Valley","/team/179/10561",28745,"MAC Freedom",3,2011,10561
179,"Delaware Valley","/team/179/10240",28745,"MAC Freedom",3,2010,10240
1068,"Elon","/team/1068/16580",837,"CAA",1,2024,16580
1068,"Elon","/team/1068/16340",837,"CAA",1,2023,16340
1068,"Elon","/team/1068/15860",837,"CAA",1,2022,15860
1068,"Elon","/team/1068/15580",837,"CAA",1,2021,15580
1068,"Elon","/team/1068/15204",837,"CAA",1,2020,15204
1068,"Elon","/team/1068/15204",837,"CAA",1,2019,15204
1068,"Elon","/team/1068/12973",837,"CAA",1,2018,12973
1068,"Elon","/team/1068/12560",837,"CAA",1,2017,12560
1068,"Elon","/team/1068/12360",837,"CAA",1,2016,12360
1068,"Elon","/team/1068/12080",837,"CAA",1,2015,12080
1068,"Elon","/team/1068/11620",912,"SoCon",1,2014,11620
1068,"Elon","/team/1068/11320",912,"SoCon",1,2013,11320
1068,"Elon","/team/1068/10942",912,"SoCon",1,2012,10942
1068,"Elon","/team/1068/10561",912,"SoCon",1,2011,10561
1068,"Elon","/team/1068/10240",912,"SoCon",1,2010,10240
283,"Hofstra","/team/283/16580",837,"CAA",1,2024,16580
283,"Hofstra","/team/283/16340",837,"CAA",1,2023,16340
283,"Hofstra","/team/283/15860",837,"CAA",1,2022,15860
283,"Hofstra","/team/283/15580",837,"CAA",1,2021,15580
283,"Hofstra","/team/283/15204",837,"CAA",1,2020,15204
283,"Hofstra","/team/283/15204",837,"CAA",1,2019,15204
283,"Hofstra","/team/283/12973",837,"CAA",1,2018,12973
283,"Hofstra","/team/283/12560",837,"CAA",1,2017,12560
283,"Hofstra","/team/283/12360",837,"CAA",1,2016,12360
283,"Hofstra","/team/283/12080",837,"CAA",1,2015,12080
283,"Hofstra","/team/283/11620",837,"CAA",1,2014,11620
283,"Hofstra","/team/283/11320",837,"CAA",1,2013,11320
283,"Hofstra","/team/283/10942",837,"CAA",1,2012,10942
283,"Hofstra","/team/283/10561",837,"CAA",1,2011,10561
283,"Hofstra","/team/283/10240",837,"CAA",1,2010,10240
317,"James Madison","/team/317/16580",818,"Sun Belt",1,2024,16580
317,"James Madison","/team/317/16340",818,"Sun Belt",1,2023,16340
317,"James Madison","/team/317/15860",837,"CAA",1,2022,15860
317,"James Madison","/team/317/15580",837,"CAA",1,2021,15580
317,"James Madison","/team/317/15204",837,"CAA",1,2020,15204
317,"James Madison","/team/317/15204",837,"CAA",1,2019,15204
317,"James Madison","/team/317/12973",837,"CAA",1,2018,12973
317,"James Madison","/team/317/12560",837,"CAA",1,2017,12560
317,"James Madison","/team/317/12360",837,"CAA",1,2016,12360
317,"James Madison","/team/317/12080",837,"CAA",1,2015,12080
317,"James Madison","/team/317/11620",837,"CAA",1,2014,11620
317,"James Madison","/team/317/11320",837,"CAA",1,2013,11320
317,"James Madison","/team/317/10942",837,"CAA",1,2012,10942
317,"James Madison","/team/317/10561",837,"CAA",1,2011,10561
317,"James Madison","/team/317/10240",837,"CAA",1,2010,10240
500,"Northeastern","/team/500/16580",837,"CAA",1,2024,16580
500,"Northeastern","/team/500/16340",837,"CAA",1,2023,16340
500,"Northeastern","/team/500/15860",837,"CAA",1,2022,15860
500,"Northeastern","/team/500/15580",837,"CAA",1,2021,15580
500,"Northeastern","/team/500/15204",837,"CAA",1,2020,15204
500,"Northeastern","/team/500/15204",837,"CAA",1,2019,15204
500,"Northeastern","/team/500/12973",837,"CAA",1,2018,12973
500,"Northeastern","/team/500/12560",837,"CAA",1,2017,12560
500,"Northeastern","/team/500/12360",837,"CAA",1,2016,12360
500,"Northeastern","/team/500/12080",837,"CAA",1,2015,12080
500,"Northeastern","/team/500/11620",837,"CAA",1,2014,11620
500,"Northeastern","/team/500/11320",837,"CAA",1,2013,11320
500,"Northeastern","/team/500/10942",837,"CAA",1,2012,10942
500,"Northeastern","/team/500/10561",837,"CAA",1,2011,10561
500,"Northeastern","/team/500/10240",837,"CAA",1,2010,10240
12810,"Northeastern St.","/team/12810/16580",883,"Mid-America Intercollegiate",2,2024,16580
12810,"Northeastern St.","/team/12810/16340",883,"Mid-America Intercollegiate",2,2023,16340
12810,"Northeastern St.","/team/12810/15860",883,"Mid-America Intercollegiate",2,2022,15860
12810,"Northeastern St.","/team/12810/15580",883,"Mid-America Intercollegiate",2,2021,15580
12810,"Northeastern St.","/team/12810/15204",883,"Mid-America Intercollegiate",2,2020,15204
12810,"Northeastern St.","/team/12810/14781",883,"Mid-America Intercollegiate",2,2019,14781
12810,"Northeastern St.","/team/12810/12973",883,"Mid-America Intercollegiate",2,2018,12973
12810,"Northeastern St.","/team/12810/12560",883,"Mid-America Intercollegiate",2,2017,12560
12810,"Northeastern St.","/team/12810/12360",883,"Mid-America Intercollegiate",2,2016,12360
12810,"Northeastern St.","/team/12810/12080",883,"Mid-America Intercollegiate",2,2015,12080
12810,"Northeastern St.","/team/12810/11620",883,"Mid-America Intercollegiate",2,2014,11620
12810,"Northeastern St.","/team/12810/11320",883,"Mid-America Intercollegiate",2,2013,11320
12810,"Northeastern St.","/team/12810/10561",868,"Lone Star",2,2011,10561
12810,"Northeastern St.","/team/12810/10240",868,"Lone Star",2,2010,10240
711,"Towson","/team/711/16580",837,"CAA",1,2024,16580
711,"Towson","/team/711/16340",837,"CAA",1,2023,16340
711,"Towson","/team/711/15860",837,"CAA",1,2022,15860
711,"Towson","/team/711/15580",837,"CAA",1,2021,15580
711,"Towson","/team/711/15204",837,"CAA",1,2020,15204
711,"Towson","/team/711/15204",837,"CAA",1,2019,15204
711,"Towson","/team/711/12973",837,"CAA",1,2018,12973
711,"Towson","/team/711/12560",837,"CAA",1,2017,12560
711,"Towson","/team/711/12360",837,"CAA",1,2016,12360
711,"Towson","/team/711/12080",837,"CAA",1,2015,12080
711,"Towson","/team/711/11620",837,"CAA",1,2014,11620
711,"Towson","/team/711/11320",837,"CAA",1,2013,11320
711,"Towson","/team/711/10942",837,"CAA",1,2012,10942
711,"Towson","/team/711/10561",837,"CAA",1,2011,10561
711,"Towson","/team/711/10240",837,"CAA",1,2010,10240
460,"UNCW","/team/460/16580",837,"CAA",1,2024,16580
460,"UNCW","/team/460/16340",837,"CAA",1,2023,16340
460,"UNCW","/team/460/15860",837,"CAA",1,2022,15860
460,"UNCW","/team/460/15580",837,"CAA",1,2021,15580
460,"UNCW","/team/460/15204",837,"CAA",1,2020,15204
460,"UNCW","/team/460/15204",837,"CAA",1,2019,15204
460,"UNCW","/team/460/12973",837,"CAA",1,2018,12973
460,"UNCW","/team/460/12560",837,"CAA",1,2017,12560
460,"UNCW","/team/460/12360",837,"CAA",1,2016,12360
460,"UNCW","/team/460/12080",837,"CAA",1,2015,12080
460,"UNCW","/team/460/11620",837,"CAA",1,2014,11620
460,"UNCW","/team/460/11320",837,"CAA",1,2013,11320
460,"UNCW","/team/460/10942",837,"CAA",1,2012,10942
460,"UNCW","/team/460/10561",837,"CAA",1,2011,10561
460,"UNCW","/team/460/10240",837,"CAA",1,2010,10240
786,"William & Mary","/team/786/16580",837,"CAA",1,2024,16580
786,"William & Mary","/team/786/16340",837,"CAA",1,2023,16340
786,"William & Mary","/team/786/15860",837,"CAA",1,2022,15860
786,"William & Mary","/team/786/15580",837,"CAA",1,2021,15580
786,"William & Mary","/team/786/15204",837,"CAA",1,2020,15204
786,"William & Mary","/team/786/15204",837,"CAA",1,2019,15204
786,"William & Mary","/team/786/12973",837,"CAA",1,2018,12973
786,"William & Mary","/team/786/12560",837,"CAA",1,2017,12560
786,"William & Mary","/team/786/12360",837,"CAA",1,2016,12360
786,"William & Mary","/team/786/12080",837,"CAA",1,2015,12080
786,"William & Mary","/team/786/11620",837,"CAA",1,2014,11620
786,"William & Mary","/team/786/11320",837,"CAA",1,2013,11320
786,"William & Mary","/team/786/10942",837,"CAA",1,2012,10942
786,"William & Mary","/team/786/10561",837,"CAA",1,2011,10561
786,"William & Mary","/team/786/10240",837,"CAA",1,2010,10240
458,"Charlotte","/team/458/16580",823,"AAC",1,2024,16580
458,"Charlotte","/team/458/16340",24312,"C-USA",1,2023,16340
458,"Charlotte","/team/458/15860",24312,"C-USA",1,2022,15860
458,"Charlotte","/team/458/15580",24312,"C-USA",1,2021,15580
458,"Charlotte","/team/458/15204",24312,"C-USA",1,2020,15204
458,"Charlotte","/team/458/15204",24312,"C-USA",1,2019,15204
458,"Charlotte","/team/458/12973",24312,"C-USA",1,2018,12973
458,"Charlotte","/team/458/12560",24312,"C-USA",1,2017,12560
458,"Charlotte","/team/458/12360",24312,"C-USA",1,2016,12360
458,"Charlotte","/team/458/12080",24312,"C-USA",1,2015,12080
458,"Charlotte","/team/458/11620",24312,"C-USA",1,2014,11620
458,"Charlotte","/team/458/11320",820,"Atlantic 10",1,2013,11320
458,"Charlotte","/team/458/10942",820,"Atlantic 10",1,2012,10942
458,"Charlotte","/team/458/10561",820,"Atlantic 10",1,2011,10561
458,"Charlotte","/team/458/10240",820,"Atlantic 10",1,2010,10240
231,"FIU","/team/231/16580",24312,"CUSA",1,2024,16580
231,"FIU","/team/231/16340",24312,"C-USA",1,2023,16340
231,"FIU","/team/231/15860",24312,"C-USA",1,2022,15860
231,"FIU","/team/231/15580",24312,"C-USA",1,2021,15580
231,"FIU","/team/231/15204",24312,"C-USA",1,2020,15204
231,"FIU","/team/231/15204",24312,"C-USA",1,2019,15204
231,"FIU","/team/231/12973",24312,"C-USA",1,2018,12973
231,"FIU","/team/231/12560",24312,"C-USA",1,2017,12560
231,"FIU","/team/231/12360",24312,"C-USA",1,2016,12360
231,"FIU","/team/231/12080",24312,"C-USA",1,2015,12080
231,"FIU","/team/231/11620",24312,"C-USA",1,2014,11620
231,"FIU","/team/231/11320",818,"Sun Belt",1,2013,11320
231,"FIU","/team/231/10942",818,"Sun Belt",1,2012,10942
231,"FIU","/team/231/10561",818,"Sun Belt",1,2011,10561
231,"FIU","/team/231/10240",818,"Sun Belt",1,2010,10240
229,"Fla. Atlantic","/team/229/16580",823,"AAC",1,2024,16580
229,"Fla. Atlantic","/team/229/16340",24312,"C-USA",1,2023,16340
229,"Fla. Atlantic","/team/229/15860",24312,"C-USA",1,2022,15860
229,"Fla. Atlantic","/team/229/15580",24312,"C-USA",1,2021,15580
229,"Fla. Atlantic","/team/229/15204",24312,"C-USA",1,2020,15204
229,"Fla. Atlantic","/team/229/15204",24312,"C-USA",1,2019,15204
229,"Fla. Atlantic","/team/229/12973",24312,"C-USA",1,2018,12973
229,"Fla. Atlantic","/team/229/12560",24312,"C-USA",1,2017,12560
229,"Fla. Atlantic","/team/229/12360",24312,"C-USA",1,2016,12360
229,"Fla. Atlantic","/team/229/12080",24312,"C-USA",1,2015,12080
229,"Fla. Atlantic","/team/229/11620",24312,"C-USA",1,2014,11620
229,"Fla. Atlantic","/team/229/11320",818,"Sun Belt",1,2013,11320
229,"Fla. Atlantic","/team/229/10942",818,"Sun Belt",1,2012,10942
229,"Fla. Atlantic","/team/229/10561",818,"Sun Belt",1,2011,10561
229,"Fla. Atlantic","/team/229/10240",818,"Sun Belt",1,2010,10240
366,"Louisiana Tech","/team/366/16580",24312,"CUSA",1,2024,16580
366,"Louisiana Tech","/team/366/16340",24312,"C-USA",1,2023,16340
366,"Louisiana Tech","/team/366/15860",24312,"C-USA",1,2022,15860
366,"Louisiana Tech","/team/366/15580",24312,"C-USA",1,2021,15580
366,"Louisiana Tech","/team/366/15204",24312,"C-USA",1,2020,15204
366,"Louisiana Tech","/team/366/15204",24312,"C-USA",1,2019,15204
366,"Louisiana Tech","/team/366/12973",24312,"C-USA",1,2018,12973
366,"Louisiana Tech","/team/366/12560",24312,"C-USA",1,2017,12560
366,"Louisiana Tech","/team/366/12360",24312,"C-USA",1,2016,12360
366,"Louisiana Tech","/team/366/12080",24312,"C-USA",1,2015,12080
366,"Louisiana Tech","/team/366/11620",24312,"C-USA",1,2014,11620
366,"Louisiana Tech","/team/366/11320",923,"WAC",1,2013,11320
366,"Louisiana Tech","/team/366/10942",923,"WAC",1,2012,10942
366,"Louisiana Tech","/team/366/10561",923,"WAC",1,2011,10561
366,"Louisiana Tech","/team/366/10240",923,"WAC",1,2010,10240
388,"Marshall","/team/388/16580",818,"Sun Belt",1,2024,16580
388,"Marshall","/team/388/16340",818,"Sun Belt",1,2023,16340
388,"Marshall","/team/388/15860",24312,"C-USA",1,2022,15860
388,"Marshall","/team/388/15580",24312,"C-USA",1,2021,15580
388,"Marshall","/team/388/15204",24312,"C-USA",1,2020,15204
388,"Marshall","/team/388/15204",24312,"C-USA",1,2019,15204
388,"Marshall","/team/388/12973",24312,"C-USA",1,2018,12973
388,"Marshall","/team/388/12560",24312,"C-USA",1,2017,12560
388,"Marshall","/team/388/12360",24312,"C-USA",1,2016,12360
388,"Marshall","/team/388/12080",24312,"C-USA",1,2015,12080
388,"Marshall","/team/388/11620",24312,"C-USA",1,2014,11620
388,"Marshall","/team/388/11320",24312,"C-USA",1,2013,11320
388,"Marshall","/team/388/10942",24312,"C-USA",1,2012,10942
388,"Marshall","/team/388/10561",24312,"C-USA",1,2011,10561
388,"Marshall","/team/388/10240",24312,"C-USA",1,2010,10240
239,"Franklin & Marshall","/team/239/16580",9683,"Centennial",3,2024,16580
239,"Franklin & Marshall","/team/239/16340",9683,"Centennial",3,2023,16340
239,"Franklin & Marshall","/team/239/15860",9683,"Centennial",3,2022,15860
239,"Franklin & Marshall","/team/239/15580",9683,"Centennial",3,2021,15580
239,"Franklin & Marshall","/team/239/15204",9683,"Centennial",3,2020,15204
239,"Franklin & Marshall","/team/239/14781",9683,"Centennial",3,2019,14781
239,"Franklin & Marshall","/team/239/12973",9683,"Centennial",3,2018,12973
239,"Franklin & Marshall","/team/239/12560",9683,"Centennial",3,2017,12560
239,"Franklin & Marshall","/team/239/12360",9683,"Centennial",3,2016,12360
239,"Franklin & Marshall","/team/239/12080",9683,"Centennial",3,2015,12080
239,"Franklin & Marshall","/team/239/11620",9683,"Centennial",3,2014,11620
239,"Franklin & Marshall","/team/239/11320",9683,"Centennial",3,2013,11320
239,"Franklin & Marshall","/team/239/10942",9683,"Centennial",3,2012,10942
239,"Franklin & Marshall","/team/239/10561",9683,"Centennial",3,2011,10561
239,"Franklin & Marshall","/team/239/10240",9683,"Centennial",3,2010,10240
419,"Middle Tenn.","/team/419/16580",24312,"CUSA",1,2024,16580
419,"Middle Tenn.","/team/419/16340",24312,"C-USA",1,2023,16340
419,"Middle Tenn.","/team/419/15860",24312,"C-USA",1,2022,15860
419,"Middle Tenn.","/team/419/15580",24312,"C-USA",1,2021,15580
419,"Middle Tenn.","/team/419/15204",24312,"C-USA",1,2020,15204
419,"Middle Tenn.","/team/419/15204",24312,"C-USA",1,2019,15204
419,"Middle Tenn.","/team/419/12973",24312,"C-USA",1,2018,12973
419,"Middle Tenn.","/team/419/12560",24312,"C-USA",1,2017,12560
419,"Middle Tenn.","/team/419/12360",24312,"C-USA",1,2016,12360
419,"Middle Tenn.","/team/419/12080",24312,"C-USA",1,2015,12080
419,"Middle Tenn.","/team/419/11620",24312,"C-USA",1,2014,11620
419,"Middle Tenn.","/team/419/11320",818,"Sun Belt",1,2013,11320
419,"Middle Tenn.","/team/419/10942",818,"Sun Belt",1,2012,10942
419,"Middle Tenn.","/team/419/10561",818,"Sun Belt",1,2011,10561
419,"Middle Tenn.","/team/419/10240",818,"Sun Belt",1,2010,10240
523,"Old Dominion","/team/523/16580",818,"Sun Belt",1,2024,16580
523,"Old Dominion","/team/523/16340",818,"Sun Belt",1,2023,16340
523,"Old Dominion","/team/523/15860",24312,"C-USA",1,2022,15860
523,"Old Dominion","/team/523/15580",24312,"C-USA",1,2021,15580
523,"Old Dominion","/team/523/15204",24312,"C-USA",1,2020,15204
523,"Old Dominion","/team/523/15204",24312,"C-USA",1,2019,15204
523,"Old Dominion","/team/523/12973",24312,"C-USA",1,2018,12973
523,"Old Dominion","/team/523/12560",24312,"C-USA",1,2017,12560
523,"Old Dominion","/team/523/12360",24312,"C-USA",1,2016,12360
523,"Old Dominion","/team/523/12080",24312,"C-USA",1,2015,12080
523,"Old Dominion","/team/523/11620",24312,"C-USA",1,2014,11620
523,"Old Dominion","/team/523/11320",837,"CAA",1,2013,11320
523,"Old Dominion","/team/523/10942",837,"CAA",1,2012,10942
523,"Old Dominion","/team/523/10561",837,"CAA",1,2011,10561
523,"Old Dominion","/team/523/10240",837,"CAA",1,2010,10240
574,"Rice","/team/574/16580",823,"AAC",1,2024,16580
574,"Rice","/team/574/16340",24312,"C-USA",1,2023,16340
574,"Rice","/team/574/15860",24312,"C-USA",1,2022,15860
574,"Rice","/team/574/15580",24312,"C-USA",1,2021,15580
574,"Rice","/team/574/15204",24312,"C-USA",1,2020,15204
574,"Rice","/team/574/15204",24312,"C-USA",1,2019,15204
574,"Rice","/team/574/12973",24312,"C-USA",1,2018,12973
574,"Rice","/team/574/12560",24312,"C-USA",1,2017,12560
574,"Rice","/team/574/12360",24312,"C-USA",1,2016,12360
574,"Rice","/team/574/12080",24312,"C-USA",1,2015,12080
574,"Rice","/team/574/11620",24312,"C-USA",1,2014,11620
574,"Rice","/team/574/11320",24312,"C-USA",1,2013,11320
574,"Rice","/team/574/10942",24312,"C-USA",1,2012,10942
574,"Rice","/team/574/10561",24312,"C-USA",1,2011,10561
574,"Rice","/team/574/10240",24312,"C-USA",1,2010,10240
664,"Southern Miss.","/team/664/16580",818,"Sun Belt",1,2024,16580
664,"Southern Miss.","/team/664/16340",818,"Sun Belt",1,2023,16340
664,"Southern Miss.","/team/664/15860",24312,"C-USA",1,2022,15860
664,"Southern Miss.","/team/664/15580",24312,"C-USA",1,2021,15580
664,"Southern Miss.","/team/664/15204",24312,"C-USA",1,2020,15204
664,"Southern Miss.","/team/664/15204",24312,"C-USA",1,2019,15204
664,"Southern Miss.","/team/664/12973",24312,"C-USA",1,2018,12973
664,"Southern Miss.","/team/664/12560",24312,"C-USA",1,2017,12560
664,"Southern Miss.","/team/664/12360",24312,"C-USA",1,2016,12360
664,"Southern Miss.","/team/664/12080",24312,"C-USA",1,2015,12080
664,"Southern Miss.","/team/664/11620",24312,"C-USA",1,2014,11620
664,"Southern Miss.","/team/664/11320",24312,"C-USA",1,2013,11320
664,"Southern Miss.","/team/664/10942",24312,"C-USA",1,2012,10942
664,"Southern Miss.","/team/664/10561",24312,"C-USA",1,2011,10561
664,"Southern Miss.","/team/664/10240",24312,"C-USA",1,2010,10240
9,"UAB","/team/9/16580",823,"AAC",1,2024,16580
9,"UAB","/team/9/16340",24312,"C-USA",1,2023,16340
9,"UAB","/team/9/15860",24312,"C-USA",1,2022,15860
9,"UAB","/team/9/15580",24312,"C-USA",1,2021,15580
9,"UAB","/team/9/15204",24312,"C-USA",1,2020,15204
9,"UAB","/team/9/15204",24312,"C-USA",1,2019,15204
9,"UAB","/team/9/12973",24312,"C-USA",1,2018,12973
9,"UAB","/team/9/12560",24312,"C-USA",1,2017,12560
9,"UAB","/team/9/12360",24312,"C-USA",1,2016,12360
9,"UAB","/team/9/12080",24312,"C-USA",1,2015,12080
9,"UAB","/team/9/11620",24312,"C-USA",1,2014,11620
9,"UAB","/team/9/11320",24312,"C-USA",1,2013,11320
9,"UAB","/team/9/10942",24312,"C-USA",1,2012,10942
9,"UAB","/team/9/10561",24312,"C-USA",1,2011,10561
9,"UAB","/team/9/10240",24312,"C-USA",1,2010,10240
706,"UTSA","/team/706/16580",823,"AAC",1,2024,16580
706,"UTSA","/team/706/16340",24312,"C-USA",1,2023,16340
706,"UTSA","/team/706/15860",24312,"C-USA",1,2022,15860
706,"UTSA","/team/706/15580",24312,"C-USA",1,2021,15580
706,"UTSA","/team/706/15204",24312,"C-USA",1,2020,15204
706,"UTSA","/team/706/15204",24312,"C-USA",1,2019,15204
706,"UTSA","/team/706/12973",24312,"C-USA",1,2018,12973
706,"UTSA","/team/706/12560",24312,"C-USA",1,2017,12560
706,"UTSA","/team/706/12360",24312,"C-USA",1,2016,12360
706,"UTSA","/team/706/12080",24312,"C-USA",1,2015,12080
706,"UTSA","/team/706/11620",24312,"C-USA",1,2014,11620
706,"UTSA","/team/706/11320",923,"WAC",1,2013,11320
706,"UTSA","/team/706/10942",914,"Southland",1,2012,10942
706,"UTSA","/team/706/10561",914,"Southland",1,2011,10561
706,"UTSA","/team/706/10240",914,"Southland",1,2010,10240
772,"Western Ky.","/team/772/16580",24312,"CUSA",1,2024,16580
772,"Western Ky.","/team/772/16340",24312,"C-USA",1,2023,16340
772,"Western Ky.","/team/772/15860",24312,"C-USA",1,2022,15860
772,"Western Ky.","/team/772/15580",24312,"C-USA",1,2021,15580
772,"Western Ky.","/team/772/15204",24312,"C-USA",1,2020,15204
772,"Western Ky.","/team/772/15204",24312,"C-USA",1,2019,15204
772,"Western Ky.","/team/772/12973",24312,"C-USA",1,2018,12973
772,"Western Ky.","/team/772/12560",24312,"C-USA",1,2017,12560
772,"Western Ky.","/team/772/12360",24312,"C-USA",1,2016,12360
772,"Western Ky.","/team/772/12080",24312,"C-USA",1,2015,12080
772,"Western Ky.","/team/772/11620",818,"Sun Belt",1,2014,11620
772,"Western Ky.","/team/772/11320",818,"Sun Belt",1,2013,11320
772,"Western Ky.","/team/772/10942",818,"Sun Belt",1,2012,10942
772,"Western Ky.","/team/772/10561",818,"Sun Belt",1,2011,10561
772,"Western Ky.","/team/772/10240",818,"Sun Belt",1,2010,10240
797,"Milwaukee","/team/797/16580",881,"Horizon",1,2024,16580
797,"Milwaukee","/team/797/16340",881,"Horizon",1,2023,16340
797,"Milwaukee","/team/797/15860",881,"Horizon",1,2022,15860
797,"Milwaukee","/team/797/15580",881,"Horizon",1,2021,15580
797,"Milwaukee","/team/797/15204",881,"Horizon",1,2020,15204
797,"Milwaukee","/team/797/15204",881,"Horizon",1,2019,15204
797,"Milwaukee","/team/797/12973",881,"Horizon",1,2018,12973
797,"Milwaukee","/team/797/12560",881,"Horizon",1,2017,12560
797,"Milwaukee","/team/797/12360",881,"Horizon",1,2016,12360
797,"Milwaukee","/team/797/12080",881,"Horizon",1,2015,12080
797,"Milwaukee","/team/797/11620",881,"Horizon",1,2014,11620
797,"Milwaukee","/team/797/11320",881,"Horizon",1,2013,11320
797,"Milwaukee","/team/797/10942",881,"Horizon",1,2012,10942
797,"Milwaukee","/team/797/10561",881,"Horizon",1,2011,10561
797,"Milwaukee","/team/797/10240",881,"Horizon",1,2010,10240
505,"Northern Ky.","/team/505/16580",881,"Horizon",1,2024,16580
505,"Northern Ky.","/team/505/16340",881,"Horizon",1,2023,16340
505,"Northern Ky.","/team/505/15860",881,"Horizon",1,2022,15860
505,"Northern Ky.","/team/505/15580",881,"Horizon",1,2021,15580
505,"Northern Ky.","/team/505/15204",881,"Horizon",1,2020,15204
505,"Northern Ky.","/team/505/15204",881,"Horizon",1,2019,15204
505,"Northern Ky.","/team/505/12973",881,"Horizon",1,2018,12973
505,"Northern Ky.","/team/505/12560",881,"Horizon",1,2017,12560
505,"Northern Ky.","/team/505/12360",881,"Horizon",1,2016,12360
505,"Northern Ky.","/team/505/12080",920,"ASUN",1,2015,12080
505,"Northern Ky.","/team/505/11620",920,"ASUN",1,2014,11620
505,"Northern Ky.","/team/505/11320",920,"ASUN",1,2013,11320
505,"Northern Ky.","/team/505/10942",855,"GLVC",2,2012,10942
505,"Northern Ky.","/team/505/10561",855,"GLVC",2,2011,10561
505,"Northern Ky.","/team/505/10240",855,"GLVC",2,2010,10240
514,"Oakland","/team/514/16580",881,"Horizon",1,2024,16580
514,"Oakland","/team/514/16340",881,"Horizon",1,2023,16340
514,"Oakland","/team/514/15860",881,"Horizon",1,2022,15860
514,"Oakland","/team/514/15580",881,"Horizon",1,2021,15580
514,"Oakland","/team/514/15204",881,"Horizon",1,2020,15204
514,"Oakland","/team/514/15204",881,"Horizon",1,2019,15204
514,"Oakland","/team/514/12973",881,"Horizon",1,2018,12973
514,"Oakland","/team/514/12560",881,"Horizon",1,2017,12560
514,"Oakland","/team/514/12360",881,"Horizon",1,2016,12360
514,"Oakland","/team/514/12080",881,"Horizon",1,2015,12080
514,"Oakland","/team/514/11620",881,"Horizon",1,2014,11620
514,"Oakland","/team/514/11320",819,"Summit League",1,2013,11320
514,"Oakland","/team/514/10942",819,"Summit League",1,2012,10942
514,"Oakland","/team/514/10561",819,"Summit League",1,2011,10561
514,"Oakland","/team/514/10240",819,"Summit League",1,2010,10240
1278,"Oakland City","/team/1278/12560",0,"Independent",1,2017,12560
1278,"Oakland City","/team/1278/12360",0,"Independent",1,2016,12360
1278,"Oakland City","/team/1278/12080",0,"Independent",1,2015,12080
1278,"Oakland City","/team/1278/15580",99010,"DII Independent",2,2021,15580
1278,"Oakland City","/team/1278/15204",99010,"DII Independent",2,2020,15204
1278,"Oakland City","/team/1278/14781",99010,"DII Independent",2,2019,14781
1278,"Oakland City","/team/1278/12973",0,"Independent",2,2018,12973
1278,"Oakland City","/team/1278/12560",0,"Independent",2,2017,12560
1278,"Oakland City","/team/1278/12360",0,"Independent",2,2016,12360
1278,"Oakland City","/team/1278/12080",0,"Independent",2,2015,12080
1278,"Oakland City","/team/1278/11620",0,"Independent",2,2014,11620
1278,"Oakland City","/team/1278/12560",0,"Independent",3,2017,12560
1278,"Oakland City","/team/1278/11620",0,"Independent",3,2014,11620
308,"Purdue Fort Wayne","/team/308/16580",881,"Horizon",1,2024,16580
308,"Purdue Fort Wayne","/team/308/16340",881,"Horizon",1,2023,16340
308,"Purdue Fort Wayne","/team/308/15860",881,"Horizon",1,2022,15860
308,"Purdue Fort Wayne","/team/308/15580",881,"Horizon",1,2021,15580
308,"Purdue Fort Wayne","/team/308/15204",819,"Summit League",1,2020,15204
308,"Purdue Fort Wayne","/team/308/15204",819,"Summit League",1,2019,15204
308,"Purdue Fort Wayne","/team/308/12973",819,"Summit League",1,2018,12973
308,"Purdue Fort Wayne","/team/308/12560",819,"Summit League",1,2017,12560
308,"Purdue Fort Wayne","/team/308/12360",819,"Summit League",1,2016,12360
308,"Purdue Fort Wayne","/team/308/12080",819,"Summit League",1,2015,12080
308,"Purdue Fort Wayne","/team/308/11620",819,"Summit League",1,2014,11620
308,"Purdue Fort Wayne","/team/308/11320",819,"Summit League",1,2013,11320
308,"Purdue Fort Wayne","/team/308/10942",819,"Summit League",1,2012,10942
308,"Purdue Fort Wayne","/team/308/10561",819,"Summit League",1,2011,10561
308,"Purdue Fort Wayne","/team/308/10240",819,"Summit League",1,2010,10240
302,"UIC","/team/302/16580",884,"MVC",1,2024,16580
302,"UIC","/team/302/16340",884,"MVC",1,2023,16340
302,"UIC","/team/302/15860",881,"Horizon",1,2022,15860
302,"UIC","/team/302/15580",881,"Horizon",1,2021,15580
302,"UIC","/team/302/15204",881,"Horizon",1,2020,15204
302,"UIC","/team/302/15204",881,"Horizon",1,2019,15204
302,"UIC","/team/302/12973",881,"Horizon",1,2018,12973
302,"UIC","/team/302/12560",881,"Horizon",1,2017,12560
302,"UIC","/team/302/12360",881,"Horizon",1,2016,12360
302,"UIC","/team/302/12080",881,"Horizon",1,2015,12080
302,"UIC","/team/302/11620",881,"Horizon",1,2014,11620
302,"UIC","/team/302/11320",881,"Horizon",1,2013,11320
302,"UIC","/team/302/10942",881,"Horizon",1,2012,10942
302,"UIC","/team/302/10561",881,"Horizon",1,2011,10561
302,"UIC","/team/302/10240",881,"Horizon",1,2010,10240
810,"Wright St.","/team/810/16580",881,"Horizon",1,2024,16580
810,"Wright St.","/team/810/16340",881,"Horizon",1,2023,16340
810,"Wright St.","/team/810/15860",881,"Horizon",1,2022,15860
810,"Wright St.","/team/810/15580",881,"Horizon",1,2021,15580
810,"Wright St.","/team/810/15204",881,"Horizon",1,2020,15204
810,"Wright St.","/team/810/15204",881,"Horizon",1,2019,15204
810,"Wright St.","/team/810/12973",881,"Horizon",1,2018,12973
810,"Wright St.","/team/810/12560",881,"Horizon",1,2017,12560
810,"Wright St.","/team/810/12360",881,"Horizon",1,2016,12360
810,"Wright St.","/team/810/12080",881,"Horizon",1,2015,12080
810,"Wright St.","/team/810/11620",881,"Horizon",1,2014,11620
810,"Wright St.","/team/810/11320",881,"Horizon",1,2013,11320
810,"Wright St.","/team/810/10942",881,"Horizon",1,2012,10942
810,"Wright St.","/team/810/10561",881,"Horizon",1,2011,10561
810,"Wright St.","/team/810/10240",881,"Horizon",1,2010,10240
817,"Youngstown St.","/team/817/16580",881,"Horizon",1,2024,16580
817,"Youngstown St.","/team/817/16340",881,"Horizon",1,2023,16340
817,"Youngstown St.","/team/817/15860",881,"Horizon",1,2022,15860
817,"Youngstown St.","/team/817/15580",881,"Horizon",1,2021,15580
817,"Youngstown St.","/team/817/15204",881,"Horizon",1,2020,15204
817,"Youngstown St.","/team/817/15204",881,"Horizon",1,2019,15204
817,"Youngstown St.","/team/817/12973",881,"Horizon",1,2018,12973
817,"Youngstown St.","/team/817/12560",881,"Horizon",1,2017,12560
817,"Youngstown St.","/team/817/12360",881,"Horizon",1,2016,12360
817,"Youngstown St.","/team/817/12080",881,"Horizon",1,2015,12080
817,"Youngstown St.","/team/817/11620",881,"Horizon",1,2014,11620
817,"Youngstown St.","/team/817/11320",881,"Horizon",1,2013,11320
817,"Youngstown St.","/team/817/10942",881,"Horizon",1,2012,10942
817,"Youngstown St.","/team/817/10561",881,"Horizon",1,2011,10561
817,"Youngstown St.","/team/817/10240",881,"Horizon",1,2010,10240
80,"Brown","/team/80/16580",865,"Ivy League",1,2024,16580
80,"Brown","/team/80/16340",865,"Ivy League",1,2023,16340
80,"Brown","/team/80/15860",865,"Ivy League",1,2022,15860
80,"Brown","/team/80/15580",865,"Ivy League",1,2021,15580
80,"Brown","/team/80/15204",865,"Ivy League",1,2020,15204
80,"Brown","/team/80/15204",865,"Ivy League",1,2019,15204
80,"Brown","/team/80/12973",865,"Ivy League",1,2018,12973
80,"Brown","/team/80/12560",865,"Ivy League",1,2017,12560
80,"Brown","/team/80/12360",865,"Ivy League",1,2016,12360
80,"Brown","/team/80/12080",865,"Ivy League",1,2015,12080
80,"Brown","/team/80/11620",865,"Ivy League",1,2014,11620
80,"Brown","/team/80/11320",865,"Ivy League",1,2013,11320
80,"Brown","/team/80/10942",865,"Ivy League",1,2012,10942
80,"Brown","/team/80/10561",865,"Ivy League",1,2011,10561
80,"Brown","/team/80/10240",865,"Ivy League",1,2010,10240
158,"Columbia","/team/158/16580",865,"Ivy League",1,2024,16580
158,"Columbia","/team/158/16340",865,"Ivy League",1,2023,16340
158,"Columbia","/team/158/15860",865,"Ivy League",1,2022,15860
158,"Columbia","/team/158/15580",865,"Ivy League",1,2021,15580
158,"Columbia","/team/158/15204",865,"Ivy League",1,2020,15204
158,"Columbia","/team/158/15204",865,"Ivy League",1,2019,15204
158,"Columbia","/team/158/12973",865,"Ivy League",1,2018,12973
158,"Columbia","/team/158/12560",865,"Ivy League",1,2017,12560
158,"Columbia","/team/158/12360",865,"Ivy League",1,2016,12360
158,"Columbia","/team/158/12080",865,"Ivy League",1,2015,12080
158,"Columbia","/team/158/11620",865,"Ivy League",1,2014,11620
158,"Columbia","/team/158/11320",865,"Ivy League",1,2013,11320
158,"Columbia","/team/158/10942",865,"Ivy League",1,2012,10942
158,"Columbia","/team/158/10561",865,"Ivy League",1,2011,10561
158,"Columbia","/team/158/10240",865,"Ivy League",1,2010,10240
167,"Cornell","/team/167/16580",865,"Ivy League",1,2024,16580
167,"Cornell","/team/167/16340",865,"Ivy League",1,2023,16340
167,"Cornell","/team/167/15860",865,"Ivy League",1,2022,15860
167,"Cornell","/team/167/15580",865,"Ivy League",1,2021,15580
167,"Cornell","/team/167/15204",865,"Ivy League",1,2020,15204
167,"Cornell","/team/167/15204",865,"Ivy League",1,2019,15204
167,"Cornell","/team/167/12973",865,"Ivy League",1,2018,12973
167,"Cornell","/team/167/12560",865,"Ivy League",1,2017,12560
167,"Cornell","/team/167/12360",865,"Ivy League",1,2016,12360
167,"Cornell","/team/167/12080",865,"Ivy League",1,2015,12080
167,"Cornell","/team/167/11620",865,"Ivy League",1,2014,11620
167,"Cornell","/team/167/11320",865,"Ivy League",1,2013,11320
167,"Cornell","/team/167/10942",865,"Ivy League",1,2012,10942
167,"Cornell","/team/167/10561",865,"Ivy League",1,2011,10561
167,"Cornell","/team/167/10240",865,"Ivy League",1,2010,10240
166,"Cornell College","/team/166/16580",23119,"MWC",3,2024,16580
166,"Cornell College","/team/166/16340",23119,"MWC",3,2023,16340
166,"Cornell College","/team/166/15860",23119,"MWC",3,2022,15860
166,"Cornell College","/team/166/15580",23119,"MWC",3,2021,15580
166,"Cornell College","/team/166/15204",23119,"MWC",3,2020,15204
166,"Cornell College","/team/166/14781",23119,"MWC",3,2019,14781
166,"Cornell College","/team/166/12973",23119,"MWC",3,2018,12973
166,"Cornell College","/team/166/12560",23119,"MWC",3,2017,12560
166,"Cornell College","/team/166/12360",23119,"MWC",3,2016,12360
166,"Cornell College","/team/166/12080",23119,"MWC",3,2015,12080
166,"Cornell College","/team/166/11620",23119,"MWC",3,2014,11620
166,"Cornell College","/team/166/11320",23119,"MWC",3,2013,11320
166,"Cornell College","/team/166/10942",864,"American Rivers",3,2012,10942
166,"Cornell College","/team/166/10561",864,"American Rivers",3,2011,10561
166,"Cornell College","/team/166/10240",864,"American Rivers",3,2010,10240
172,"Dartmouth","/team/172/16580",865,"Ivy League",1,2024,16580
172,"Dartmouth","/team/172/16340",865,"Ivy League",1,2023,16340
172,"Dartmouth","/team/172/15860",865,"Ivy League",1,2022,15860
172,"Dartmouth","/team/172/15580",865,"Ivy League",1,2021,15580
172,"Dartmouth","/team/172/15204",865,"Ivy League",1,2020,15204
172,"Dartmouth","/team/172/15204",865,"Ivy League",1,2019,15204
172,"Dartmouth","/team/172/12973",865,"Ivy League",1,2018,12973
172,"Dartmouth","/team/172/12560",865,"Ivy League",1,2017,12560
172,"Dartmouth","/team/172/12360",865,"Ivy League",1,2016,12360
172,"Dartmouth","/team/172/12080",865,"Ivy League",1,2015,12080
172,"Dartmouth","/team/172/11620",865,"Ivy League",1,2014,11620
172,"Dartmouth","/team/172/11320",865,"Ivy League",1,2013,11320
172,"Dartmouth","/team/172/10942",865,"Ivy League",1,2012,10942
172,"Dartmouth","/team/172/10561",865,"Ivy League",1,2011,10561
172,"Dartmouth","/team/172/10240",865,"Ivy League",1,2010,10240
656,"UMass Dartmouth","/team/656/16580",867,"Little East",3,2024,16580
656,"UMass Dartmouth","/team/656/16340",867,"Little East",3,2023,16340
656,"UMass Dartmouth","/team/656/15860",867,"Little East",3,2022,15860
656,"UMass Dartmouth","/team/656/15580",867,"Little East",3,2021,15580
656,"UMass Dartmouth","/team/656/15204",867,"Little East",3,2020,15204
656,"UMass Dartmouth","/team/656/14781",867,"Little East",3,2019,14781
656,"UMass Dartmouth","/team/656/12973",867,"Little East",3,2018,12973
656,"UMass Dartmouth","/team/656/12560",867,"Little East",3,2017,12560
656,"UMass Dartmouth","/team/656/12360",867,"Little East",3,2016,12360
656,"UMass Dartmouth","/team/656/12080",867,"Little East",3,2015,12080
656,"UMass Dartmouth","/team/656/11620",867,"Little East",3,2014,11620
656,"UMass Dartmouth","/team/656/11320",867,"Little East",3,2013,11320
656,"UMass Dartmouth","/team/656/10942",867,"Little East",3,2012,10942
656,"UMass Dartmouth","/team/656/10561",867,"Little East",3,2011,10561
656,"UMass Dartmouth","/team/656/10240",867,"Little East",3,2010,10240
275,"Harvard","/team/275/16580",865,"Ivy League",1,2024,16580
275,"Harvard","/team/275/16340",865,"Ivy League",1,2023,16340
275,"Harvard","/team/275/15860",865,"Ivy League",1,2022,15860
275,"Harvard","/team/275/15580",865,"Ivy League",1,2021,15580
275,"Harvard","/team/275/15204",865,"Ivy League",1,2020,15204
275,"Harvard","/team/275/15204",865,"Ivy League",1,2019,15204
275,"Harvard","/team/275/12973",865,"Ivy League",1,2018,12973
275,"Harvard","/team/275/12560",865,"Ivy League",1,2017,12560
275,"Harvard","/team/275/12360",865,"Ivy League",1,2016,12360
275,"Harvard","/team/275/12080",865,"Ivy League",1,2015,12080
275,"Harvard","/team/275/11620",865,"Ivy League",1,2014,11620
275,"Harvard","/team/275/11320",865,"Ivy League",1,2013,11320
275,"Harvard","/team/275/10942",865,"Ivy League",1,2012,10942
275,"Harvard","/team/275/10561",865,"Ivy League",1,2011,10561
275,"Harvard","/team/275/10240",865,"Ivy League",1,2010,10240
540,"Penn","/team/540/16580",865,"Ivy League",1,2024,16580
540,"Penn","/team/540/16340",865,"Ivy League",1,2023,16340
540,"Penn","/team/540/15860",865,"Ivy League",1,2022,15860
540,"Penn","/team/540/15580",865,"Ivy League",1,2021,15580
540,"Penn","/team/540/15204",865,"Ivy League",1,2020,15204
540,"Penn","/team/540/15204",865,"Ivy League",1,2019,15204
540,"Penn","/team/540/12973",865,"Ivy League",1,2018,12973
540,"Penn","/team/540/12560",865,"Ivy League",1,2017,12560
540,"Penn","/team/540/12360",865,"Ivy League",1,2016,12360
540,"Penn","/team/540/12080",865,"Ivy League",1,2015,12080
540,"Penn","/team/540/11620",865,"Ivy League",1,2014,11620
540,"Penn","/team/540/11320",865,"Ivy League",1,2013,11320
540,"Penn","/team/540/10942",865,"Ivy League",1,2012,10942
540,"Penn","/team/540/10561",865,"Ivy League",1,2011,10561
540,"Penn","/team/540/10240",865,"Ivy League",1,2010,10240
539,"Penn St.","/team/539/16580",827,"Big Ten",1,2024,16580
539,"Penn St.","/team/539/16340",827,"Big Ten",1,2023,16340
539,"Penn St.","/team/539/15860",827,"Big Ten",1,2022,15860
539,"Penn St.","/team/539/15580",827,"Big Ten",1,2021,15580
539,"Penn St.","/team/539/15204",827,"Big Ten",1,2020,15204
539,"Penn St.","/team/539/15204",827,"Big Ten",1,2019,15204
539,"Penn St.","/team/539/12973",827,"Big Ten",1,2018,12973
539,"Penn St.","/team/539/12560",827,"Big Ten",1,2017,12560
539,"Penn St.","/team/539/12360",827,"Big Ten",1,2016,12360
539,"Penn St.","/team/539/12080",827,"Big Ten",1,2015,12080
539,"Penn St.","/team/539/11620",827,"Big Ten",1,2014,11620
539,"Penn St.","/team/539/11320",827,"Big Ten",1,2013,11320
539,"Penn St.","/team/539/10942",827,"Big Ten",1,2012,10942
539,"Penn St.","/team/539/10561",827,"Big Ten",1,2011,10561
539,"Penn St.","/team/539/10240",827,"Big Ten",1,2010,10240
30190,"Penn College","/team/30190/16580",30071,"United East",3,2024,16580
30190,"Penn College","/team/30190/16340",30071,"United East",3,2023,16340
30190,"Penn College","/team/30190/15860",30071,"United East",3,2022,15860
30190,"Penn College","/team/30190/15580",30071,"United East",3,2021,15580
30190,"Penn College","/team/30190/15204",30071,"United East",3,2020,15204
30190,"Penn College","/team/30190/14781",30071,"United East",3,2019,14781
30190,"Penn College","/team/30190/12973",30071,"United East",3,2018,12973
30190,"Penn College","/team/30190/12560",30071,"United East",3,2017,12560
30081,"Penn St. Harrisburg","/team/30081/16580",30071,"United East",3,2024,16580
30081,"Penn St. Harrisburg","/team/30081/16340",30071,"United East",3,2023,16340
30081,"Penn St. Harrisburg","/team/30081/15860",30071,"United East",3,2022,15860
30081,"Penn St. Harrisburg","/team/30081/15580",30071,"United East",3,2021,15580
30081,"Penn St. Harrisburg","/team/30081/15204",30071,"United East",3,2020,15204
30081,"Penn St. Harrisburg","/team/30081/14781",15810,"C2C",3,2019,14781
30081,"Penn St. Harrisburg","/team/30081/12973",15810,"C2C",3,2018,12973
30081,"Penn St. Harrisburg","/team/30081/12560",15810,"C2C",3,2017,12560
30081,"Penn St. Harrisburg","/team/30081/12360",15810,"C2C",3,2016,12360
30081,"Penn St. Harrisburg","/team/30081/12080",30071,"United East",3,2015,12080
30081,"Penn St. Harrisburg","/team/30081/11620",30071,"United East",3,2014,11620
30081,"Penn St. Harrisburg","/team/30081/11320",30071,"United East",3,2013,11320
30081,"Penn St. Harrisburg","/team/30081/10942",30071,"United East",3,2012,10942
30081,"Penn St. Harrisburg","/team/30081/10561",30071,"United East",3,2011,10561
30081,"Penn St. Harrisburg","/team/30081/10240",30071,"United East",3,2010,10240
30114,"Penn St.-Abington","/team/30114/16580",30071,"United East",3,2024,16580
30114,"Penn St.-Abington","/team/30114/16340",30071,"United East",3,2023,16340
30114,"Penn St.-Abington","/team/30114/15860",30071,"United East",3,2022,15860
30114,"Penn St.-Abington","/team/30114/15580",30071,"United East",3,2021,15580
30114,"Penn St.-Abington","/team/30114/15204",30071,"United East",3,2020,15204
30114,"Penn St.-Abington","/team/30114/14781",30071,"United East",3,2019,14781
30114,"Penn St.-Abington","/team/30114/12973",30071,"United East",3,2018,12973
30114,"Penn St.-Abington","/team/30114/12560",30071,"United East",3,2017,12560
30114,"Penn St.-Abington","/team/30114/12360",30071,"United East",3,2016,12360
30114,"Penn St.-Abington","/team/30114/12080",30071,"United East",3,2015,12080
30114,"Penn St.-Abington","/team/30114/11620",30071,"United East",3,2014,11620
30114,"Penn St.-Abington","/team/30114/11320",30071,"United East",3,2013,11320
30114,"Penn St.-Abington","/team/30114/10942",30071,"United East",3,2012,10942
30114,"Penn St.-Abington","/team/30114/10561",30071,"United East",3,2011,10561
30114,"Penn St.-Abington","/team/30114/10240",30071,"United East",3,2010,10240
25719,"Penn St.-Altoona","/team/25719/16580",30022,"AMCC",3,2024,16580
25719,"Penn St.-Altoona","/team/25719/16340",30022,"AMCC",3,2023,16340
25719,"Penn St.-Altoona","/team/25719/15860",30022,"AMCC",3,2022,15860
25719,"Penn St.-Altoona","/team/25719/15580",30022,"AMCC",3,2021,15580
25719,"Penn St.-Altoona","/team/25719/15204",30022,"AMCC",3,2020,15204
25719,"Penn St.-Altoona","/team/25719/14781",30022,"AMCC",3,2019,14781
25719,"Penn St.-Altoona","/team/25719/12973",30022,"AMCC",3,2018,12973
25719,"Penn St.-Altoona","/team/25719/12560",30022,"AMCC",3,2017,12560
25719,"Penn St.-Altoona","/team/25719/12360",30022,"AMCC",3,2016,12360
25719,"Penn St.-Altoona","/team/25719/12080",30022,"AMCC",3,2015,12080
25719,"Penn St.-Altoona","/team/25719/11620",30022,"AMCC",3,2014,11620
25719,"Penn St.-Altoona","/team/25719/11320",30022,"AMCC",3,2013,11320
25719,"Penn St.-Altoona","/team/25719/10942",30022,"AMCC",3,2012,10942
25719,"Penn St.-Altoona","/team/25719/10561",30022,"AMCC",3,2011,10561
25719,"Penn St.-Altoona","/team/25719/10240",30022,"AMCC",3,2010,10240
538,"Penn St.-Behrend","/team/538/16580",30022,"AMCC",3,2024,16580
538,"Penn St.-Behrend","/team/538/16340",30022,"AMCC",3,2023,16340
538,"Penn St.-Behrend","/team/538/15860",30022,"AMCC",3,2022,15860
538,"Penn St.-Behrend","/team/538/15580",30022,"AMCC",3,2021,15580
538,"Penn St.-Behrend","/team/538/15204",30022,"AMCC",3,2020,15204
538,"Penn St.-Behrend","/team/538/14781",30022,"AMCC",3,2019,14781
538,"Penn St.-Behrend","/team/538/12973",30022,"AMCC",3,2018,12973
538,"Penn St.-Behrend","/team/538/12560",30022,"AMCC",3,2017,12560
538,"Penn St.-Behrend","/team/538/12360",30022,"AMCC",3,2016,12360
538,"Penn St.-Behrend","/team/538/12080",30022,"AMCC",3,2015,12080
538,"Penn St.-Behrend","/team/538/11620",30022,"AMCC",3,2014,11620
538,"Penn St.-Behrend","/team/538/11320",30022,"AMCC",3,2013,11320
538,"Penn St.-Behrend","/team/538/10942",30022,"AMCC",3,2012,10942
538,"Penn St.-Behrend","/team/538/10561",30022,"AMCC",3,2011,10561
538,"Penn St.-Behrend","/team/538/10240",30022,"AMCC",3,2010,10240
30044,"Penn St.-Berks","/team/30044/16580",30071,"United East",3,2024,16580
30044,"Penn St.-Berks","/team/30044/16340",30071,"United East",3,2023,16340
30044,"Penn St.-Berks","/team/30044/15860",30071,"United East",3,2022,15860
30044,"Penn St.-Berks","/team/30044/15580",30071,"United East",3,2021,15580
30044,"Penn St.-Berks","/team/30044/15204",30071,"United East",3,2020,15204
30044,"Penn St.-Berks","/team/30044/14781",30071,"United East",3,2019,14781
30044,"Penn St.-Berks","/team/30044/12973",30071,"United East",3,2018,12973
30044,"Penn St.-Berks","/team/30044/12560",30071,"United East",3,2017,12560
30044,"Penn St.-Berks","/team/30044/12360",30071,"United East",3,2016,12360
30044,"Penn St.-Berks","/team/30044/12080",30071,"United East",3,2015,12080
30044,"Penn St.-Berks","/team/30044/11620",30071,"United East",3,2014,11620
30044,"Penn St.-Berks","/team/30044/11320",30071,"United East",3,2013,11320
30044,"Penn St.-Berks","/team/30044/10942",30071,"United East",3,2012,10942
30044,"Penn St.-Berks","/team/30044/10561",30071,"United East",3,2011,10561
30044,"Penn St.-Berks","/team/30044/10240",30071,"United East",3,2010,10240
554,"Princeton","/team/554/16580",865,"Ivy League",1,2024,16580
554,"Princeton","/team/554/16340",865,"Ivy League",1,2023,16340
554,"Princeton","/team/554/15860",865,"Ivy League",1,2022,15860
554,"Princeton","/team/554/15580",865,"Ivy League",1,2021,15580
554,"Princeton","/team/554/15204",865,"Ivy League",1,2020,15204
554,"Princeton","/team/554/15204",865,"Ivy League",1,2019,15204
554,"Princeton","/team/554/12973",865,"Ivy League",1,2018,12973
554,"Princeton","/team/554/12560",865,"Ivy League",1,2017,12560
554,"Princeton","/team/554/12360",865,"Ivy League",1,2016,12360
554,"Princeton","/team/554/12080",865,"Ivy League",1,2015,12080
554,"Princeton","/team/554/11620",865,"Ivy League",1,2014,11620
554,"Princeton","/team/554/11320",865,"Ivy League",1,2013,11320
554,"Princeton","/team/554/10942",865,"Ivy League",1,2012,10942
554,"Princeton","/team/554/10561",865,"Ivy League",1,2011,10561
554,"Princeton","/team/554/10240",865,"Ivy League",1,2010,10240
813,"Yale","/team/813/16580",865,"Ivy League",1,2024,16580
813,"Yale","/team/813/16340",865,"Ivy League",1,2023,16340
813,"Yale","/team/813/15860",865,"Ivy League",1,2022,15860
813,"Yale","/team/813/15580",865,"Ivy League",1,2021,15580
813,"Yale","/team/813/15204",865,"Ivy League",1,2020,15204
813,"Yale","/team/813/15204",865,"Ivy League",1,2019,15204
813,"Yale","/team/813/12973",865,"Ivy League",1,2018,12973
813,"Yale","/team/813/12560",865,"Ivy League",1,2017,12560
813,"Yale","/team/813/12360",865,"Ivy League",1,2016,12360
813,"Yale","/team/813/12080",865,"Ivy League",1,2015,12080
813,"Yale","/team/813/11620",865,"Ivy League",1,2014,11620
813,"Yale","/team/813/11320",865,"Ivy League",1,2013,11320
813,"Yale","/team/813/10942",865,"Ivy League",1,2012,10942
813,"Yale","/team/813/10561",865,"Ivy League",1,2011,10561
813,"Yale","/team/813/10240",865,"Ivy League",1,2010,10240
116,"Canisius","/team/116/16580",871,"MAAC",1,2024,16580
116,"Canisius","/team/116/16340",871,"MAAC",1,2023,16340
116,"Canisius","/team/116/15860",871,"MAAC",1,2022,15860
116,"Canisius","/team/116/15580",871,"MAAC",1,2021,15580
116,"Canisius","/team/116/15204",871,"MAAC",1,2020,15204
116,"Canisius","/team/116/15204",871,"MAAC",1,2019,15204
116,"Canisius","/team/116/12973",871,"MAAC",1,2018,12973
116,"Canisius","/team/116/12560",871,"MAAC",1,2017,12560
116,"Canisius","/team/116/12360",871,"MAAC",1,2016,12360
116,"Canisius","/team/116/12080",871,"MAAC",1,2015,12080
116,"Canisius","/team/116/11620",871,"MAAC",1,2014,11620
116,"Canisius","/team/116/11320",871,"MAAC",1,2013,11320
116,"Canisius","/team/116/10942",871,"MAAC",1,2012,10942
116,"Canisius","/team/116/10561",871,"MAAC",1,2011,10561
116,"Canisius","/team/116/10240",871,"MAAC",1,2010,10240
220,"Fairfield","/team/220/16580",871,"MAAC",1,2024,16580
220,"Fairfield","/team/220/16340",871,"MAAC",1,2023,16340
220,"Fairfield","/team/220/15860",871,"MAAC",1,2022,15860
220,"Fairfield","/team/220/15580",871,"MAAC",1,2021,15580
220,"Fairfield","/team/220/15204",871,"MAAC",1,2020,15204
220,"Fairfield","/team/220/15204",871,"MAAC",1,2019,15204
220,"Fairfield","/team/220/12973",871,"MAAC",1,2018,12973
220,"Fairfield","/team/220/12560",871,"MAAC",1,2017,12560
220,"Fairfield","/team/220/12360",871,"MAAC",1,2016,12360
220,"Fairfield","/team/220/12080",871,"MAAC",1,2015,12080
220,"Fairfield","/team/220/11620",871,"MAAC",1,2014,11620
220,"Fairfield","/team/220/11320",871,"MAAC",1,2013,11320
220,"Fairfield","/team/220/10942",871,"MAAC",1,2012,10942
220,"Fairfield","/team/220/10561",871,"MAAC",1,2011,10561
220,"Fairfield","/team/220/10240",871,"MAAC",1,2010,10240
310,"Iona","/team/310/16580",871,"MAAC",1,2024,16580
310,"Iona","/team/310/16340",871,"MAAC",1,2023,16340
310,"Iona","/team/310/15860",871,"MAAC",1,2022,15860
310,"Iona","/team/310/15580",871,"MAAC",1,2021,15580
310,"Iona","/team/310/15204",871,"MAAC",1,2020,15204
310,"Iona","/team/310/15204",871,"MAAC",1,2019,15204
310,"Iona","/team/310/12973",871,"MAAC",1,2018,12973
310,"Iona","/team/310/12560",871,"MAAC",1,2017,12560
310,"Iona","/team/310/12360",871,"MAAC",1,2016,12360
310,"Iona","/team/310/12080",871,"MAAC",1,2015,12080
310,"Iona","/team/310/11620",871,"MAAC",1,2014,11620
310,"Iona","/team/310/11320",871,"MAAC",1,2013,11320
310,"Iona","/team/310/10942",871,"MAAC",1,2012,10942
310,"Iona","/team/310/10561",871,"MAAC",1,2011,10561
310,"Iona","/team/310/10240",871,"MAAC",1,2010,10240
381,"Manhattan","/team/381/16580",871,"MAAC",1,2024,16580
381,"Manhattan","/team/381/16340",871,"MAAC",1,2023,16340
381,"Manhattan","/team/381/15860",871,"MAAC",1,2022,15860
381,"Manhattan","/team/381/15580",871,"MAAC",1,2021,15580
381,"Manhattan","/team/381/15204",871,"MAAC",1,2020,15204
381,"Manhattan","/team/381/15204",871,"MAAC",1,2019,15204
381,"Manhattan","/team/381/12973",871,"MAAC",1,2018,12973
381,"Manhattan","/team/381/12560",871,"MAAC",1,2017,12560
381,"Manhattan","/team/381/12360",871,"MAAC",1,2016,12360
381,"Manhattan","/team/381/12080",871,"MAAC",1,2015,12080
381,"Manhattan","/team/381/11620",871,"MAAC",1,2014,11620
381,"Manhattan","/team/381/11320",871,"MAAC",1,2013,11320
381,"Manhattan","/team/381/10942",871,"MAAC",1,2012,10942
381,"Manhattan","/team/381/10561",871,"MAAC",1,2011,10561
381,"Manhattan","/team/381/10240",871,"MAAC",1,2010,10240
382,"Manhattanville","/team/382/16580",13054,"Skyline",3,2024,16580
382,"Manhattanville","/team/382/16340",13054,"Skyline",3,2023,16340
382,"Manhattanville","/team/382/15860",13054,"Skyline",3,2022,15860
382,"Manhattanville","/team/382/15580",13054,"Skyline",3,2021,15580
382,"Manhattanville","/team/382/15204",13054,"Skyline",3,2020,15204
382,"Manhattanville","/team/382/14781",28745,"MAC Freedom",3,2019,14781
382,"Manhattanville","/team/382/12973",28745,"MAC Freedom",3,2018,12973
382,"Manhattanville","/team/382/12560",28745,"MAC Freedom",3,2017,12560
382,"Manhattanville","/team/382/12360",28745,"MAC Freedom",3,2016,12360
382,"Manhattanville","/team/382/12080",28745,"MAC Freedom",3,2015,12080
382,"Manhattanville","/team/382/11620",28745,"MAC Freedom",3,2014,11620
382,"Manhattanville","/team/382/11320",28745,"MAC Freedom",3,2013,11320
382,"Manhattanville","/team/382/10942",28745,"MAC Freedom",3,2012,10942
382,"Manhattanville","/team/382/10561",28745,"MAC Freedom",3,2011,10561
382,"Manhattanville","/team/382/10240",28745,"MAC Freedom",3,2010,10240
386,"Marist","/team/386/16580",871,"MAAC",1,2024,16580
386,"Marist","/team/386/16340",871,"MAAC",1,2023,16340
386,"Marist","/team/386/15860",871,"MAAC",1,2022,15860
386,"Marist","/team/386/15580",871,"MAAC",1,2021,15580
386,"Marist","/team/386/15204",871,"MAAC",1,2020,15204
386,"Marist","/team/386/15204",871,"MAAC",1,2019,15204
386,"Marist","/team/386/12973",871,"MAAC",1,2018,12973
386,"Marist","/team/386/12560",871,"MAAC",1,2017,12560
386,"Marist","/team/386/12360",871,"MAAC",1,2016,12360
386,"Marist","/team/386/12080",871,"MAAC",1,2015,12080
386,"Marist","/team/386/11620",871,"MAAC",1,2014,11620
386,"Marist","/team/386/11320",871,"MAAC",1,2013,11320
386,"Marist","/team/386/10942",871,"MAAC",1,2012,10942
386,"Marist","/team/386/10561",871,"MAAC",1,2011,10561
386,"Marist","/team/386/10240",871,"MAAC",1,2010,10240
439,"Monmouth","/team/439/16580",837,"CAA",1,2024,16580
439,"Monmouth","/team/439/16340",837,"CAA",1,2023,16340
439,"Monmouth","/team/439/15860",871,"MAAC",1,2022,15860
439,"Monmouth","/team/439/15580",871,"MAAC",1,2021,15580
439,"Monmouth","/team/439/15204",871,"MAAC",1,2020,15204
439,"Monmouth","/team/439/15204",871,"MAAC",1,2019,15204
439,"Monmouth","/team/439/12973",871,"MAAC",1,2018,12973
439,"Monmouth","/team/439/12560",871,"MAAC",1,2017,12560
439,"Monmouth","/team/439/12360",871,"MAAC",1,2016,12360
439,"Monmouth","/team/439/12080",871,"MAAC",1,2015,12080
439,"Monmouth","/team/439/11620",871,"MAAC",1,2014,11620
439,"Monmouth","/team/439/11320",846,"NEC",1,2013,11320
439,"Monmouth","/team/439/10942",846,"NEC",1,2012,10942
439,"Monmouth","/team/439/10561",846,"NEC",1,2011,10561
439,"Monmouth","/team/439/10240",846,"NEC",1,2010,10240
438,"Monmouth (IL)","/team/438/16580",23119,"MWC",3,2024,16580
438,"Monmouth (IL)","/team/438/16340",23119,"MWC",3,2023,16340
438,"Monmouth (IL)","/team/438/15860",23119,"MWC",3,2022,15860
438,"Monmouth (IL)","/team/438/15580",23119,"MWC",3,2021,15580
438,"Monmouth (IL)","/team/438/15204",23119,"MWC",3,2020,15204
438,"Monmouth (IL)","/team/438/14781",23119,"MWC",3,2019,14781
438,"Monmouth (IL)","/team/438/12973",23119,"MWC",3,2018,12973
438,"Monmouth (IL)","/team/438/12560",23119,"MWC",3,2017,12560
438,"Monmouth (IL)","/team/438/12360",23119,"MWC",3,2016,12360
438,"Monmouth (IL)","/team/438/12080",23119,"MWC",3,2015,12080
438,"Monmouth (IL)","/team/438/11620",23119,"MWC",3,2014,11620
438,"Monmouth (IL)","/team/438/11320",23119,"MWC",3,2013,11320
438,"Monmouth (IL)","/team/438/10942",23119,"MWC",3,2012,10942
438,"Monmouth (IL)","/team/438/10561",23119,"MWC",3,2011,10561
438,"Monmouth (IL)","/team/438/10240",23119,"MWC",3,2010,10240
482,"Niagara","/team/482/16580",871,"MAAC",1,2024,16580
482,"Niagara","/team/482/16340",871,"MAAC",1,2023,16340
482,"Niagara","/team/482/15860",871,"MAAC",1,2022,15860
482,"Niagara","/team/482/15580",871,"MAAC",1,2021,15580
482,"Niagara","/team/482/15204",871,"MAAC",1,2020,15204
482,"Niagara","/team/482/15204",871,"MAAC",1,2019,15204
482,"Niagara","/team/482/12973",871,"MAAC",1,2018,12973
482,"Niagara","/team/482/12560",871,"MAAC",1,2017,12560
482,"Niagara","/team/482/12360",871,"MAAC",1,2016,12360
482,"Niagara","/team/482/12080",871,"MAAC",1,2015,12080
482,"Niagara","/team/482/11620",871,"MAAC",1,2014,11620
482,"Niagara","/team/482/11320",871,"MAAC",1,2013,11320
482,"Niagara","/team/482/10942",871,"MAAC",1,2012,10942
482,"Niagara","/team/482/10561",871,"MAAC",1,2011,10561
482,"Niagara","/team/482/10240",871,"MAAC",1,2010,10240
562,"Quinnipiac","/team/562/16580",871,"MAAC",1,2024,16580
562,"Quinnipiac","/team/562/16340",871,"MAAC",1,2023,16340
562,"Quinnipiac","/team/562/15860",871,"MAAC",1,2022,15860
562,"Quinnipiac","/team/562/15580",871,"MAAC",1,2021,15580
562,"Quinnipiac","/team/562/15204",871,"MAAC",1,2020,15204
562,"Quinnipiac","/team/562/15204",871,"MAAC",1,2019,15204
562,"Quinnipiac","/team/562/12973",871,"MAAC",1,2018,12973
562,"Quinnipiac","/team/562/12560",871,"MAAC",1,2017,12560
562,"Quinnipiac","/team/562/12360",871,"MAAC",1,2016,12360
562,"Quinnipiac","/team/562/12080",871,"MAAC",1,2015,12080
562,"Quinnipiac","/team/562/11620",871,"MAAC",1,2014,11620
562,"Quinnipiac","/team/562/11320",846,"NEC",1,2013,11320
562,"Quinnipiac","/team/562/10942",846,"NEC",1,2012,10942
562,"Quinnipiac","/team/562/10561",846,"NEC",1,2011,10561
562,"Quinnipiac","/team/562/10240",846,"NEC",1,2010,10240
576,"Rider","/team/576/16580",871,"MAAC",1,2024,16580
576,"Rider","/team/576/16340",871,"MAAC",1,2023,16340
576,"Rider","/team/576/15860",871,"MAAC",1,2022,15860
576,"Rider","/team/576/15580",871,"MAAC",1,2021,15580
576,"Rider","/team/576/15204",871,"MAAC",1,2020,15204
576,"Rider","/team/576/15204",871,"MAAC",1,2019,15204
576,"Rider","/team/576/12973",871,"MAAC",1,2018,12973
576,"Rider","/team/576/12560",871,"MAAC",1,2017,12560
576,"Rider","/team/576/12360",871,"MAAC",1,2016,12360
576,"Rider","/team/576/12080",871,"MAAC",1,2015,12080
576,"Rider","/team/576/11620",871,"MAAC",1,2014,11620
576,"Rider","/team/576/11320",871,"MAAC",1,2013,11320
576,"Rider","/team/576/10942",871,"MAAC",1,2012,10942
576,"Rider","/team/576/10561",871,"MAAC",1,2011,10561
576,"Rider","/team/576/10240",871,"MAAC",1,2010,10240
617,"Saint Peter's","/team/617/16580",871,"MAAC",1,2024,16580
617,"Saint Peter's","/team/617/16340",871,"MAAC",1,2023,16340
617,"Saint Peter's","/team/617/15860",871,"MAAC",1,2022,15860
617,"Saint Peter's","/team/617/15580",871,"MAAC",1,2021,15580
617,"Saint Peter's","/team/617/15204",871,"MAAC",1,2020,15204
617,"Saint Peter's","/team/617/15204",871,"MAAC",1,2019,15204
617,"Saint Peter's","/team/617/12973",871,"MAAC",1,2018,12973
617,"Saint Peter's","/team/617/12560",871,"MAAC",1,2017,12560
617,"Saint Peter's","/team/617/12360",871,"MAAC",1,2016,12360
617,"Saint Peter's","/team/617/12080",871,"MAAC",1,2015,12080
617,"Saint Peter's","/team/617/11620",871,"MAAC",1,2014,11620
617,"Saint Peter's","/team/617/11320",871,"MAAC",1,2013,11320
617,"Saint Peter's","/team/617/10942",871,"MAAC",1,2012,10942
617,"Saint Peter's","/team/617/10561",871,"MAAC",1,2011,10561
617,"Saint Peter's","/team/617/10240",871,"MAAC",1,2010,10240
639,"Siena","/team/639/16580",871,"MAAC",1,2024,16580
639,"Siena","/team/639/16340",871,"MAAC",1,2023,16340
639,"Siena","/team/639/15860",871,"MAAC",1,2022,15860
639,"Siena","/team/639/15580",871,"MAAC",1,2021,15580
639,"Siena","/team/639/15204",871,"MAAC",1,2020,15204
639,"Siena","/team/639/15204",871,"MAAC",1,2019,15204
639,"Siena","/team/639/12973",871,"MAAC",1,2018,12973
639,"Siena","/team/639/12560",871,"MAAC",1,2017,12560
639,"Siena","/team/639/12360",871,"MAAC",1,2016,12360
639,"Siena","/team/639/12080",871,"MAAC",1,2015,12080
639,"Siena","/team/639/11620",871,"MAAC",1,2014,11620
639,"Siena","/team/639/11320",871,"MAAC",1,2013,11320
639,"Siena","/team/639/10942",871,"MAAC",1,2012,10942
639,"Siena","/team/639/10561",871,"MAAC",1,2011,10561
639,"Siena","/team/639/10240",871,"MAAC",1,2010,10240
5,"Akron","/team/5/16580",875,"MAC",1,2024,16580
5,"Akron","/team/5/16340",875,"MAC",1,2023,16340
5,"Akron","/team/5/15860",875,"MAC",1,2022,15860
5,"Akron","/team/5/15580",875,"MAC",1,2021,15580
5,"Akron","/team/5/15204",875,"MAC",1,2020,15204
5,"Akron","/team/5/15204",875,"MAC",1,2019,15204
5,"Akron","/team/5/12360",875,"MAC",1,2016,12360
5,"Akron","/team/5/12080",875,"MAC",1,2015,12080
5,"Akron","/team/5/11620",875,"MAC",1,2014,11620
5,"Akron","/team/5/11320",875,"MAC",1,2013,11320
5,"Akron","/team/5/10942",875,"MAC",1,2012,10942
5,"Akron","/team/5/10561",875,"MAC",1,2011,10561
5,"Akron","/team/5/10240",875,"MAC",1,2010,10240
47,"Ball St.","/team/47/16580",875,"MAC",1,2024,16580
47,"Ball St.","/team/47/16340",875,"MAC",1,2023,16340
47,"Ball St.","/team/47/15860",875,"MAC",1,2022,15860
47,"Ball St.","/team/47/15580",875,"MAC",1,2021,15580
47,"Ball St.","/team/47/15204",875,"MAC",1,2020,15204
47,"Ball St.","/team/47/15204",875,"MAC",1,2019,15204
47,"Ball St.","/team/47/12973",875,"MAC",1,2018,12973
47,"Ball St.","/team/47/12560",875,"MAC",1,2017,12560
47,"Ball St.","/team/47/12360",875,"MAC",1,2016,12360
47,"Ball St.","/team/47/12080",875,"MAC",1,2015,12080
47,"Ball St.","/team/47/11620",875,"MAC",1,2014,11620
47,"Ball St.","/team/47/11320",875,"MAC",1,2013,11320
47,"Ball St.","/team/47/10942",875,"MAC",1,2012,10942
47,"Ball St.","/team/47/10561",875,"MAC",1,2011,10561
47,"Ball St.","/team/47/10240",875,"MAC",1,2010,10240
71,"Bowling Green","/team/71/16580",875,"MAC",1,2024,16580
71,"Bowling Green","/team/71/16340",875,"MAC",1,2023,16340
71,"Bowling Green","/team/71/15860",875,"MAC",1,2022,15860
71,"Bowling Green","/team/71/15580",875,"MAC",1,2021,15580
71,"Bowling Green","/team/71/15204",875,"MAC",1,2020,15204
71,"Bowling Green","/team/71/15204",875,"MAC",1,2019,15204
71,"Bowling Green","/team/71/12973",875,"MAC",1,2018,12973
71,"Bowling Green","/team/71/12560",875,"MAC",1,2017,12560
71,"Bowling Green","/team/71/12360",875,"MAC",1,2016,12360
71,"Bowling Green","/team/71/12080",875,"MAC",1,2015,12080
71,"Bowling Green","/team/71/11620",875,"MAC",1,2014,11620
71,"Bowling Green","/team/71/11320",875,"MAC",1,2013,11320
71,"Bowling Green","/team/71/10942",875,"MAC",1,2012,10942
71,"Bowling Green","/team/71/10561",875,"MAC",1,2011,10561
71,"Bowling Green","/team/71/10240",875,"MAC",1,2010,10240
129,"Central Mich.","/team/129/16580",875,"MAC",1,2024,16580
129,"Central Mich.","/team/129/16340",875,"MAC",1,2023,16340
129,"Central Mich.","/team/129/15860",875,"MAC",1,2022,15860
129,"Central Mich.","/team/129/15580",875,"MAC",1,2021,15580
129,"Central Mich.","/team/129/15204",875,"MAC",1,2020,15204
129,"Central Mich.","/team/129/15204",875,"MAC",1,2019,15204
129,"Central Mich.","/team/129/12973",875,"MAC",1,2018,12973
129,"Central Mich.","/team/129/12560",875,"MAC",1,2017,12560
129,"Central Mich.","/team/129/12360",875,"MAC",1,2016,12360
129,"Central Mich.","/team/129/12080",875,"MAC",1,2015,12080
129,"Central Mich.","/team/129/11620",875,"MAC",1,2014,11620
129,"Central Mich.","/team/129/11320",875,"MAC",1,2013,11320
129,"Central Mich.","/team/129/10942",875,"MAC",1,2012,10942
129,"Central Mich.","/team/129/10561",875,"MAC",1,2011,10561
129,"Central Mich.","/team/129/10240",875,"MAC",1,2010,10240
204,"Eastern Mich.","/team/204/16580",875,"MAC",1,2024,16580
204,"Eastern Mich.","/team/204/16340",875,"MAC",1,2023,16340
204,"Eastern Mich.","/team/204/15860",875,"MAC",1,2022,15860
204,"Eastern Mich.","/team/204/15580",875,"MAC",1,2021,15580
204,"Eastern Mich.","/team/204/15204",875,"MAC",1,2020,15204
204,"Eastern Mich.","/team/204/15204",875,"MAC",1,2019,15204
204,"Eastern Mich.","/team/204/12973",875,"MAC",1,2018,12973
204,"Eastern Mich.","/team/204/12560",875,"MAC",1,2017,12560
204,"Eastern Mich.","/team/204/12360",875,"MAC",1,2016,12360
204,"Eastern Mich.","/team/204/12080",875,"MAC",1,2015,12080
204,"Eastern Mich.","/team/204/11620",875,"MAC",1,2014,11620
204,"Eastern Mich.","/team/204/11320",875,"MAC",1,2013,11320
204,"Eastern Mich.","/team/204/10942",875,"MAC",1,2012,10942
204,"Eastern Mich.","/team/204/10561",875,"MAC",1,2011,10561
204,"Eastern Mich.","/team/204/10240",875,"MAC",1,2010,10240
331,"Kent St.","/team/331/16580",875,"MAC",1,2024,16580
331,"Kent St.","/team/331/16340",875,"MAC",1,2023,16340
331,"Kent St.","/team/331/15860",875,"MAC",1,2022,15860
331,"Kent St.","/team/331/15580",875,"MAC",1,2021,15580
331,"Kent St.","/team/331/15204",875,"MAC",1,2020,15204
331,"Kent St.","/team/331/15204",875,"MAC",1,2019,15204
331,"Kent St.","/team/331/12973",875,"MAC",1,2018,12973
331,"Kent St.","/team/331/12560",875,"MAC",1,2017,12560
331,"Kent St.","/team/331/12360",875,"MAC",1,2016,12360
331,"Kent St.","/team/331/12080",875,"MAC",1,2015,12080
331,"Kent St.","/team/331/11620",875,"MAC",1,2014,11620
331,"Kent St.","/team/331/11320",875,"MAC",1,2013,11320
331,"Kent St.","/team/331/10942",875,"MAC",1,2012,10942
331,"Kent St.","/team/331/10561",875,"MAC",1,2011,10561
331,"Kent St.","/team/331/10240",875,"MAC",1,2010,10240
503,"NIU","/team/503/16580",875,"MAC",1,2024,16580
503,"NIU","/team/503/16340",875,"MAC",1,2023,16340
503,"NIU","/team/503/15860",875,"MAC",1,2022,15860
503,"NIU","/team/503/15580",875,"MAC",1,2021,15580
503,"NIU","/team/503/15204",875,"MAC",1,2020,15204
503,"NIU","/team/503/15204",875,"MAC",1,2019,15204
503,"NIU","/team/503/12973",875,"MAC",1,2018,12973
503,"NIU","/team/503/12560",875,"MAC",1,2017,12560
503,"NIU","/team/503/12360",875,"MAC",1,2016,12360
503,"NIU","/team/503/12080",875,"MAC",1,2015,12080
503,"NIU","/team/503/11620",875,"MAC",1,2014,11620
503,"NIU","/team/503/11320",875,"MAC",1,2013,11320
503,"NIU","/team/503/10942",875,"MAC",1,2012,10942
503,"NIU","/team/503/10561",875,"MAC",1,2011,10561
503,"NIU","/team/503/10240",875,"MAC",1,2010,10240
519,"Ohio","/team/519/16580",875,"MAC",1,2024,16580
519,"Ohio","/team/519/16340",875,"MAC",1,2023,16340
519,"Ohio","/team/519/15860",875,"MAC",1,2022,15860
519,"Ohio","/team/519/15580",875,"MAC",1,2021,15580
519,"Ohio","/team/519/15204",875,"MAC",1,2020,15204
519,"Ohio","/team/519/15204",875,"MAC",1,2019,15204
519,"Ohio","/team/519/12973",875,"MAC",1,2018,12973
519,"Ohio","/team/519/12560",875,"MAC",1,2017,12560
519,"Ohio","/team/519/12360",875,"MAC",1,2016,12360
519,"Ohio","/team/519/12080",875,"MAC",1,2015,12080
519,"Ohio","/team/519/11620",875,"MAC",1,2014,11620
519,"Ohio","/team/519/11320",875,"MAC",1,2013,11320
519,"Ohio","/team/519/10942",875,"MAC",1,2012,10942
519,"Ohio","/team/519/10561",875,"MAC",1,2011,10561
519,"Ohio","/team/519/10240",875,"MAC",1,2010,10240
518,"Ohio St.","/team/518/16580",827,"Big Ten",1,2024,16580
518,"Ohio St.","/team/518/16340",827,"Big Ten",1,2023,16340
518,"Ohio St.","/team/518/15860",827,"Big Ten",1,2022,15860
518,"Ohio St.","/team/518/15580",827,"Big Ten",1,2021,15580
518,"Ohio St.","/team/518/15204",827,"Big Ten",1,2020,15204
518,"Ohio St.","/team/518/15204",827,"Big Ten",1,2019,15204
518,"Ohio St.","/team/518/12973",827,"Big Ten",1,2018,12973
518,"Ohio St.","/team/518/12560",827,"Big Ten",1,2017,12560
518,"Ohio St.","/team/518/12360",827,"Big Ten",1,2016,12360
518,"Ohio St.","/team/518/12080",827,"Big Ten",1,2015,12080
518,"Ohio St.","/team/518/11620",827,"Big Ten",1,2014,11620
518,"Ohio St.","/team/518/11320",827,"Big Ten",1,2013,11320
518,"Ohio St.","/team/518/10942",827,"Big Ten",1,2012,10942
518,"Ohio St.","/team/518/10561",827,"Big Ten",1,2011,10561
518,"Ohio St.","/team/518/10240",827,"Big Ten",1,2010,10240
30119,"Ohio Dominican","/team/30119/16580",30182,"G-MAC",2,2024,16580
30119,"Ohio Dominican","/team/30119/16340",30182,"G-MAC",2,2023,16340
30119,"Ohio Dominican","/team/30119/15860",30182,"G-MAC",2,2022,15860
30119,"Ohio Dominican","/team/30119/15580",30182,"G-MAC",2,2021,15580
30119,"Ohio Dominican","/team/30119/15204",30182,"G-MAC",2,2020,15204
30119,"Ohio Dominican","/team/30119/14781",30182,"G-MAC",2,2019,14781
30119,"Ohio Dominican","/team/30119/12973",30182,"G-MAC",2,2018,12973
30119,"Ohio Dominican","/team/30119/12560",854,"GLIAC",2,2017,12560
30119,"Ohio Dominican","/team/30119/12360",854,"GLIAC",2,2016,12360
30119,"Ohio Dominican","/team/30119/12080",854,"GLIAC",2,2015,12080
30119,"Ohio Dominican","/team/30119/11620",854,"GLIAC",2,2014,11620
30119,"Ohio Dominican","/team/30119/11320",854,"GLIAC",2,2013,11320
30119,"Ohio Dominican","/team/30119/10942",854,"GLIAC",2,2012,10942
30119,"Ohio Dominican","/team/30119/10561",854,"GLIAC",2,2011,10561
15207,"Ohio Valley","/team/15207/15580",30182,"G-MAC",2,2021,15580
15207,"Ohio Valley","/team/15207/15204",30182,"G-MAC",2,2020,15204
15207,"Ohio Valley","/team/15207/14781",30182,"G-MAC",2,2019,14781
15207,"Ohio Valley","/team/15207/12973",30182,"G-MAC",2,2018,12973
15207,"Ohio Valley","/team/15207/12560",30182,"G-MAC",2,2017,12560
15207,"Ohio Valley","/team/15207/12360",30182,"G-MAC",2,2016,12360
15207,"Ohio Valley","/team/15207/12080",30182,"G-MAC",2,2015,12080
15207,"Ohio Valley","/team/15207/11620",30182,"G-MAC",2,2014,11620
15207,"Ohio Valley","/team/15207/11320",21344,"WVIAC",2,2013,11320
15207,"Ohio Valley","/team/15207/10942",21344,"WVIAC",2,2012,10942
15207,"Ohio Valley","/team/15207/10561",21344,"WVIAC",2,2011,10561
15207,"Ohio Valley","/team/15207/10240",21344,"WVIAC",2,2010,10240
517,"Ohio Northern","/team/517/16580",901,"OAC",3,2024,16580
517,"Ohio Northern","/team/517/16340",901,"OAC",3,2023,16340
517,"Ohio Northern","/team/517/15860",901,"OAC",3,2022,15860
517,"Ohio Northern","/team/517/15580",901,"OAC",3,2021,15580
517,"Ohio Northern","/team/517/15204",901,"OAC",3,2020,15204
517,"Ohio Northern","/team/517/14781",901,"OAC",3,2019,14781
517,"Ohio Northern","/team/517/12973",901,"OAC",3,2018,12973
517,"Ohio Northern","/team/517/12560",901,"OAC",3,2017,12560
517,"Ohio Northern","/team/517/12360",901,"OAC",3,2016,12360
517,"Ohio Northern","/team/517/12080",901,"OAC",3,2015,12080
517,"Ohio Northern","/team/517/11620",901,"OAC",3,2014,11620
517,"Ohio Northern","/team/517/11320",901,"OAC",3,2013,11320
517,"Ohio Northern","/team/517/10942",901,"OAC",3,2012,10942
517,"Ohio Northern","/team/517/10561",901,"OAC",3,2011,10561
517,"Ohio Northern","/team/517/10240",901,"OAC",3,2010,10240
520,"Ohio Wesleyan","/team/520/16580",897,"NCAC",3,2024,16580
520,"Ohio Wesleyan","/team/520/16340",897,"NCAC",3,2023,16340
520,"Ohio Wesleyan","/team/520/15860",897,"NCAC",3,2022,15860
520,"Ohio Wesleyan","/team/520/15580",897,"NCAC",3,2021,15580
520,"Ohio Wesleyan","/team/520/15204",897,"NCAC",3,2020,15204
520,"Ohio Wesleyan","/team/520/14781",897,"NCAC",3,2019,14781
520,"Ohio Wesleyan","/team/520/12973",897,"NCAC",3,2018,12973
520,"Ohio Wesleyan","/team/520/12560",897,"NCAC",3,2017,12560
520,"Ohio Wesleyan","/team/520/12360",897,"NCAC",3,2016,12360
520,"Ohio Wesleyan","/team/520/12080",897,"NCAC",3,2015,12080
520,"Ohio Wesleyan","/team/520/11620",897,"NCAC",3,2014,11620
520,"Ohio Wesleyan","/team/520/11320",897,"NCAC",3,2013,11320
520,"Ohio Wesleyan","/team/520/10942",897,"NCAC",3,2012,10942
520,"Ohio Wesleyan","/team/520/10561",897,"NCAC",3,2011,10561
520,"Ohio Wesleyan","/team/520/10240",897,"NCAC",3,2010,10240
709,"Toledo","/team/709/16580",875,"MAC",1,2024,16580
709,"Toledo","/team/709/16340",875,"MAC",1,2023,16340
709,"Toledo","/team/709/15860",875,"MAC",1,2022,15860
709,"Toledo","/team/709/15580",875,"MAC",1,2021,15580
709,"Toledo","/team/709/15204",875,"MAC",1,2020,15204
709,"Toledo","/team/709/15204",875,"MAC",1,2019,15204
709,"Toledo","/team/709/12973",875,"MAC",1,2018,12973
709,"Toledo","/team/709/12560",875,"MAC",1,2017,12560
709,"Toledo","/team/709/12360",875,"MAC",1,2016,12360
709,"Toledo","/team/709/12080",875,"MAC",1,2015,12080
709,"Toledo","/team/709/11620",875,"MAC",1,2014,11620
709,"Toledo","/team/709/11320",875,"MAC",1,2013,11320
709,"Toledo","/team/709/10942",875,"MAC",1,2012,10942
709,"Toledo","/team/709/10561",875,"MAC",1,2011,10561
709,"Toledo","/team/709/10240",875,"MAC",1,2010,10240
774,"Western Mich.","/team/774/16580",875,"MAC",1,2024,16580
774,"Western Mich.","/team/774/16340",875,"MAC",1,2023,16340
774,"Western Mich.","/team/774/15860",875,"MAC",1,2022,15860
774,"Western Mich.","/team/774/15580",875,"MAC",1,2021,15580
774,"Western Mich.","/team/774/15204",875,"MAC",1,2020,15204
774,"Western Mich.","/team/774/15204",875,"MAC",1,2019,15204
774,"Western Mich.","/team/774/12973",875,"MAC",1,2018,12973
774,"Western Mich.","/team/774/12560",875,"MAC",1,2017,12560
774,"Western Mich.","/team/774/12360",875,"MAC",1,2016,12360
774,"Western Mich.","/team/774/12080",875,"MAC",1,2015,12080
774,"Western Mich.","/team/774/11620",875,"MAC",1,2014,11620
774,"Western Mich.","/team/774/11320",875,"MAC",1,2013,11320
774,"Western Mich.","/team/774/10942",875,"MAC",1,2012,10942
774,"Western Mich.","/team/774/10561",875,"MAC",1,2011,10561
774,"Western Mich.","/team/774/10240",875,"MAC",1,2010,10240
61,"Bethune-Cookman","/team/61/16580",916,"SWAC",1,2024,16580
61,"Bethune-Cookman","/team/61/16340",916,"SWAC",1,2023,16340
61,"Bethune-Cookman","/team/61/15860",916,"SWAC",1,2022,15860
61,"Bethune-Cookman","/team/61/15580",876,"MEAC",1,2021,15580
61,"Bethune-Cookman","/team/61/15204",876,"MEAC",1,2020,15204
61,"Bethune-Cookman","/team/61/15204",876,"MEAC",1,2019,15204
61,"Bethune-Cookman","/team/61/12973",876,"MEAC",1,2018,12973
61,"Bethune-Cookman","/team/61/12560",876,"MEAC",1,2017,12560
61,"Bethune-Cookman","/team/61/12360",876,"MEAC",1,2016,12360
61,"Bethune-Cookman","/team/61/12080",876,"MEAC",1,2015,12080
61,"Bethune-Cookman","/team/61/11620",876,"MEAC",1,2014,11620
61,"Bethune-Cookman","/team/61/11320",876,"MEAC",1,2013,11320
61,"Bethune-Cookman","/team/61/10942",876,"MEAC",1,2012,10942
61,"Bethune-Cookman","/team/61/10561",876,"MEAC",1,2011,10561
61,"Bethune-Cookman","/team/61/10240",876,"MEAC",1,2010,10240
165,"Coppin St.","/team/165/16580",846,"NEC",1,2024,16580
165,"Coppin St.","/team/165/16340",846,"NEC",1,2023,16340
165,"Coppin St.","/team/165/15860",876,"MEAC",1,2022,15860
165,"Coppin St.","/team/165/15580",876,"MEAC",1,2021,15580
165,"Coppin St.","/team/165/15204",876,"MEAC",1,2020,15204
165,"Coppin St.","/team/165/15204",876,"MEAC",1,2019,15204
165,"Coppin St.","/team/165/12973",876,"MEAC",1,2018,12973
165,"Coppin St.","/team/165/12560",876,"MEAC",1,2017,12560
165,"Coppin St.","/team/165/12360",876,"MEAC",1,2016,12360
165,"Coppin St.","/team/165/12080",876,"MEAC",1,2015,12080
165,"Coppin St.","/team/165/11620",876,"MEAC",1,2014,11620
165,"Coppin St.","/team/165/11320",876,"MEAC",1,2013,11320
165,"Coppin St.","/team/165/10942",876,"MEAC",1,2012,10942
165,"Coppin St.","/team/165/10561",876,"MEAC",1,2011,10561
165,"Coppin St.","/team/165/10240",876,"MEAC",1,2010,10240
178,"Delaware St.","/team/178/16580",846,"NEC",1,2024,16580
178,"Delaware St.","/team/178/16340",846,"NEC",1,2023,16340
178,"Delaware St.","/team/178/15860",876,"MEAC",1,2022,15860
178,"Delaware St.","/team/178/15580",876,"MEAC",1,2021,15580
178,"Delaware St.","/team/178/15204",876,"MEAC",1,2020,15204
178,"Delaware St.","/team/178/15204",876,"MEAC",1,2019,15204
178,"Delaware St.","/team/178/12973",876,"MEAC",1,2018,12973
178,"Delaware St.","/team/178/12560",876,"MEAC",1,2017,12560
178,"Delaware St.","/team/178/12360",876,"MEAC",1,2016,12360
178,"Delaware St.","/team/178/12080",876,"MEAC",1,2015,12080
178,"Delaware St.","/team/178/11620",876,"MEAC",1,2014,11620
178,"Delaware St.","/team/178/11320",876,"MEAC",1,2013,11320
178,"Delaware St.","/team/178/10942",876,"MEAC",1,2012,10942
178,"Delaware St.","/team/178/10561",876,"MEAC",1,2011,10561
178,"Delaware St.","/team/178/10240",876,"MEAC",1,2010,10240
228,"Florida A&M","/team/228/16580",916,"SWAC",1,2024,16580
228,"Florida A&M","/team/228/16340",916,"SWAC",1,2023,16340
228,"Florida A&M","/team/228/15860",916,"SWAC",1,2022,15860
228,"Florida A&M","/team/228/15580",876,"MEAC",1,2021,15580
228,"Florida A&M","/team/228/15204",876,"MEAC",1,2020,15204
228,"Florida A&M","/team/228/15204",876,"MEAC",1,2019,15204
228,"Florida A&M","/team/228/12973",876,"MEAC",1,2018,12973
228,"Florida A&M","/team/228/12560",876,"MEAC",1,2017,12560
228,"Florida A&M","/team/228/12360",876,"MEAC",1,2016,12360
228,"Florida A&M","/team/228/12080",876,"MEAC",1,2015,12080
228,"Florida A&M","/team/228/11620",876,"MEAC",1,2014,11620
228,"Florida A&M","/team/228/11320",876,"MEAC",1,2013,11320
228,"Florida A&M","/team/228/10942",876,"MEAC",1,2012,10942
228,"Florida A&M","/team/228/10561",876,"MEAC",1,2011,10561
228,"Florida A&M","/team/228/10240",876,"MEAC",1,2010,10240
488,"N.C. A&T","/team/488/16580",837,"CAA",1,2024,16580
488,"N.C. A&T","/team/488/16340",837,"CAA",1,2023,16340
488,"N.C. A&T","/team/488/15860",826,"Big South",1,2022,15860
488,"N.C. A&T","/team/488/15580",876,"MEAC",1,2021,15580
488,"N.C. A&T","/team/488/15204",876,"MEAC",1,2020,15204
488,"N.C. A&T","/team/488/15204",876,"MEAC",1,2019,15204
488,"N.C. A&T","/team/488/12973",876,"MEAC",1,2018,12973
488,"N.C. A&T","/team/488/12560",876,"MEAC",1,2017,12560
488,"N.C. A&T","/team/488/12360",876,"MEAC",1,2016,12360
488,"N.C. A&T","/team/488/12080",876,"MEAC",1,2015,12080
488,"N.C. A&T","/team/488/11620",876,"MEAC",1,2014,11620
488,"N.C. A&T","/team/488/11320",876,"MEAC",1,2013,11320
488,"N.C. A&T","/team/488/10942",876,"MEAC",1,2012,10942
488,"N.C. A&T","/team/488/10561",876,"MEAC",1,2011,10561
488,"N.C. A&T","/team/488/10240",876,"MEAC",1,2010,10240
489,"N.C. Central","/team/489/15580",876,"MEAC",1,2021,15580
489,"N.C. Central","/team/489/15204",876,"MEAC",1,2020,15204
489,"N.C. Central","/team/489/15204",876,"MEAC",1,2019,15204
489,"N.C. Central","/team/489/12973",876,"MEAC",1,2018,12973
489,"N.C. Central","/team/489/12560",876,"MEAC",1,2017,12560
489,"N.C. Central","/team/489/12360",876,"MEAC",1,2016,12360
489,"N.C. Central","/team/489/12080",876,"MEAC",1,2015,12080
489,"N.C. Central","/team/489/11620",876,"MEAC",1,2014,11620
489,"N.C. Central","/team/489/11320",876,"MEAC",1,2013,11320
489,"N.C. Central","/team/489/10942",876,"MEAC",1,2012,10942
485,"Norfolk St.","/team/485/16580",846,"NEC",1,2024,16580
485,"Norfolk St.","/team/485/16340",846,"NEC",1,2023,16340
485,"Norfolk St.","/team/485/15860",876,"MEAC",1,2022,15860
485,"Norfolk St.","/team/485/15580",876,"MEAC",1,2021,15580
485,"Norfolk St.","/team/485/15204",876,"MEAC",1,2020,15204
485,"Norfolk St.","/team/485/15204",876,"MEAC",1,2019,15204
485,"Norfolk St.","/team/485/12973",876,"MEAC",1,2018,12973
485,"Norfolk St.","/team/485/12560",876,"MEAC",1,2017,12560
485,"Norfolk St.","/team/485/12360",876,"MEAC",1,2016,12360
485,"Norfolk St.","/team/485/12080",876,"MEAC",1,2015,12080
485,"Norfolk St.","/team/485/11620",876,"MEAC",1,2014,11620
485,"Norfolk St.","/team/485/11320",876,"MEAC",1,2013,11320
485,"Norfolk St.","/team/485/10942",876,"MEAC",1,2012,10942
485,"Norfolk St.","/team/485/10561",876,"MEAC",1,2011,10561
485,"Norfolk St.","/team/485/10240",876,"MEAC",1,2010,10240
393,"UMES","/team/393/16580",846,"NEC",1,2024,16580
393,"UMES","/team/393/16340",846,"NEC",1,2023,16340
393,"UMES","/team/393/15860",876,"MEAC",1,2022,15860
393,"UMES","/team/393/15580",876,"MEAC",1,2021,15580
393,"UMES","/team/393/15204",876,"MEAC",1,2020,15204
393,"UMES","/team/393/15204",876,"MEAC",1,2019,15204
393,"UMES","/team/393/12973",876,"MEAC",1,2018,12973
393,"UMES","/team/393/12560",876,"MEAC",1,2017,12560
393,"UMES","/team/393/12360",876,"MEAC",1,2016,12360
393,"UMES","/team/393/12080",876,"MEAC",1,2015,12080
393,"UMES","/team/393/11620",876,"MEAC",1,2014,11620
393,"UMES","/team/393/11320",876,"MEAC",1,2013,11320
393,"UMES","/team/393/10942",876,"MEAC",1,2012,10942
393,"UMES","/team/393/10561",876,"MEAC",1,2011,10561
393,"UMES","/team/393/10240",876,"MEAC",1,2010,10240
72,"Bradley","/team/72/16580",884,"MVC",1,2024,16580
72,"Bradley","/team/72/16340",884,"MVC",1,2023,16340
72,"Bradley","/team/72/15860",884,"MVC",1,2022,15860
72,"Bradley","/team/72/15580",884,"MVC",1,2021,15580
72,"Bradley","/team/72/15204",884,"MVC",1,2020,15204
72,"Bradley","/team/72/15204",884,"MVC",1,2019,15204
72,"Bradley","/team/72/12973",884,"MVC",1,2018,12973
72,"Bradley","/team/72/12560",884,"MVC",1,2017,12560
72,"Bradley","/team/72/12360",884,"MVC",1,2016,12360
72,"Bradley","/team/72/12080",884,"MVC",1,2015,12080
72,"Bradley","/team/72/11620",884,"MVC",1,2014,11620
72,"Bradley","/team/72/11320",884,"MVC",1,2013,11320
72,"Bradley","/team/72/10942",884,"MVC",1,2012,10942
72,"Bradley","/team/72/10561",884,"MVC",1,2011,10561
72,"Bradley","/team/72/10240",884,"MVC",1,2010,10240
1045,"DBU","/team/1045/16580",24312,"CUSA",1,2024,16580
1045,"DBU","/team/1045/16340",24312,"C-USA",1,2023,16340
1045,"DBU","/team/1045/15860",884,"MVC",1,2022,15860
1045,"DBU","/team/1045/15580",884,"MVC",1,2021,15580
1045,"DBU","/team/1045/15204",884,"MVC",1,2020,15204
1045,"DBU","/team/1045/15204",884,"MVC",1,2019,15204
1045,"DBU","/team/1045/12973",884,"MVC",1,2018,12973
1045,"DBU","/team/1045/12560",884,"MVC",1,2017,12560
1045,"DBU","/team/1045/12360",884,"MVC",1,2016,12360
1045,"DBU","/team/1045/12080",884,"MVC",1,2015,12080
1045,"DBU","/team/1045/11620",884,"MVC",1,2014,11620
1045,"DBU","/team/1045/11320",923,"WAC",1,2013,11320
219,"Evansville","/team/219/16580",884,"MVC",1,2024,16580
219,"Evansville","/team/219/16340",884,"MVC",1,2023,16340
219,"Evansville","/team/219/15860",884,"MVC",1,2022,15860
219,"Evansville","/team/219/15580",884,"MVC",1,2021,15580
219,"Evansville","/team/219/15204",884,"MVC",1,2020,15204
219,"Evansville","/team/219/15204",884,"MVC",1,2019,15204
219,"Evansville","/team/219/12973",884,"MVC",1,2018,12973
219,"Evansville","/team/219/12560",884,"MVC",1,2017,12560
219,"Evansville","/team/219/12360",884,"MVC",1,2016,12360
219,"Evansville","/team/219/12080",884,"MVC",1,2015,12080
219,"Evansville","/team/219/11620",884,"MVC",1,2014,11620
219,"Evansville","/team/219/11320",884,"MVC",1,2013,11320
219,"Evansville","/team/219/10942",884,"MVC",1,2012,10942
219,"Evansville","/team/219/10561",884,"MVC",1,2011,10561
219,"Evansville","/team/219/10240",884,"MVC",1,2010,10240
299,"Illinois St.","/team/299/16580",884,"MVC",1,2024,16580
299,"Illinois St.","/team/299/16340",884,"MVC",1,2023,16340
299,"Illinois St.","/team/299/15860",884,"MVC",1,2022,15860
299,"Illinois St.","/team/299/15580",884,"MVC",1,2021,15580
299,"Illinois St.","/team/299/15204",884,"MVC",1,2020,15204
299,"Illinois St.","/team/299/15204",884,"MVC",1,2019,15204
299,"Illinois St.","/team/299/12973",884,"MVC",1,2018,12973
299,"Illinois St.","/team/299/12560",884,"MVC",1,2017,12560
299,"Illinois St.","/team/299/12360",884,"MVC",1,2016,12360
299,"Illinois St.","/team/299/12080",884,"MVC",1,2015,12080
299,"Illinois St.","/team/299/11620",884,"MVC",1,2014,11620
299,"Illinois St.","/team/299/11320",884,"MVC",1,2013,11320
299,"Illinois St.","/team/299/10942",884,"MVC",1,2012,10942
299,"Illinois St.","/team/299/10561",884,"MVC",1,2011,10561
299,"Illinois St.","/team/299/10240",884,"MVC",1,2010,10240
305,"Indiana St.","/team/305/16580",884,"MVC",1,2024,16580
305,"Indiana St.","/team/305/16340",884,"MVC",1,2023,16340
305,"Indiana St.","/team/305/15860",884,"MVC",1,2022,15860
305,"Indiana St.","/team/305/15580",884,"MVC",1,2021,15580
305,"Indiana St.","/team/305/15204",884,"MVC",1,2020,15204
305,"Indiana St.","/team/305/15204",884,"MVC",1,2019,15204
305,"Indiana St.","/team/305/12973",884,"MVC",1,2018,12973
305,"Indiana St.","/team/305/12560",884,"MVC",1,2017,12560
305,"Indiana St.","/team/305/12360",884,"MVC",1,2016,12360
305,"Indiana St.","/team/305/12080",884,"MVC",1,2015,12080
305,"Indiana St.","/team/305/11620",884,"MVC",1,2014,11620
305,"Indiana St.","/team/305/11320",884,"MVC",1,2013,11320
305,"Indiana St.","/team/305/10942",884,"MVC",1,2012,10942
305,"Indiana St.","/team/305/10561",884,"MVC",1,2011,10561
305,"Indiana St.","/team/305/10240",884,"MVC",1,2010,10240
669,"Missouri St.","/team/669/16580",884,"MVC",1,2024,16580
669,"Missouri St.","/team/669/16340",884,"MVC",1,2023,16340
669,"Missouri St.","/team/669/15860",884,"MVC",1,2022,15860
669,"Missouri St.","/team/669/15580",884,"MVC",1,2021,15580
669,"Missouri St.","/team/669/15204",884,"MVC",1,2020,15204
669,"Missouri St.","/team/669/15204",884,"MVC",1,2019,15204
669,"Missouri St.","/team/669/12973",884,"MVC",1,2018,12973
669,"Missouri St.","/team/669/12560",884,"MVC",1,2017,12560
669,"Missouri St.","/team/669/12360",884,"MVC",1,2016,12360
669,"Missouri St.","/team/669/12080",884,"MVC",1,2015,12080
669,"Missouri St.","/team/669/11620",884,"MVC",1,2014,11620
669,"Missouri St.","/team/669/11320",884,"MVC",1,2013,11320
669,"Missouri St.","/team/669/10942",884,"MVC",1,2012,10942
669,"Missouri St.","/team/669/10561",884,"MVC",1,2011,10561
669,"Missouri St.","/team/669/10240",884,"MVC",1,2010,10240
659,"Southern Ill.","/team/659/16580",884,"MVC",1,2024,16580
659,"Southern Ill.","/team/659/16340",884,"MVC",1,2023,16340
659,"Southern Ill.","/team/659/15860",884,"MVC",1,2022,15860
659,"Southern Ill.","/team/659/15580",884,"MVC",1,2021,15580
659,"Southern Ill.","/team/659/15204",884,"MVC",1,2020,15204
659,"Southern Ill.","/team/659/15204",884,"MVC",1,2019,15204
659,"Southern Ill.","/team/659/12973",884,"MVC",1,2018,12973
659,"Southern Ill.","/team/659/12560",884,"MVC",1,2017,12560
659,"Southern Ill.","/team/659/12360",884,"MVC",1,2016,12360
659,"Southern Ill.","/team/659/12080",884,"MVC",1,2015,12080
659,"Southern Ill.","/team/659/11620",884,"MVC",1,2014,11620
659,"Southern Ill.","/team/659/11320",884,"MVC",1,2013,11320
659,"Southern Ill.","/team/659/10942",884,"MVC",1,2012,10942
659,"Southern Ill.","/team/659/10561",884,"MVC",1,2011,10561
659,"Southern Ill.","/team/659/10240",884,"MVC",1,2010,10240
735,"Valparaiso","/team/735/16580",884,"MVC",1,2024,16580
735,"Valparaiso","/team/735/16340",884,"MVC",1,2023,16340
735,"Valparaiso","/team/735/15860",884,"MVC",1,2022,15860
735,"Valparaiso","/team/735/15580",884,"MVC",1,2021,15580
735,"Valparaiso","/team/735/15204",884,"MVC",1,2020,15204
735,"Valparaiso","/team/735/15204",884,"MVC",1,2019,15204
735,"Valparaiso","/team/735/12973",884,"MVC",1,2018,12973
735,"Valparaiso","/team/735/12560",881,"Horizon",1,2017,12560
735,"Valparaiso","/team/735/12360",881,"Horizon",1,2016,12360
735,"Valparaiso","/team/735/12080",881,"Horizon",1,2015,12080
735,"Valparaiso","/team/735/11620",881,"Horizon",1,2014,11620
735,"Valparaiso","/team/735/11320",881,"Horizon",1,2013,11320
735,"Valparaiso","/team/735/10942",881,"Horizon",1,2012,10942
735,"Valparaiso","/team/735/10561",881,"Horizon",1,2011,10561
735,"Valparaiso","/team/735/10240",881,"Horizon",1,2010,10240
721,"Air Force","/team/721/16580",5486,"Mountain West",1,2024,16580
721,"Air Force","/team/721/16340",5486,"Mountain West",1,2023,16340
721,"Air Force","/team/721/15860",5486,"Mountain West",1,2022,15860
721,"Air Force","/team/721/15580",5486,"Mountain West",1,2021,15580
721,"Air Force","/team/721/15204",5486,"Mountain West",1,2020,15204
721,"Air Force","/team/721/15204",5486,"Mountain West",1,2019,15204
721,"Air Force","/team/721/12973",5486,"Mountain West",1,2018,12973
721,"Air Force","/team/721/12560",5486,"Mountain West",1,2017,12560
721,"Air Force","/team/721/12360",5486,"Mountain West",1,2016,12360
721,"Air Force","/team/721/12080",5486,"Mountain West",1,2015,12080
721,"Air Force","/team/721/11620",5486,"Mountain West",1,2014,11620
721,"Air Force","/team/721/11320",5486,"Mountain West",1,2013,11320
721,"Air Force","/team/721/10942",5486,"Mountain West",1,2012,10942
721,"Air Force","/team/721/10561",5486,"Mountain West",1,2011,10561
721,"Air Force","/team/721/10240",5486,"Mountain West",1,2010,10240
96,"Fresno St.","/team/96/16580",5486,"Mountain West",1,2024,16580
96,"Fresno St.","/team/96/16340",5486,"Mountain West",1,2023,16340
96,"Fresno St.","/team/96/15860",5486,"Mountain West",1,2022,15860
96,"Fresno St.","/team/96/15580",5486,"Mountain West",1,2021,15580
96,"Fresno St.","/team/96/15204",5486,"Mountain West",1,2020,15204
96,"Fresno St.","/team/96/15204",5486,"Mountain West",1,2019,15204
96,"Fresno St.","/team/96/12973",5486,"Mountain West",1,2018,12973
96,"Fresno St.","/team/96/12560",5486,"Mountain West",1,2017,12560
96,"Fresno St.","/team/96/12360",5486,"Mountain West",1,2016,12360
96,"Fresno St.","/team/96/12080",5486,"Mountain West",1,2015,12080
96,"Fresno St.","/team/96/11620",5486,"Mountain West",1,2014,11620
96,"Fresno St.","/team/96/11320",5486,"Mountain West",1,2013,11320
96,"Fresno St.","/team/96/10942",923,"WAC",1,2012,10942
96,"Fresno St.","/team/96/10561",923,"WAC",1,2011,10561
96,"Fresno St.","/team/96/10240",923,"WAC",1,2010,10240
466,"Nevada","/team/466/16580",5486,"Mountain West",1,2024,16580
466,"Nevada","/team/466/16340",5486,"Mountain West",1,2023,16340
466,"Nevada","/team/466/15860",5486,"Mountain West",1,2022,15860
466,"Nevada","/team/466/15580",5486,"Mountain West",1,2021,15580
466,"Nevada","/team/466/15204",5486,"Mountain West",1,2020,15204
466,"Nevada","/team/466/15204",5486,"Mountain West",1,2019,15204
466,"Nevada","/team/466/12973",5486,"Mountain West",1,2018,12973
466,"Nevada","/team/466/12560",5486,"Mountain West",1,2017,12560
466,"Nevada","/team/466/12360",5486,"Mountain West",1,2016,12360
466,"Nevada","/team/466/12080",5486,"Mountain West",1,2015,12080
466,"Nevada","/team/466/11620",5486,"Mountain West",1,2014,11620
466,"Nevada","/team/466/11320",5486,"Mountain West",1,2013,11320
466,"Nevada","/team/466/10942",923,"WAC",1,2012,10942
466,"Nevada","/team/466/10561",923,"WAC",1,2011,10561
466,"Nevada","/team/466/10240",923,"WAC",1,2010,10240
473,"New Mexico","/team/473/16580",5486,"Mountain West",1,2024,16580
473,"New Mexico","/team/473/16340",5486,"Mountain West",1,2023,16340
473,"New Mexico","/team/473/15860",5486,"Mountain West",1,2022,15860
473,"New Mexico","/team/473/15580",5486,"Mountain West",1,2021,15580
473,"New Mexico","/team/473/15204",5486,"Mountain West",1,2020,15204
473,"New Mexico","/team/473/15204",5486,"Mountain West",1,2019,15204
473,"New Mexico","/team/473/12973",5486,"Mountain West",1,2018,12973
473,"New Mexico","/team/473/12560",5486,"Mountain West",1,2017,12560
473,"New Mexico","/team/473/12360",5486,"Mountain West",1,2016,12360
473,"New Mexico","/team/473/12080",5486,"Mountain West",1,2015,12080
473,"New Mexico","/team/473/11620",5486,"Mountain West",1,2014,11620
473,"New Mexico","/team/473/11320",5486,"Mountain West",1,2013,11320
473,"New Mexico","/team/473/10942",5486,"Mountain West",1,2012,10942
473,"New Mexico","/team/473/10561",5486,"Mountain West",1,2011,10561
473,"New Mexico","/team/473/10240",5486,"Mountain West",1,2010,10240
472,"New Mexico St.","/team/472/16580",24312,"CUSA",1,2024,16580
472,"New Mexico St.","/team/472/16340",923,"WAC",1,2023,16340
472,"New Mexico St.","/team/472/15860",923,"WAC",1,2022,15860
472,"New Mexico St.","/team/472/15580",923,"WAC",1,2021,15580
472,"New Mexico St.","/team/472/15204",923,"WAC",1,2020,15204
472,"New Mexico St.","/team/472/15204",923,"WAC",1,2019,15204
472,"New Mexico St.","/team/472/12973",923,"WAC",1,2018,12973
472,"New Mexico St.","/team/472/12560",923,"WAC",1,2017,12560
472,"New Mexico St.","/team/472/12360",923,"WAC",1,2016,12360
472,"New Mexico St.","/team/472/12080",923,"WAC",1,2015,12080
472,"New Mexico St.","/team/472/11620",923,"WAC",1,2014,11620
472,"New Mexico St.","/team/472/11320",923,"WAC",1,2013,11320
472,"New Mexico St.","/team/472/10942",923,"WAC",1,2012,10942
472,"New Mexico St.","/team/472/10561",923,"WAC",1,2011,10561
472,"New Mexico St.","/team/472/10240",923,"WAC",1,2010,10240
626,"San Diego St.","/team/626/16580",5486,"Mountain West",1,2024,16580
626,"San Diego St.","/team/626/16340",5486,"Mountain West",1,2023,16340
626,"San Diego St.","/team/626/15860",5486,"Mountain West",1,2022,15860
626,"San Diego St.","/team/626/15580",5486,"Mountain West",1,2021,15580
626,"San Diego St.","/team/626/15204",5486,"Mountain West",1,2020,15204
626,"San Diego St.","/team/626/15204",5486,"Mountain West",1,2019,15204
626,"San Diego St.","/team/626/12973",5486,"Mountain West",1,2018,12973
626,"San Diego St.","/team/626/12560",5486,"Mountain West",1,2017,12560
626,"San Diego St.","/team/626/12360",5486,"Mountain West",1,2016,12360
626,"San Diego St.","/team/626/12080",5486,"Mountain West",1,2015,12080
626,"San Diego St.","/team/626/11620",5486,"Mountain West",1,2014,11620
626,"San Diego St.","/team/626/11320",5486,"Mountain West",1,2013,11320
626,"San Diego St.","/team/626/10942",5486,"Mountain West",1,2012,10942
626,"San Diego St.","/team/626/10561",5486,"Mountain West",1,2011,10561
626,"San Diego St.","/team/626/10240",5486,"Mountain West",1,2010,10240
630,"San Jose St.","/team/630/16580",5486,"Mountain West",1,2024,16580
630,"San Jose St.","/team/630/16340",5486,"Mountain West",1,2023,16340
630,"San Jose St.","/team/630/15860",5486,"Mountain West",1,2022,15860
630,"San Jose St.","/team/630/15580",5486,"Mountain West",1,2021,15580
630,"San Jose St.","/team/630/15204",5486,"Mountain West",1,2020,15204
630,"San Jose St.","/team/630/15204",5486,"Mountain West",1,2019,15204
630,"San Jose St.","/team/630/12973",5486,"Mountain West",1,2018,12973
630,"San Jose St.","/team/630/12560",5486,"Mountain West",1,2017,12560
630,"San Jose St.","/team/630/12360",5486,"Mountain West",1,2016,12360
630,"San Jose St.","/team/630/12080",5486,"Mountain West",1,2015,12080
630,"San Jose St.","/team/630/11620",5486,"Mountain West",1,2014,11620
630,"San Jose St.","/team/630/11320",923,"WAC",1,2013,11320
630,"San Jose St.","/team/630/10942",923,"WAC",1,2012,10942
630,"San Jose St.","/team/630/10561",923,"WAC",1,2011,10561
630,"San Jose St.","/team/630/10240",923,"WAC",1,2010,10240
465,"UNLV","/team/465/16580",5486,"Mountain West",1,2024,16580
465,"UNLV","/team/465/16340",5486,"Mountain West",1,2023,16340
465,"UNLV","/team/465/15860",5486,"Mountain West",1,2022,15860
465,"UNLV","/team/465/15580",5486,"Mountain West",1,2021,15580
465,"UNLV","/team/465/15204",5486,"Mountain West",1,2020,15204
465,"UNLV","/team/465/15204",5486,"Mountain West",1,2019,15204
465,"UNLV","/team/465/12973",5486,"Mountain West",1,2018,12973
465,"UNLV","/team/465/12560",5486,"Mountain West",1,2017,12560
465,"UNLV","/team/465/12360",5486,"Mountain West",1,2016,12360
465,"UNLV","/team/465/12080",5486,"Mountain West",1,2015,12080
465,"UNLV","/team/465/11620",5486,"Mountain West",1,2014,11620
465,"UNLV","/team/465/11320",5486,"Mountain West",1,2013,11320
465,"UNLV","/team/465/10942",5486,"Mountain West",1,2012,10942
465,"UNLV","/team/465/10561",5486,"Mountain West",1,2011,10561
465,"UNLV","/team/465/10240",5486,"Mountain West",1,2010,10240
81,"Bryant","/team/81/16580",845,"America East",1,2024,16580
81,"Bryant","/team/81/16340",845,"America East",1,2023,16340
81,"Bryant","/team/81/15860",846,"NEC",1,2022,15860
81,"Bryant","/team/81/15580",846,"NEC",1,2021,15580
81,"Bryant","/team/81/15204",846,"NEC",1,2020,15204
81,"Bryant","/team/81/15204",846,"NEC",1,2019,15204
81,"Bryant","/team/81/12973",846,"NEC",1,2018,12973
81,"Bryant","/team/81/12560",846,"NEC",1,2017,12560
81,"Bryant","/team/81/12360",846,"NEC",1,2016,12360
81,"Bryant","/team/81/12080",846,"NEC",1,2015,12080
81,"Bryant","/team/81/11620",846,"NEC",1,2014,11620
81,"Bryant","/team/81/11320",846,"NEC",1,2013,11320
81,"Bryant","/team/81/10942",846,"NEC",1,2012,10942
81,"Bryant","/team/81/10561",846,"NEC",1,2011,10561
81,"Bryant","/team/81/10240",846,"NEC",1,2010,10240
127,"Central Conn. St.","/team/127/16580",846,"NEC",1,2024,16580
127,"Central Conn. St.","/team/127/16340",846,"NEC",1,2023,16340
127,"Central Conn. St.","/team/127/15860",846,"NEC",1,2022,15860
127,"Central Conn. St.","/team/127/15580",846,"NEC",1,2021,15580
127,"Central Conn. St.","/team/127/15204",846,"NEC",1,2020,15204
127,"Central Conn. St.","/team/127/15204",846,"NEC",1,2019,15204
127,"Central Conn. St.","/team/127/12973",846,"NEC",1,2018,12973
127,"Central Conn. St.","/team/127/12560",846,"NEC",1,2017,12560
127,"Central Conn. St.","/team/127/12360",846,"NEC",1,2016,12360
127,"Central Conn. St.","/team/127/12080",846,"NEC",1,2015,12080
127,"Central Conn. St.","/team/127/11620",846,"NEC",1,2014,11620
127,"Central Conn. St.","/team/127/11320",846,"NEC",1,2013,11320
127,"Central Conn. St.","/team/127/10942",846,"NEC",1,2012,10942
127,"Central Conn. St.","/team/127/10561",846,"NEC",1,2011,10561
127,"Central Conn. St.","/team/127/10240",846,"NEC",1,2010,10240
222,"FDU","/team/222/16580",846,"NEC",1,2024,16580
221,"FDU-Florham","/team/221/16580",28745,"MAC Freedom",3,2024,16580
221,"FDU-Florham","/team/221/16340",28745,"MAC Freedom",3,2023,16340
221,"FDU-Florham","/team/221/15860",28745,"MAC Freedom",3,2022,15860
221,"FDU-Florham","/team/221/15580",28745,"MAC Freedom",3,2021,15580
221,"FDU-Florham","/team/221/15204",28745,"MAC Freedom",3,2020,15204
221,"FDU-Florham","/team/221/14781",28745,"MAC Freedom",3,2019,14781
221,"FDU-Florham","/team/221/12973",28745,"MAC Freedom",3,2018,12973
221,"FDU-Florham","/team/221/12560",28745,"MAC Freedom",3,2017,12560
221,"FDU-Florham","/team/221/12360",28745,"MAC Freedom",3,2016,12360
221,"FDU-Florham","/team/221/12080",28745,"MAC Freedom",3,2015,12080
221,"FDU-Florham","/team/221/11620",28745,"MAC Freedom",3,2014,11620
221,"FDU-Florham","/team/221/11320",28745,"MAC Freedom",3,2013,11320
221,"FDU-Florham","/team/221/10942",28745,"MAC Freedom",3,2012,10942
221,"FDU-Florham","/team/221/10561",28745,"MAC Freedom",3,2011,10561
221,"FDU-Florham","/team/221/10240",28745,"MAC Freedom",3,2010,10240
361,"LIU","/team/361/16580",846,"NEC",1,2024,16580
361,"LIU","/team/361/16340",846,"NEC",1,2023,16340
361,"LIU","/team/361/15860",846,"NEC",1,2022,15860
361,"LIU","/team/361/15580",846,"NEC",1,2021,15580
361,"LIU","/team/361/15204",846,"NEC",1,2020,15204
361,"LIU","/team/361/15204",846,"NEC",1,2019,15204
361,"LIU","/team/361/12973",846,"NEC",1,2018,12973
361,"LIU","/team/361/12560",846,"NEC",1,2017,12560
361,"LIU","/team/361/12360",846,"NEC",1,2016,12360
361,"LIU","/team/361/12080",846,"NEC",1,2015,12080
361,"LIU","/team/361/11620",846,"NEC",1,2014,11620
361,"LIU","/team/361/11320",846,"NEC",1,2013,11320
361,"LIU","/team/361/10942",846,"NEC",1,2012,10942
361,"LIU","/team/361/10561",846,"NEC",1,2011,10561
361,"LIU","/team/361/10240",846,"NEC",1,2010,10240
362,"LIU Post","/team/362/14781",11265,"ECC",2,2019,14781
362,"LIU Post","/team/362/12973",11265,"ECC",2,2018,12973
362,"LIU Post","/team/362/12560",11265,"ECC",2,2017,12560
362,"LIU Post","/team/362/12360",11265,"ECC",2,2016,12360
362,"LIU Post","/team/362/12080",11265,"ECC",2,2015,12080
362,"LIU Post","/team/362/11620",11265,"ECC",2,2014,11620
362,"LIU Post","/team/362/11320",11265,"ECC",2,2013,11320
362,"LIU Post","/team/362/10942",11265,"ECC",2,2012,10942
362,"LIU Post","/team/362/10561",11265,"ECC",2,2011,10561
362,"LIU Post","/team/362/10240",11265,"ECC",2,2010,10240
410,"Merrimack","/team/410/16580",846,"NEC",1,2024,16580
410,"Merrimack","/team/410/16340",846,"NEC",1,2023,16340
410,"Merrimack","/team/410/15860",846,"NEC",1,2022,15860
410,"Merrimack","/team/410/15580",846,"NEC",1,2021,15580
410,"Merrimack","/team/410/15204",846,"NEC",1,2020,15204
410,"Merrimack","/team/410/15204",846,"NEC",1,2019,15204
410,"Merrimack","/team/410/14781",899,"NE10",2,2019,14781
410,"Merrimack","/team/410/12973",899,"NE10",2,2018,12973
410,"Merrimack","/team/410/12560",899,"NE10",2,2017,12560
410,"Merrimack","/team/410/12360",899,"NE10",2,2016,12360
410,"Merrimack","/team/410/12080",899,"NE10",2,2015,12080
410,"Merrimack","/team/410/11620",899,"NE10",2,2014,11620
410,"Merrimack","/team/410/11320",899,"NE10",2,2013,11320
410,"Merrimack","/team/410/10942",899,"NE10",2,2012,10942
410,"Merrimack","/team/410/10561",899,"NE10",2,2011,10561
410,"Merrimack","/team/410/10240",899,"NE10",2,2010,10240
450,"Mount St. Mary's","/team/450/16580",871,"MAAC",1,2024,16580
450,"Mount St. Mary's","/team/450/16340",871,"MAAC",1,2023,16340
450,"Mount St. Mary's","/team/450/15860",846,"NEC",1,2022,15860
450,"Mount St. Mary's","/team/450/15580",846,"NEC",1,2021,15580
450,"Mount St. Mary's","/team/450/15204",846,"NEC",1,2020,15204
450,"Mount St. Mary's","/team/450/15204",846,"NEC",1,2019,15204
450,"Mount St. Mary's","/team/450/12973",846,"NEC",1,2018,12973
450,"Mount St. Mary's","/team/450/12560",846,"NEC",1,2017,12560
450,"Mount St. Mary's","/team/450/12360",846,"NEC",1,2016,12360
450,"Mount St. Mary's","/team/450/12080",846,"NEC",1,2015,12080
450,"Mount St. Mary's","/team/450/11620",846,"NEC",1,2014,11620
450,"Mount St. Mary's","/team/450/11320",846,"NEC",1,2013,11320
450,"Mount St. Mary's","/team/450/10942",846,"NEC",1,2012,10942
450,"Mount St. Mary's","/team/450/10561",846,"NEC",1,2011,10561
450,"Mount St. Mary's","/team/450/10240",846,"NEC",1,2010,10240
590,"Sacred Heart","/team/590/16580",846,"NEC",1,2024,16580
590,"Sacred Heart","/team/590/16340",846,"NEC",1,2023,16340
590,"Sacred Heart","/team/590/15860",846,"NEC",1,2022,15860
590,"Sacred Heart","/team/590/15580",846,"NEC",1,2021,15580
590,"Sacred Heart","/team/590/15204",846,"NEC",1,2020,15204
590,"Sacred Heart","/team/590/15204",846,"NEC",1,2019,15204
590,"Sacred Heart","/team/590/12973",846,"NEC",1,2018,12973
590,"Sacred Heart","/team/590/12560",846,"NEC",1,2017,12560
590,"Sacred Heart","/team/590/12360",846,"NEC",1,2016,12360
590,"Sacred Heart","/team/590/12080",846,"NEC",1,2015,12080
590,"Sacred Heart","/team/590/11620",846,"NEC",1,2014,11620
590,"Sacred Heart","/team/590/11320",846,"NEC",1,2013,11320
590,"Sacred Heart","/team/590/10942",846,"NEC",1,2012,10942
590,"Sacred Heart","/team/590/10561",846,"NEC",1,2011,10561
590,"Sacred Heart","/team/590/10240",846,"NEC",1,2010,10240
748,"Wagner","/team/748/16580",846,"NEC",1,2024,16580
748,"Wagner","/team/748/16340",846,"NEC",1,2023,16340
748,"Wagner","/team/748/15860",846,"NEC",1,2022,15860
748,"Wagner","/team/748/15580",846,"NEC",1,2021,15580
748,"Wagner","/team/748/15204",846,"NEC",1,2020,15204
748,"Wagner","/team/748/15204",846,"NEC",1,2019,15204
748,"Wagner","/team/748/12973",846,"NEC",1,2018,12973
748,"Wagner","/team/748/12560",846,"NEC",1,2017,12560
748,"Wagner","/team/748/12360",846,"NEC",1,2016,12360
748,"Wagner","/team/748/12080",846,"NEC",1,2015,12080
748,"Wagner","/team/748/11620",846,"NEC",1,2014,11620
748,"Wagner","/team/748/11320",846,"NEC",1,2013,11320
748,"Wagner","/team/748/10942",846,"NEC",1,2012,10942
748,"Wagner","/team/748/10561",846,"NEC",1,2011,10561
748,"Wagner","/team/748/10240",846,"NEC",1,2010,10240
43,"Austin Peay","/team/43/16580",920,"ASUN",1,2024,16580
43,"Austin Peay","/team/43/16340",920,"ASUN",1,2023,16340
43,"Austin Peay","/team/43/15860",902,"OVC",1,2022,15860
43,"Austin Peay","/team/43/15580",902,"OVC",1,2021,15580
43,"Austin Peay","/team/43/15204",902,"OVC",1,2020,15204
43,"Austin Peay","/team/43/15204",902,"OVC",1,2019,15204
43,"Austin Peay","/team/43/12973",902,"OVC",1,2018,12973
43,"Austin Peay","/team/43/12560",902,"OVC",1,2017,12560
43,"Austin Peay","/team/43/12360",902,"OVC",1,2016,12360
43,"Austin Peay","/team/43/12080",902,"OVC",1,2015,12080
43,"Austin Peay","/team/43/11620",902,"OVC",1,2014,11620
43,"Austin Peay","/team/43/11320",902,"OVC",1,2013,11320
43,"Austin Peay","/team/43/10942",902,"OVC",1,2012,10942
43,"Austin Peay","/team/43/10561",902,"OVC",1,2011,10561
43,"Austin Peay","/team/43/10240",902,"OVC",1,2010,10240
14927,"Belmont","/team/14927/16580",884,"MVC",1,2024,16580
14927,"Belmont","/team/14927/16340",884,"MVC",1,2023,16340
14927,"Belmont","/team/14927/15860",902,"OVC",1,2022,15860
14927,"Belmont","/team/14927/15580",902,"OVC",1,2021,15580
14927,"Belmont","/team/14927/15204",902,"OVC",1,2020,15204
14927,"Belmont","/team/14927/15204",902,"OVC",1,2019,15204
14927,"Belmont","/team/14927/12973",902,"OVC",1,2018,12973
14927,"Belmont","/team/14927/12560",902,"OVC",1,2017,12560
14927,"Belmont","/team/14927/12360",902,"OVC",1,2016,12360
14927,"Belmont","/team/14927/12080",902,"OVC",1,2015,12080
14927,"Belmont","/team/14927/11620",902,"OVC",1,2014,11620
14927,"Belmont","/team/14927/11320",902,"OVC",1,2013,11320
14927,"Belmont","/team/14927/10942",920,"ASUN",1,2012,10942
14927,"Belmont","/team/14927/10561",920,"ASUN",1,2011,10561
14927,"Belmont","/team/14927/10240",920,"ASUN",1,2010,10240
2683,"Belmont Abbey","/team/2683/16580",4423,"Conference Carolinas",2,2024,16580
2683,"Belmont Abbey","/team/2683/16340",4423,"Conference Carolinas",2,2023,16340
2683,"Belmont Abbey","/team/2683/15860",4423,"Conference Carolinas",2,2022,15860
2683,"Belmont Abbey","/team/2683/15580",4423,"Conference Carolinas",2,2021,15580
2683,"Belmont Abbey","/team/2683/15204",4423,"Conference Carolinas",2,2020,15204
2683,"Belmont Abbey","/team/2683/14781",4423,"Conference Carolinas",2,2019,14781
2683,"Belmont Abbey","/team/2683/12973",4423,"Conference Carolinas",2,2018,12973
2683,"Belmont Abbey","/team/2683/12560",4423,"Conference Carolinas",2,2017,12560
2683,"Belmont Abbey","/team/2683/12360",4423,"Conference Carolinas",2,2016,12360
2683,"Belmont Abbey","/team/2683/12080",4423,"Conference Carolinas",2,2015,12080
2683,"Belmont Abbey","/team/2683/11620",4423,"Conference Carolinas",2,2014,11620
2683,"Belmont Abbey","/team/2683/11320",4423,"Conference Carolinas",2,2013,11320
2683,"Belmont Abbey","/team/2683/10942",4423,"Conference Carolinas",2,2012,10942
2683,"Belmont Abbey","/team/2683/10561",4423,"Conference Carolinas",2,2011,10561
2683,"Belmont Abbey","/team/2683/10240",4423,"Conference Carolinas",2,2010,10240
201,"Eastern Ill.","/team/201/16580",902,"OVC",1,2024,16580
201,"Eastern Ill.","/team/201/16340",902,"OVC",1,2023,16340
201,"Eastern Ill.","/team/201/15860",902,"OVC",1,2022,15860
201,"Eastern Ill.","/team/201/15580",902,"OVC",1,2021,15580
201,"Eastern Ill.","/team/201/15204",902,"OVC",1,2020,15204
201,"Eastern Ill.","/team/201/15204",902,"OVC",1,2019,15204
201,"Eastern Ill.","/team/201/12973",902,"OVC",1,2018,12973
201,"Eastern Ill.","/team/201/12560",902,"OVC",1,2017,12560
201,"Eastern Ill.","/team/201/12360",902,"OVC",1,2016,12360
201,"Eastern Ill.","/team/201/12080",902,"OVC",1,2015,12080
201,"Eastern Ill.","/team/201/11620",902,"OVC",1,2014,11620
201,"Eastern Ill.","/team/201/11320",902,"OVC",1,2013,11320
201,"Eastern Ill.","/team/201/10942",902,"OVC",1,2012,10942
201,"Eastern Ill.","/team/201/10561",902,"OVC",1,2011,10561
201,"Eastern Ill.","/team/201/10240",902,"OVC",1,2010,10240
202,"Eastern Ky.","/team/202/16580",920,"ASUN",1,2024,16580
202,"Eastern Ky.","/team/202/16340",920,"ASUN",1,2023,16340
202,"Eastern Ky.","/team/202/15860",920,"ASUN",1,2022,15860
202,"Eastern Ky.","/team/202/15580",902,"OVC",1,2021,15580
202,"Eastern Ky.","/team/202/15204",902,"OVC",1,2020,15204
202,"Eastern Ky.","/team/202/15204",902,"OVC",1,2019,15204
202,"Eastern Ky.","/team/202/12973",902,"OVC",1,2018,12973
202,"Eastern Ky.","/team/202/12560",902,"OVC",1,2017,12560
202,"Eastern Ky.","/team/202/12360",902,"OVC",1,2016,12360
202,"Eastern Ky.","/team/202/12080",902,"OVC",1,2015,12080
202,"Eastern Ky.","/team/202/11620",902,"OVC",1,2014,11620
202,"Eastern Ky.","/team/202/11320",902,"OVC",1,2013,11320
202,"Eastern Ky.","/team/202/10942",902,"OVC",1,2012,10942
202,"Eastern Ky.","/team/202/10561",902,"OVC",1,2011,10561
202,"Eastern Ky.","/team/202/10240",902,"OVC",1,2010,10240
315,"Jacksonville St.","/team/315/16580",24312,"CUSA",1,2024,16580
315,"Jacksonville St.","/team/315/16340",920,"ASUN",1,2023,16340
315,"Jacksonville St.","/team/315/15860",920,"ASUN",1,2022,15860
315,"Jacksonville St.","/team/315/15580",902,"OVC",1,2021,15580
315,"Jacksonville St.","/team/315/15204",902,"OVC",1,2020,15204
315,"Jacksonville St.","/team/315/15204",902,"OVC",1,2019,15204
315,"Jacksonville St.","/team/315/12973",902,"OVC",1,2018,12973
315,"Jacksonville St.","/team/315/12560",902,"OVC",1,2017,12560
315,"Jacksonville St.","/team/315/12360",902,"OVC",1,2016,12360
315,"Jacksonville St.","/team/315/12080",902,"OVC",1,2015,12080
315,"Jacksonville St.","/team/315/11620",902,"OVC",1,2014,11620
315,"Jacksonville St.","/team/315/11320",902,"OVC",1,2013,11320
315,"Jacksonville St.","/team/315/10942",902,"OVC",1,2012,10942
315,"Jacksonville St.","/team/315/10561",902,"OVC",1,2011,10561
315,"Jacksonville St.","/team/315/10240",902,"OVC",1,2010,10240
444,"Morehead St.","/team/444/16580",902,"OVC",1,2024,16580
444,"Morehead St.","/team/444/16340",902,"OVC",1,2023,16340
444,"Morehead St.","/team/444/15860",902,"OVC",1,2022,15860
444,"Morehead St.","/team/444/15580",902,"OVC",1,2021,15580
444,"Morehead St.","/team/444/15204",902,"OVC",1,2020,15204
444,"Morehead St.","/team/444/15204",902,"OVC",1,2019,15204
444,"Morehead St.","/team/444/12973",902,"OVC",1,2018,12973
444,"Morehead St.","/team/444/12560",902,"OVC",1,2017,12560
444,"Morehead St.","/team/444/12360",902,"OVC",1,2016,12360
444,"Morehead St.","/team/444/12080",902,"OVC",1,2015,12080
444,"Morehead St.","/team/444/11620",902,"OVC",1,2014,11620
444,"Morehead St.","/team/444/11320",902,"OVC",1,2013,11320
444,"Morehead St.","/team/444/10942",902,"OVC",1,2012,10942
444,"Morehead St.","/team/444/10561",902,"OVC",1,2011,10561
444,"Morehead St.","/team/444/10240",902,"OVC",1,2010,10240
454,"Murray St.","/team/454/16580",884,"MVC",1,2024,16580
454,"Murray St.","/team/454/16340",884,"MVC",1,2023,16340
454,"Murray St.","/team/454/15860",902,"OVC",1,2022,15860
454,"Murray St.","/team/454/15580",902,"OVC",1,2021,15580
454,"Murray St.","/team/454/15204",902,"OVC",1,2020,15204
454,"Murray St.","/team/454/15204",902,"OVC",1,2019,15204
454,"Murray St.","/team/454/12973",902,"OVC",1,2018,12973
454,"Murray St.","/team/454/12560",902,"OVC",1,2017,12560
454,"Murray St.","/team/454/12360",902,"OVC",1,2016,12360
454,"Murray St.","/team/454/12080",902,"OVC",1,2015,12080
454,"Murray St.","/team/454/11620",902,"OVC",1,2014,11620
454,"Murray St.","/team/454/11320",902,"OVC",1,2013,11320
454,"Murray St.","/team/454/10942",902,"OVC",1,2012,10942
454,"Murray St.","/team/454/10561",902,"OVC",1,2011,10561
454,"Murray St.","/team/454/10240",902,"OVC",1,2010,10240
660,"SIUE","/team/660/16580",902,"OVC",1,2024,16580
660,"SIUE","/team/660/16340",902,"OVC",1,2023,16340
660,"SIUE","/team/660/15860",902,"OVC",1,2022,15860
660,"SIUE","/team/660/15580",902,"OVC",1,2021,15580
660,"SIUE","/team/660/15204",902,"OVC",1,2020,15204
660,"SIUE","/team/660/15204",902,"OVC",1,2019,15204
660,"SIUE","/team/660/12973",902,"OVC",1,2018,12973
660,"SIUE","/team/660/12560",902,"OVC",1,2017,12560
660,"SIUE","/team/660/12360",902,"OVC",1,2016,12360
660,"SIUE","/team/660/12080",902,"OVC",1,2015,12080
660,"SIUE","/team/660/11620",902,"OVC",1,2014,11620
660,"SIUE","/team/660/11320",902,"OVC",1,2013,11320
660,"SIUE","/team/660/10942",902,"OVC",1,2012,10942
654,"Southeast Mo. St.","/team/654/16580",902,"OVC",1,2024,16580
654,"Southeast Mo. St.","/team/654/16340",902,"OVC",1,2023,16340
654,"Southeast Mo. St.","/team/654/15860",902,"OVC",1,2022,15860
654,"Southeast Mo. St.","/team/654/15580",902,"OVC",1,2021,15580
654,"Southeast Mo. St.","/team/654/15204",902,"OVC",1,2020,15204
654,"Southeast Mo. St.","/team/654/15204",902,"OVC",1,2019,15204
654,"Southeast Mo. St.","/team/654/12973",902,"OVC",1,2018,12973
654,"Southeast Mo. St.","/team/654/12560",902,"OVC",1,2017,12560
654,"Southeast Mo. St.","/team/654/12360",902,"OVC",1,2016,12360
654,"Southeast Mo. St.","/team/654/12080",902,"OVC",1,2015,12080
654,"Southeast Mo. St.","/team/654/11620",902,"OVC",1,2014,11620
654,"Southeast Mo. St.","/team/654/11320",902,"OVC",1,2013,11320
654,"Southeast Mo. St.","/team/654/10942",902,"OVC",1,2012,10942
654,"Southeast Mo. St.","/team/654/10561",902,"OVC",1,2011,10561
654,"Southeast Mo. St.","/team/654/10240",902,"OVC",1,2010,10240
692,"Tennessee Tech","/team/692/16580",902,"OVC",1,2024,16580
692,"Tennessee Tech","/team/692/16340",902,"OVC",1,2023,16340
692,"Tennessee Tech","/team/692/15860",902,"OVC",1,2022,15860
692,"Tennessee Tech","/team/692/15580",902,"OVC",1,2021,15580
692,"Tennessee Tech","/team/692/15204",902,"OVC",1,2020,15204
692,"Tennessee Tech","/team/692/15204",902,"OVC",1,2019,15204
692,"Tennessee Tech","/team/692/12973",902,"OVC",1,2018,12973
692,"Tennessee Tech","/team/692/12560",902,"OVC",1,2017,12560
692,"Tennessee Tech","/team/692/12360",902,"OVC",1,2016,12360
692,"Tennessee Tech","/team/692/12080",902,"OVC",1,2015,12080
692,"Tennessee Tech","/team/692/11620",902,"OVC",1,2014,11620
692,"Tennessee Tech","/team/692/11320",902,"OVC",1,2013,11320
692,"Tennessee Tech","/team/692/10942",902,"OVC",1,2012,10942
692,"Tennessee Tech","/team/692/10561",902,"OVC",1,2011,10561
692,"Tennessee Tech","/team/692/10240",902,"OVC",1,2010,10240
695,"UT Martin","/team/695/16580",902,"OVC",1,2024,16580
695,"UT Martin","/team/695/16340",902,"OVC",1,2023,16340
695,"UT Martin","/team/695/15860",902,"OVC",1,2022,15860
695,"UT Martin","/team/695/15580",902,"OVC",1,2021,15580
695,"UT Martin","/team/695/15204",902,"OVC",1,2020,15204
695,"UT Martin","/team/695/15204",902,"OVC",1,2019,15204
695,"UT Martin","/team/695/12973",902,"OVC",1,2018,12973
695,"UT Martin","/team/695/12560",902,"OVC",1,2017,12560
695,"UT Martin","/team/695/12360",902,"OVC",1,2016,12360
695,"UT Martin","/team/695/12080",902,"OVC",1,2015,12080
695,"UT Martin","/team/695/11620",902,"OVC",1,2014,11620
695,"UT Martin","/team/695/11320",902,"OVC",1,2013,11320
695,"UT Martin","/team/695/10942",902,"OVC",1,2012,10942
695,"UT Martin","/team/695/10561",902,"OVC",1,2011,10561
695,"UT Martin","/team/695/10240",902,"OVC",1,2010,10240
29,"Arizona","/team/29/16580",905,"Pac-12",1,2024,16580
29,"Arizona","/team/29/16340",905,"Pac-12",1,2023,16340
29,"Arizona","/team/29/15860",905,"Pac-12",1,2022,15860
29,"Arizona","/team/29/15580",905,"Pac-12",1,2021,15580
29,"Arizona","/team/29/15204",905,"Pac-12",1,2020,15204
29,"Arizona","/team/29/15204",905,"Pac-12",1,2019,15204
29,"Arizona","/team/29/12973",905,"Pac-12",1,2018,12973
29,"Arizona","/team/29/12560",905,"Pac-12",1,2017,12560
29,"Arizona","/team/29/12360",905,"Pac-12",1,2016,12360
29,"Arizona","/team/29/12080",905,"Pac-12",1,2015,12080
29,"Arizona","/team/29/11620",905,"Pac-12",1,2014,11620
29,"Arizona","/team/29/11320",905,"Pac-12",1,2013,11320
29,"Arizona","/team/29/10942",905,"Pac-12",1,2012,10942
29,"Arizona","/team/29/10561",905,"Pac-12",1,2011,10561
29,"Arizona","/team/29/10240",905,"Pac-12",1,2010,10240
28,"Arizona St.","/team/28/16580",905,"Pac-12",1,2024,16580
28,"Arizona St.","/team/28/16340",905,"Pac-12",1,2023,16340
28,"Arizona St.","/team/28/15860",905,"Pac-12",1,2022,15860
28,"Arizona St.","/team/28/15580",905,"Pac-12",1,2021,15580
28,"Arizona St.","/team/28/15204",905,"Pac-12",1,2020,15204
28,"Arizona St.","/team/28/15204",905,"Pac-12",1,2019,15204
28,"Arizona St.","/team/28/12973",905,"Pac-12",1,2018,12973
28,"Arizona St.","/team/28/12560",905,"Pac-12",1,2017,12560
28,"Arizona St.","/team/28/12360",905,"Pac-12",1,2016,12360
28,"Arizona St.","/team/28/12080",905,"Pac-12",1,2015,12080
28,"Arizona St.","/team/28/11620",905,"Pac-12",1,2014,11620
28,"Arizona St.","/team/28/11320",905,"Pac-12",1,2013,11320
28,"Arizona St.","/team/28/10942",905,"Pac-12",1,2012,10942
28,"Arizona St.","/team/28/10561",905,"Pac-12",1,2011,10561
28,"Arizona St.","/team/28/10240",905,"Pac-12",1,2010,10240
28,"Arizona St.","/team/28/16580",905,"Pac-12",1,2024,16580
28,"Arizona St.","/team/28/16340",905,"Pac-12",1,2023,16340
28,"Arizona St.","/team/28/15860",905,"Pac-12",1,2022,15860
28,"Arizona St.","/team/28/15580",905,"Pac-12",1,2021,15580
28,"Arizona St.","/team/28/15204",905,"Pac-12",1,2020,15204
28,"Arizona St.","/team/28/15204",905,"Pac-12",1,2019,15204
28,"Arizona St.","/team/28/12973",905,"Pac-12",1,2018,12973
28,"Arizona St.","/team/28/12560",905,"Pac-12",1,2017,12560
28,"Arizona St.","/team/28/12360",905,"Pac-12",1,2016,12360
28,"Arizona St.","/team/28/12080",905,"Pac-12",1,2015,12080
28,"Arizona St.","/team/28/11620",905,"Pac-12",1,2014,11620
28,"Arizona St.","/team/28/11320",905,"Pac-12",1,2013,11320
28,"Arizona St.","/team/28/10942",905,"Pac-12",1,2012,10942
28,"Arizona St.","/team/28/10561",905,"Pac-12",1,2011,10561
28,"Arizona St.","/team/28/10240",905,"Pac-12",1,2010,10240
107,"California","/team/107/16580",905,"Pac-12",1,2024,16580
107,"California","/team/107/16340",905,"Pac-12",1,2023,16340
107,"California","/team/107/15860",905,"Pac-12",1,2022,15860
107,"California","/team/107/15580",905,"Pac-12",1,2021,15580
107,"California","/team/107/15204",905,"Pac-12",1,2020,15204
107,"California","/team/107/15204",905,"Pac-12",1,2019,15204
107,"California","/team/107/12973",905,"Pac-12",1,2018,12973
107,"California","/team/107/12560",905,"Pac-12",1,2017,12560
107,"California","/team/107/12360",905,"Pac-12",1,2016,12360
107,"California","/team/107/12080",905,"Pac-12",1,2015,12080
107,"California","/team/107/11620",905,"Pac-12",1,2014,11620
107,"California","/team/107/11320",905,"Pac-12",1,2013,11320
107,"California","/team/107/10942",905,"Pac-12",1,2012,10942
107,"California","/team/107/10561",905,"Pac-12",1,2011,10561
107,"California","/team/107/10240",905,"Pac-12",1,2010,10240
30135,"California Baptist","/team/30135/16580",923,"WAC",1,2024,16580
30135,"California Baptist","/team/30135/16340",923,"WAC",1,2023,16340
30135,"California Baptist","/team/30135/15860",923,"WAC",1,2022,15860
30135,"California Baptist","/team/30135/15580",923,"WAC",1,2021,15580
30135,"California Baptist","/team/30135/15204",923,"WAC",1,2020,15204
30135,"California Baptist","/team/30135/15204",923,"WAC",1,2019,15204
657,"Southern California","/team/657/16580",905,"Pac-12",1,2024,16580
657,"Southern California","/team/657/16340",905,"Pac-12",1,2023,16340
657,"Southern California","/team/657/15860",905,"Pac-12",1,2022,15860
657,"Southern California","/team/657/15580",905,"Pac-12",1,2021,15580
657,"Southern California","/team/657/15204",905,"Pac-12",1,2020,15204
657,"Southern California","/team/657/15204",905,"Pac-12",1,2019,15204
657,"Southern California","/team/657/12973",905,"Pac-12",1,2018,12973
657,"Southern California","/team/657/12560",905,"Pac-12",1,2017,12560
657,"Southern California","/team/657/12360",905,"Pac-12",1,2016,12360
657,"Southern California","/team/657/12080",905,"Pac-12",1,2015,12080
657,"Southern California","/team/657/11620",905,"Pac-12",1,2014,11620
657,"Southern California","/team/657/11320",905,"Pac-12",1,2013,11320
657,"Southern California","/team/657/10942",905,"Pac-12",1,2012,10942
657,"Southern California","/team/657/10561",905,"Pac-12",1,2011,10561
657,"Southern California","/team/657/10240",905,"Pac-12",1,2010,10240
106,"California (PA)","/team/106/16580",906,"PSAC",2,2024,16580
106,"California (PA)","/team/106/16340",906,"PSAC",2,2023,16340
106,"California (PA)","/team/106/15860",906,"PSAC",2,2022,15860
106,"California (PA)","/team/106/15580",906,"PSAC",2,2021,15580
106,"California (PA)","/team/106/15204",906,"PSAC",2,2020,15204
106,"California (PA)","/team/106/14781",906,"PSAC",2,2019,14781
106,"California (PA)","/team/106/12973",906,"PSAC",2,2018,12973
106,"California (PA)","/team/106/12560",906,"PSAC",2,2017,12560
106,"California (PA)","/team/106/12360",906,"PSAC",2,2016,12360
106,"California (PA)","/team/106/12080",906,"PSAC",2,2015,12080
106,"California (PA)","/team/106/11620",906,"PSAC",2,2014,11620
106,"California (PA)","/team/106/11320",906,"PSAC",2,2013,11320
106,"California (PA)","/team/106/10942",906,"PSAC",2,2012,10942
106,"California (PA)","/team/106/10561",906,"PSAC",2,2011,10561
106,"California (PA)","/team/106/10240",906,"PSAC",2,2010,10240
30135,"California Baptist","/team/30135/12973",19591,"PacWest",2,2018,12973
30135,"California Baptist","/team/30135/12560",19591,"PacWest",2,2017,12560
30135,"California Baptist","/team/30135/12360",19591,"PacWest",2,2016,12360
30135,"California Baptist","/team/30135/12080",19591,"PacWest",2,2015,12080
30135,"California Baptist","/team/30135/11620",19591,"PacWest",2,2014,11620
30135,"California Baptist","/team/30135/11320",19591,"PacWest",2,2013,11320
30135,"California Baptist","/team/30135/10942",19591,"PacWest",2,2012,10942
529,"Oregon","/team/529/16580",905,"Pac-12",1,2024,16580
529,"Oregon","/team/529/16340",905,"Pac-12",1,2023,16340
529,"Oregon","/team/529/15860",905,"Pac-12",1,2022,15860
529,"Oregon","/team/529/15580",905,"Pac-12",1,2021,15580
529,"Oregon","/team/529/15204",905,"Pac-12",1,2020,15204
529,"Oregon","/team/529/15204",905,"Pac-12",1,2019,15204
529,"Oregon","/team/529/12973",905,"Pac-12",1,2018,12973
529,"Oregon","/team/529/12560",905,"Pac-12",1,2017,12560
529,"Oregon","/team/529/12360",905,"Pac-12",1,2016,12360
529,"Oregon","/team/529/12080",905,"Pac-12",1,2015,12080
529,"Oregon","/team/529/11620",905,"Pac-12",1,2014,11620
529,"Oregon","/team/529/11320",905,"Pac-12",1,2013,11320
529,"Oregon","/team/529/10942",905,"Pac-12",1,2012,10942
529,"Oregon","/team/529/10561",905,"Pac-12",1,2011,10561
529,"Oregon","/team/529/10240",905,"Pac-12",1,2010,10240
528,"Oregon St.","/team/528/16580",905,"Pac-12",1,2024,16580
528,"Oregon St.","/team/528/16340",905,"Pac-12",1,2023,16340
528,"Oregon St.","/team/528/15860",905,"Pac-12",1,2022,15860
528,"Oregon St.","/team/528/15580",905,"Pac-12",1,2021,15580
528,"Oregon St.","/team/528/15204",905,"Pac-12",1,2020,15204
528,"Oregon St.","/team/528/15204",905,"Pac-12",1,2019,15204
528,"Oregon St.","/team/528/12973",905,"Pac-12",1,2018,12973
528,"Oregon St.","/team/528/12560",905,"Pac-12",1,2017,12560
528,"Oregon St.","/team/528/12360",905,"Pac-12",1,2016,12360
528,"Oregon St.","/team/528/12080",905,"Pac-12",1,2015,12080
528,"Oregon St.","/team/528/11620",905,"Pac-12",1,2014,11620
528,"Oregon St.","/team/528/11320",905,"Pac-12",1,2013,11320
528,"Oregon St.","/team/528/10942",905,"Pac-12",1,2012,10942
528,"Oregon St.","/team/528/10561",905,"Pac-12",1,2011,10561
528,"Oregon St.","/team/528/10240",905,"Pac-12",1,2010,10240
528,"Oregon St.","/team/528/16580",905,"Pac-12",1,2024,16580
528,"Oregon St.","/team/528/16340",905,"Pac-12",1,2023,16340
528,"Oregon St.","/team/528/15860",905,"Pac-12",1,2022,15860
528,"Oregon St.","/team/528/15580",905,"Pac-12",1,2021,15580
528,"Oregon St.","/team/528/15204",905,"Pac-12",1,2020,15204
528,"Oregon St.","/team/528/15204",905,"Pac-12",1,2019,15204
528,"Oregon St.","/team/528/12973",905,"Pac-12",1,2018,12973
528,"Oregon St.","/team/528/12560",905,"Pac-12",1,2017,12560
528,"Oregon St.","/team/528/12360",905,"Pac-12",1,2016,12360
528,"Oregon St.","/team/528/12080",905,"Pac-12",1,2015,12080
528,"Oregon St.","/team/528/11620",905,"Pac-12",1,2014,11620
528,"Oregon St.","/team/528/11320",905,"Pac-12",1,2013,11320
528,"Oregon St.","/team/528/10942",905,"Pac-12",1,2012,10942
528,"Oregon St.","/team/528/10561",905,"Pac-12",1,2011,10561
528,"Oregon St.","/team/528/10240",905,"Pac-12",1,2010,10240
657,"Southern California","/team/657/16580",905,"Pac-12",1,2024,16580
657,"Southern California","/team/657/16340",905,"Pac-12",1,2023,16340
657,"Southern California","/team/657/15860",905,"Pac-12",1,2022,15860
657,"Southern California","/team/657/15580",905,"Pac-12",1,2021,15580
657,"Southern California","/team/657/15204",905,"Pac-12",1,2020,15204
657,"Southern California","/team/657/15204",905,"Pac-12",1,2019,15204
657,"Southern California","/team/657/12973",905,"Pac-12",1,2018,12973
657,"Southern California","/team/657/12560",905,"Pac-12",1,2017,12560
657,"Southern California","/team/657/12360",905,"Pac-12",1,2016,12360
657,"Southern California","/team/657/12080",905,"Pac-12",1,2015,12080
657,"Southern California","/team/657/11620",905,"Pac-12",1,2014,11620
657,"Southern California","/team/657/11320",905,"Pac-12",1,2013,11320
657,"Southern California","/team/657/10942",905,"Pac-12",1,2012,10942
657,"Southern California","/team/657/10561",905,"Pac-12",1,2011,10561
657,"Southern California","/team/657/10240",905,"Pac-12",1,2010,10240
674,"Stanford","/team/674/16580",905,"Pac-12",1,2024,16580
674,"Stanford","/team/674/16340",905,"Pac-12",1,2023,16340
674,"Stanford","/team/674/15860",905,"Pac-12",1,2022,15860
674,"Stanford","/team/674/15580",905,"Pac-12",1,2021,15580
674,"Stanford","/team/674/15204",905,"Pac-12",1,2020,15204
674,"Stanford","/team/674/15204",905,"Pac-12",1,2019,15204
674,"Stanford","/team/674/12973",905,"Pac-12",1,2018,12973
674,"Stanford","/team/674/12560",905,"Pac-12",1,2017,12560
674,"Stanford","/team/674/12360",905,"Pac-12",1,2016,12360
674,"Stanford","/team/674/12080",905,"Pac-12",1,2015,12080
674,"Stanford","/team/674/11620",905,"Pac-12",1,2014,11620
674,"Stanford","/team/674/11320",905,"Pac-12",1,2013,11320
674,"Stanford","/team/674/10942",905,"Pac-12",1,2012,10942
674,"Stanford","/team/674/10561",905,"Pac-12",1,2011,10561
674,"Stanford","/team/674/10240",905,"Pac-12",1,2010,10240
110,"UCLA","/team/110/16580",905,"Pac-12",1,2024,16580
110,"UCLA","/team/110/16340",905,"Pac-12",1,2023,16340
110,"UCLA","/team/110/15860",905,"Pac-12",1,2022,15860
110,"UCLA","/team/110/15580",905,"Pac-12",1,2021,15580
110,"UCLA","/team/110/15204",905,"Pac-12",1,2020,15204
110,"UCLA","/team/110/15204",905,"Pac-12",1,2019,15204
110,"UCLA","/team/110/12973",905,"Pac-12",1,2018,12973
110,"UCLA","/team/110/12560",905,"Pac-12",1,2017,12560
110,"UCLA","/team/110/12360",905,"Pac-12",1,2016,12360
110,"UCLA","/team/110/12080",905,"Pac-12",1,2015,12080
110,"UCLA","/team/110/11620",905,"Pac-12",1,2014,11620
110,"UCLA","/team/110/11320",905,"Pac-12",1,2013,11320
110,"UCLA","/team/110/10942",905,"Pac-12",1,2012,10942
110,"UCLA","/team/110/10561",905,"Pac-12",1,2011,10561
110,"UCLA","/team/110/10240",905,"Pac-12",1,2010,10240
667,"Southern Utah","/team/667/10942",819,"Summit League",1,2012,10942
667,"Southern Utah","/team/667/10561",819,"Summit League",1,2011,10561
667,"Southern Utah","/team/667/10240",819,"Summit League",1,2010,10240
732,"Utah","/team/732/16580",905,"Pac-12",1,2024,16580
732,"Utah","/team/732/16340",905,"Pac-12",1,2023,16340
732,"Utah","/team/732/15860",905,"Pac-12",1,2022,15860
732,"Utah","/team/732/15580",905,"Pac-12",1,2021,15580
732,"Utah","/team/732/15204",905,"Pac-12",1,2020,15204
732,"Utah","/team/732/15204",905,"Pac-12",1,2019,15204
732,"Utah","/team/732/12973",905,"Pac-12",1,2018,12973
732,"Utah","/team/732/12560",905,"Pac-12",1,2017,12560
732,"Utah","/team/732/12360",905,"Pac-12",1,2016,12360
732,"Utah","/team/732/12080",905,"Pac-12",1,2015,12080
732,"Utah","/team/732/11620",905,"Pac-12",1,2014,11620
732,"Utah","/team/732/11320",905,"Pac-12",1,2013,11320
732,"Utah","/team/732/10942",905,"Pac-12",1,2012,10942
732,"Utah","/team/732/10561",5486,"Mountain West",1,2011,10561
732,"Utah","/team/732/10240",5486,"Mountain West",1,2010,10240
30095,"Utah Tech","/team/30095/16580",923,"WAC",1,2024,16580
30095,"Utah Tech","/team/30095/16340",923,"WAC",1,2023,16340
30095,"Utah Tech","/team/30095/15860",923,"WAC",1,2022,15860
30095,"Utah Tech","/team/30095/15580",923,"WAC",1,2021,15580
30024,"Utah Valley","/team/30024/16580",923,"WAC",1,2024,16580
30024,"Utah Valley","/team/30024/16340",923,"WAC",1,2023,16340
30024,"Utah Valley","/team/30024/15860",923,"WAC",1,2022,15860
30024,"Utah Valley","/team/30024/15580",923,"WAC",1,2021,15580
30024,"Utah Valley","/team/30024/15204",923,"WAC",1,2020,15204
30024,"Utah Valley","/team/30024/15204",923,"WAC",1,2019,15204
30024,"Utah Valley","/team/30024/12973",923,"WAC",1,2018,12973
30024,"Utah Valley","/team/30024/12560",923,"WAC",1,2017,12560
30024,"Utah Valley","/team/30024/12360",923,"WAC",1,2016,12360
30024,"Utah Valley","/team/30024/12080",923,"WAC",1,2015,12080
30024,"Utah Valley","/team/30024/11620",923,"WAC",1,2014,11620
30024,"Utah Valley","/team/30024/11320",30156,"GWC",1,2013,11320
30024,"Utah Valley","/team/30024/10942",30062,"GWC",1,2012,10942
30024,"Utah Valley","/team/30024/10561",30062,"GWC",1,2011,10561
30024,"Utah Valley","/team/30024/10240",30062,"GWC",1,2010,10240
30095,"Utah Tech","/team/30095/15204",13128,"RMAC",2,2020,15204
30095,"Utah Tech","/team/30095/14781",13128,"RMAC",2,2019,14781
30095,"Utah Tech","/team/30095/12973",19591,"PacWest",2,2018,12973
30095,"Utah Tech","/team/30095/12560",19591,"PacWest",2,2017,12560
30095,"Utah Tech","/team/30095/12360",19591,"PacWest",2,2016,12360
30095,"Utah Tech","/team/30095/12080",19591,"PacWest",2,2015,12080
30095,"Utah Tech","/team/30095/11620",19591,"PacWest",2,2014,11620
30095,"Utah Tech","/team/30095/11320",19591,"PacWest",2,2013,11320
30095,"Utah Tech","/team/30095/10942",19591,"PacWest",2,2012,10942
30095,"Utah Tech","/team/30095/10561",19591,"PacWest",2,2011,10561
30095,"Utah Tech","/team/30095/10240",19591,"PacWest",2,2010,10240
249,"George Washington","/team/249/16580",820,"Atlantic 10",1,2024,16580
249,"George Washington","/team/249/16340",820,"Atlantic 10",1,2023,16340
249,"George Washington","/team/249/15860",820,"Atlantic 10",1,2022,15860
249,"George Washington","/team/249/15580",820,"Atlantic 10",1,2021,15580
249,"George Washington","/team/249/15204",820,"Atlantic 10",1,2020,15204
249,"George Washington","/team/249/15204",820,"Atlantic 10",1,2019,15204
249,"George Washington","/team/249/12973",820,"Atlantic 10",1,2018,12973
249,"George Washington","/team/249/12560",820,"Atlantic 10",1,2017,12560
249,"George Washington","/team/249/12360",820,"Atlantic 10",1,2016,12360
249,"George Washington","/team/249/12080",820,"Atlantic 10",1,2015,12080
249,"George Washington","/team/249/11620",820,"Atlantic 10",1,2014,11620
249,"George Washington","/team/249/11320",820,"Atlantic 10",1,2013,11320
249,"George Washington","/team/249/10942",820,"Atlantic 10",1,2012,10942
249,"George Washington","/team/249/10561",820,"Atlantic 10",1,2011,10561
249,"George Washington","/team/249/10240",820,"Atlantic 10",1,2010,10240
756,"Washington","/team/756/16580",905,"Pac-12",1,2024,16580
756,"Washington","/team/756/16340",905,"Pac-12",1,2023,16340
756,"Washington","/team/756/15860",905,"Pac-12",1,2022,15860
756,"Washington","/team/756/15580",905,"Pac-12",1,2021,15580
756,"Washington","/team/756/15204",905,"Pac-12",1,2020,15204
756,"Washington","/team/756/15204",905,"Pac-12",1,2019,15204
756,"Washington","/team/756/12973",905,"Pac-12",1,2018,12973
756,"Washington","/team/756/12560",905,"Pac-12",1,2017,12560
756,"Washington","/team/756/12360",905,"Pac-12",1,2016,12360
756,"Washington","/team/756/12080",905,"Pac-12",1,2015,12080
756,"Washington","/team/756/11620",905,"Pac-12",1,2014,11620
756,"Washington","/team/756/11320",905,"Pac-12",1,2013,11320
756,"Washington","/team/756/10942",905,"Pac-12",1,2012,10942
756,"Washington","/team/756/10561",905,"Pac-12",1,2011,10561
756,"Washington","/team/756/10240",905,"Pac-12",1,2010,10240
754,"Washington St.","/team/754/16580",905,"Pac-12",1,2024,16580
754,"Washington St.","/team/754/16340",905,"Pac-12",1,2023,16340
754,"Washington St.","/team/754/15860",905,"Pac-12",1,2022,15860
754,"Washington St.","/team/754/15580",905,"Pac-12",1,2021,15580
754,"Washington St.","/team/754/15204",905,"Pac-12",1,2020,15204
754,"Washington St.","/team/754/15204",905,"Pac-12",1,2019,15204
754,"Washington St.","/team/754/12973",905,"Pac-12",1,2018,12973
754,"Washington St.","/team/754/12560",905,"Pac-12",1,2017,12560
754,"Washington St.","/team/754/12360",905,"Pac-12",1,2016,12360
754,"Washington St.","/team/754/12080",905,"Pac-12",1,2015,12080
754,"Washington St.","/team/754/11620",905,"Pac-12",1,2014,11620
754,"Washington St.","/team/754/11320",905,"Pac-12",1,2013,11320
754,"Washington St.","/team/754/10942",905,"Pac-12",1,2012,10942
754,"Washington St.","/team/754/10561",905,"Pac-12",1,2011,10561
754,"Washington St.","/team/754/10240",905,"Pac-12",1,2010,10240
390,"Mary Washington","/team/390/16580",15810,"C2C",3,2024,16580
390,"Mary Washington","/team/390/16340",15810,"C2C",3,2023,16340
390,"Mary Washington","/team/390/15860",15810,"C2C",3,2022,15860
390,"Mary Washington","/team/390/15580",15810,"C2C",3,2021,15580
390,"Mary Washington","/team/390/15204",15810,"C2C",3,2020,15204
390,"Mary Washington","/team/390/14781",15810,"C2C",3,2019,14781
390,"Mary Washington","/team/390/12973",15810,"C2C",3,2018,12973
390,"Mary Washington","/team/390/12560",15810,"C2C",3,2017,12560
390,"Mary Washington","/team/390/12360",15810,"C2C",3,2016,12360
390,"Mary Washington","/team/390/12080",15810,"C2C",3,2015,12080
390,"Mary Washington","/team/390/11620",15810,"C2C",3,2014,11620
390,"Mary Washington","/team/390/11320",15810,"C2C",3,2013,11320
390,"Mary Washington","/team/390/10942",15810,"C2C",3,2012,10942
390,"Mary Washington","/team/390/10561",15810,"C2C",3,2011,10561
390,"Mary Washington","/team/390/10240",15810,"C2C",3,2010,10240
753,"Washington Col.","/team/753/16580",9683,"Centennial",3,2024,16580
753,"Washington Col.","/team/753/16340",9683,"Centennial",3,2023,16340
753,"Washington Col.","/team/753/15860",9683,"Centennial",3,2022,15860
753,"Washington Col.","/team/753/15580",9683,"Centennial",3,2021,15580
753,"Washington Col.","/team/753/15204",9683,"Centennial",3,2020,15204
753,"Washington Col.","/team/753/14781",9683,"Centennial",3,2019,14781
753,"Washington Col.","/team/753/12973",9683,"Centennial",3,2018,12973
753,"Washington Col.","/team/753/12560",9683,"Centennial",3,2017,12560
753,"Washington Col.","/team/753/12360",9683,"Centennial",3,2016,12360
753,"Washington Col.","/team/753/12080",9683,"Centennial",3,2015,12080
753,"Washington Col.","/team/753/11620",9683,"Centennial",3,2014,11620
753,"Washington Col.","/team/753/11320",9683,"Centennial",3,2013,11320
753,"Washington Col.","/team/753/10942",9683,"Centennial",3,2012,10942
753,"Washington Col.","/team/753/10561",9683,"Centennial",3,2011,10561
753,"Washington Col.","/team/753/10240",9683,"Centennial",3,2010,10240
754,"Washington St.","/team/754/16580",905,"Pac-12",1,2024,16580
754,"Washington St.","/team/754/16340",905,"Pac-12",1,2023,16340
754,"Washington St.","/team/754/15860",905,"Pac-12",1,2022,15860
754,"Washington St.","/team/754/15580",905,"Pac-12",1,2021,15580
754,"Washington St.","/team/754/15204",905,"Pac-12",1,2020,15204
754,"Washington St.","/team/754/15204",905,"Pac-12",1,2019,15204
754,"Washington St.","/team/754/12973",905,"Pac-12",1,2018,12973
754,"Washington St.","/team/754/12560",905,"Pac-12",1,2017,12560
754,"Washington St.","/team/754/12360",905,"Pac-12",1,2016,12360
754,"Washington St.","/team/754/12080",905,"Pac-12",1,2015,12080
754,"Washington St.","/team/754/11620",905,"Pac-12",1,2014,11620
754,"Washington St.","/team/754/11320",905,"Pac-12",1,2013,11320
754,"Washington St.","/team/754/10942",905,"Pac-12",1,2012,10942
754,"Washington St.","/team/754/10561",905,"Pac-12",1,2011,10561
754,"Washington St.","/team/754/10240",905,"Pac-12",1,2010,10240
725,"Army West Point","/team/725/16580",838,"Patriot",1,2024,16580
725,"Army West Point","/team/725/16340",838,"Patriot",1,2023,16340
725,"Army West Point","/team/725/15860",838,"Patriot",1,2022,15860
725,"Army West Point","/team/725/15580",838,"Patriot",1,2021,15580
725,"Army West Point","/team/725/15204",838,"Patriot",1,2020,15204
725,"Army West Point","/team/725/15204",838,"Patriot",1,2019,15204
725,"Army West Point","/team/725/12973",838,"Patriot",1,2018,12973
725,"Army West Point","/team/725/12560",838,"Patriot",1,2017,12560
725,"Army West Point","/team/725/12360",838,"Patriot",1,2016,12360
725,"Army West Point","/team/725/12080",838,"Patriot",1,2015,12080
725,"Army West Point","/team/725/11620",838,"Patriot",1,2014,11620
725,"Army West Point","/team/725/11320",838,"Patriot",1,2013,11320
725,"Army West Point","/team/725/10942",838,"Patriot",1,2012,10942
725,"Army West Point","/team/725/10561",838,"Patriot",1,2011,10561
725,"Army West Point","/team/725/10240",838,"Patriot",1,2010,10240
83,"Bucknell","/team/83/16580",838,"Patriot",1,2024,16580
83,"Bucknell","/team/83/16340",838,"Patriot",1,2023,16340
83,"Bucknell","/team/83/15860",838,"Patriot",1,2022,15860
83,"Bucknell","/team/83/15580",838,"Patriot",1,2021,15580
83,"Bucknell","/team/83/15204",838,"Patriot",1,2020,15204
83,"Bucknell","/team/83/15204",838,"Patriot",1,2019,15204
83,"Bucknell","/team/83/12973",838,"Patriot",1,2018,12973
83,"Bucknell","/team/83/12560",838,"Patriot",1,2017,12560
83,"Bucknell","/team/83/12360",838,"Patriot",1,2016,12360
83,"Bucknell","/team/83/12080",838,"Patriot",1,2015,12080
83,"Bucknell","/team/83/11620",838,"Patriot",1,2014,11620
83,"Bucknell","/team/83/11320",838,"Patriot",1,2013,11320
83,"Bucknell","/team/83/10942",838,"Patriot",1,2012,10942
83,"Bucknell","/team/83/10561",838,"Patriot",1,2011,10561
83,"Bucknell","/team/83/10240",838,"Patriot",1,2010,10240
285,"Holy Cross","/team/285/16580",838,"Patriot",1,2024,16580
285,"Holy Cross","/team/285/16340",838,"Patriot",1,2023,16340
285,"Holy Cross","/team/285/15860",838,"Patriot",1,2022,15860
285,"Holy Cross","/team/285/15580",838,"Patriot",1,2021,15580
285,"Holy Cross","/team/285/15204",838,"Patriot",1,2020,15204
285,"Holy Cross","/team/285/15204",838,"Patriot",1,2019,15204
285,"Holy Cross","/team/285/12973",838,"Patriot",1,2018,12973
285,"Holy Cross","/team/285/12560",838,"Patriot",1,2017,12560
285,"Holy Cross","/team/285/12360",838,"Patriot",1,2016,12360
285,"Holy Cross","/team/285/12080",838,"Patriot",1,2015,12080
285,"Holy Cross","/team/285/11620",838,"Patriot",1,2014,11620
285,"Holy Cross","/team/285/11320",838,"Patriot",1,2013,11320
285,"Holy Cross","/team/285/10942",838,"Patriot",1,2012,10942
285,"Holy Cross","/team/285/10561",838,"Patriot",1,2011,10561
285,"Holy Cross","/team/285/10240",838,"Patriot",1,2010,10240
342,"Lafayette","/team/342/16580",838,"Patriot",1,2024,16580
342,"Lafayette","/team/342/16340",838,"Patriot",1,2023,16340
342,"Lafayette","/team/342/15860",838,"Patriot",1,2022,15860
342,"Lafayette","/team/342/15580",838,"Patriot",1,2021,15580
342,"Lafayette","/team/342/15204",838,"Patriot",1,2020,15204
342,"Lafayette","/team/342/15204",838,"Patriot",1,2019,15204
342,"Lafayette","/team/342/12973",838,"Patriot",1,2018,12973
342,"Lafayette","/team/342/12560",838,"Patriot",1,2017,12560
342,"Lafayette","/team/342/12360",838,"Patriot",1,2016,12360
342,"Lafayette","/team/342/12080",838,"Patriot",1,2015,12080
342,"Lafayette","/team/342/11620",838,"Patriot",1,2014,11620
342,"Lafayette","/team/342/11320",838,"Patriot",1,2013,11320
342,"Lafayette","/team/342/10942",838,"Patriot",1,2012,10942
342,"Lafayette","/team/342/10561",838,"Patriot",1,2011,10561
342,"Lafayette","/team/342/10240",838,"Patriot",1,2010,10240
352,"Lehigh","/team/352/16580",838,"Patriot",1,2024,16580
352,"Lehigh","/team/352/16340",838,"Patriot",1,2023,16340
352,"Lehigh","/team/352/15860",838,"Patriot",1,2022,15860
352,"Lehigh","/team/352/15580",838,"Patriot",1,2021,15580
352,"Lehigh","/team/352/15204",838,"Patriot",1,2020,15204
352,"Lehigh","/team/352/15204",838,"Patriot",1,2019,15204
352,"Lehigh","/team/352/12973",838,"Patriot",1,2018,12973
352,"Lehigh","/team/352/12560",838,"Patriot",1,2017,12560
352,"Lehigh","/team/352/12360",838,"Patriot",1,2016,12360
352,"Lehigh","/team/352/12080",838,"Patriot",1,2015,12080
352,"Lehigh","/team/352/11620",838,"Patriot",1,2014,11620
352,"Lehigh","/team/352/11320",838,"Patriot",1,2013,11320
352,"Lehigh","/team/352/10942",838,"Patriot",1,2012,10942
352,"Lehigh","/team/352/10561",838,"Patriot",1,2011,10561
352,"Lehigh","/team/352/10240",838,"Patriot",1,2010,10240
726,"Navy","/team/726/16580",838,"Patriot",1,2024,16580
726,"Navy","/team/726/16340",838,"Patriot",1,2023,16340
726,"Navy","/team/726/15860",838,"Patriot",1,2022,15860
726,"Navy","/team/726/15580",838,"Patriot",1,2021,15580
726,"Navy","/team/726/15204",838,"Patriot",1,2020,15204
726,"Navy","/team/726/15204",838,"Patriot",1,2019,15204
726,"Navy","/team/726/12973",838,"Patriot",1,2018,12973
726,"Navy","/team/726/12560",838,"Patriot",1,2017,12560
726,"Navy","/team/726/12360",838,"Patriot",1,2016,12360
726,"Navy","/team/726/12080",838,"Patriot",1,2015,12080
726,"Navy","/team/726/11620",838,"Patriot",1,2014,11620
726,"Navy","/team/726/11320",838,"Patriot",1,2013,11320
726,"Navy","/team/726/10942",838,"Patriot",1,2012,10942
726,"Navy","/team/726/10561",838,"Patriot",1,2011,10561
726,"Navy","/team/726/10240",838,"Patriot",1,2010,10240
8,"Alabama","/team/8/16580",911,"SEC",1,2024,16580
8,"Alabama","/team/8/16340",911,"SEC",1,2023,16340
8,"Alabama","/team/8/15860",911,"SEC",1,2022,15860
8,"Alabama","/team/8/15580",911,"SEC",1,2021,15580
8,"Alabama","/team/8/15204",911,"SEC",1,2020,15204
8,"Alabama","/team/8/15204",911,"SEC",1,2019,15204
8,"Alabama","/team/8/12973",911,"SEC",1,2018,12973
8,"Alabama","/team/8/12560",911,"SEC",1,2017,12560
8,"Alabama","/team/8/12360",911,"SEC",1,2016,12360
8,"Alabama","/team/8/12080",911,"SEC",1,2015,12080
8,"Alabama","/team/8/11620",911,"SEC",1,2014,11620
8,"Alabama","/team/8/11320",911,"SEC",1,2013,11320
8,"Alabama","/team/8/10942",911,"SEC",1,2012,10942
8,"Alabama","/team/8/10561",911,"SEC",1,2011,10561
8,"Alabama","/team/8/10240",911,"SEC",1,2010,10240
6,"Alabama A&M","/team/6/16580",916,"SWAC",1,2024,16580
6,"Alabama A&M","/team/6/16340",916,"SWAC",1,2023,16340
6,"Alabama A&M","/team/6/15860",916,"SWAC",1,2022,15860
6,"Alabama A&M","/team/6/15580",916,"SWAC",1,2021,15580
6,"Alabama A&M","/team/6/15204",916,"SWAC",1,2020,15204
6,"Alabama A&M","/team/6/15204",916,"SWAC",1,2019,15204
6,"Alabama A&M","/team/6/12973",916,"SWAC",1,2018,12973
6,"Alabama A&M","/team/6/12560",916,"SWAC",1,2017,12560
6,"Alabama A&M","/team/6/12360",916,"SWAC",1,2016,12360
6,"Alabama A&M","/team/6/12080",916,"SWAC",1,2015,12080
6,"Alabama A&M","/team/6/11620",916,"SWAC",1,2014,11620
6,"Alabama A&M","/team/6/11320",916,"SWAC",1,2013,11320
6,"Alabama A&M","/team/6/10942",916,"SWAC",1,2012,10942
6,"Alabama A&M","/team/6/10561",916,"SWAC",1,2011,10561
6,"Alabama A&M","/team/6/10240",916,"SWAC",1,2010,10240
7,"Alabama St.","/team/7/16580",916,"SWAC",1,2024,16580
7,"Alabama St.","/team/7/16340",916,"SWAC",1,2023,16340
7,"Alabama St.","/team/7/15860",916,"SWAC",1,2022,15860
7,"Alabama St.","/team/7/15580",916,"SWAC",1,2021,15580
7,"Alabama St.","/team/7/15204",916,"SWAC",1,2020,15204
7,"Alabama St.","/team/7/15204",916,"SWAC",1,2019,15204
7,"Alabama St.","/team/7/12973",916,"SWAC",1,2018,12973
7,"Alabama St.","/team/7/12560",916,"SWAC",1,2017,12560
7,"Alabama St.","/team/7/12360",916,"SWAC",1,2016,12360
7,"Alabama St.","/team/7/12080",916,"SWAC",1,2015,12080
7,"Alabama St.","/team/7/11620",916,"SWAC",1,2014,11620
7,"Alabama St.","/team/7/11320",916,"SWAC",1,2013,11320
7,"Alabama St.","/team/7/10942",916,"SWAC",1,2012,10942
7,"Alabama St.","/team/7/10561",916,"SWAC",1,2011,10561
7,"Alabama St.","/team/7/10240",916,"SWAC",1,2010,10240
646,"South Alabama","/team/646/16580",818,"Sun Belt",1,2024,16580
646,"South Alabama","/team/646/16340",818,"Sun Belt",1,2023,16340
646,"South Alabama","/team/646/15860",818,"Sun Belt",1,2022,15860
646,"South Alabama","/team/646/15580",818,"Sun Belt",1,2021,15580
646,"South Alabama","/team/646/15204",818,"Sun Belt",1,2020,15204
646,"South Alabama","/team/646/15204",818,"Sun Belt",1,2019,15204
646,"South Alabama","/team/646/12973",818,"Sun Belt",1,2018,12973
646,"South Alabama","/team/646/12560",818,"Sun Belt",1,2017,12560
646,"South Alabama","/team/646/12360",818,"Sun Belt",1,2016,12360
646,"South Alabama","/team/646/12080",818,"Sun Belt",1,2015,12080
646,"South Alabama","/team/646/11620",818,"Sun Belt",1,2014,11620
646,"South Alabama","/team/646/11320",818,"Sun Belt",1,2013,11320
646,"South Alabama","/team/646/10942",818,"Sun Belt",1,2012,10942
646,"South Alabama","/team/646/10561",818,"Sun Belt",1,2011,10561
646,"South Alabama","/team/646/10240",818,"Sun Belt",1,2010,10240
10,"Alabama Huntsville","/team/10/16580",858,"Gulf South",2,2024,16580
10,"Alabama Huntsville","/team/10/16340",858,"Gulf South",2,2023,16340
10,"Alabama Huntsville","/team/10/15860",858,"Gulf South",2,2022,15860
10,"Alabama Huntsville","/team/10/15580",858,"Gulf South",2,2021,15580
10,"Alabama Huntsville","/team/10/15204",858,"Gulf South",2,2020,15204
10,"Alabama Huntsville","/team/10/14781",858,"Gulf South",2,2019,14781
10,"Alabama Huntsville","/team/10/12973",858,"Gulf South",2,2018,12973
10,"Alabama Huntsville","/team/10/12560",858,"Gulf South",2,2017,12560
10,"Alabama Huntsville","/team/10/12360",858,"Gulf South",2,2016,12360
10,"Alabama Huntsville","/team/10/12080",858,"Gulf South",2,2015,12080
10,"Alabama Huntsville","/team/10/11620",858,"Gulf South",2,2014,11620
10,"Alabama Huntsville","/team/10/11320",858,"Gulf South",2,2013,11320
10,"Alabama Huntsville","/team/10/10942",858,"Gulf South",2,2012,10942
10,"Alabama Huntsville","/team/10/10561",858,"Gulf South",2,2011,10561
10,"Alabama Huntsville","/team/10/10240",858,"Gulf South",2,2010,10240
31,"Arkansas","/team/31/16580",911,"SEC",1,2024,16580
31,"Arkansas","/team/31/16340",911,"SEC",1,2023,16340
31,"Arkansas","/team/31/15860",911,"SEC",1,2022,15860
31,"Arkansas","/team/31/15580",911,"SEC",1,2021,15580
31,"Arkansas","/team/31/15204",911,"SEC",1,2020,15204
31,"Arkansas","/team/31/15204",911,"SEC",1,2019,15204
31,"Arkansas","/team/31/12973",911,"SEC",1,2018,12973
31,"Arkansas","/team/31/12560",911,"SEC",1,2017,12560
31,"Arkansas","/team/31/12360",911,"SEC",1,2016,12360
31,"Arkansas","/team/31/12080",911,"SEC",1,2015,12080
31,"Arkansas","/team/31/11620",911,"SEC",1,2014,11620
31,"Arkansas","/team/31/11320",911,"SEC",1,2013,11320
31,"Arkansas","/team/31/10942",911,"SEC",1,2012,10942
31,"Arkansas","/team/31/10561",911,"SEC",1,2011,10561
31,"Arkansas","/team/31/10240",911,"SEC",1,2010,10240
30,"Arkansas St.","/team/30/16580",818,"Sun Belt",1,2024,16580
30,"Arkansas St.","/team/30/16340",818,"Sun Belt",1,2023,16340
30,"Arkansas St.","/team/30/15860",818,"Sun Belt",1,2022,15860
30,"Arkansas St.","/team/30/15580",818,"Sun Belt",1,2021,15580
30,"Arkansas St.","/team/30/15204",818,"Sun Belt",1,2020,15204
30,"Arkansas St.","/team/30/15204",818,"Sun Belt",1,2019,15204
30,"Arkansas St.","/team/30/12973",818,"Sun Belt",1,2018,12973
30,"Arkansas St.","/team/30/12560",818,"Sun Belt",1,2017,12560
30,"Arkansas St.","/team/30/12360",818,"Sun Belt",1,2016,12360
30,"Arkansas St.","/team/30/12080",818,"Sun Belt",1,2015,12080
30,"Arkansas St.","/team/30/11620",818,"Sun Belt",1,2014,11620
30,"Arkansas St.","/team/30/11320",818,"Sun Belt",1,2013,11320
30,"Arkansas St.","/team/30/10942",818,"Sun Belt",1,2012,10942
30,"Arkansas St.","/team/30/10561",818,"Sun Belt",1,2011,10561
30,"Arkansas St.","/team/30/10240",818,"Sun Belt",1,2010,10240
947,"Arkansas Tech","/team/947/16580",30144,"GAC",2,2024,16580
947,"Arkansas Tech","/team/947/16340",30144,"GAC",2,2023,16340
947,"Arkansas Tech","/team/947/15860",30144,"GAC",2,2022,15860
947,"Arkansas Tech","/team/947/15580",30144,"GAC",2,2021,15580
947,"Arkansas Tech","/team/947/15204",30144,"GAC",2,2020,15204
947,"Arkansas Tech","/team/947/14781",30144,"GAC",2,2019,14781
947,"Arkansas Tech","/team/947/12973",30144,"GAC",2,2018,12973
947,"Arkansas Tech","/team/947/12560",30144,"GAC",2,2017,12560
947,"Arkansas Tech","/team/947/12360",30144,"GAC",2,2016,12360
947,"Arkansas Tech","/team/947/12080",30144,"GAC",2,2015,12080
947,"Arkansas Tech","/team/947/11620",30144,"GAC",2,2014,11620
947,"Arkansas Tech","/team/947/11320",30144,"GAC",2,2013,11320
947,"Arkansas Tech","/team/947/10942",30144,"GAC",2,2012,10942
947,"Arkansas Tech","/team/947/10561",858,"Gulf South",2,2011,10561
947,"Arkansas Tech","/team/947/10240",858,"Gulf South",2,2010,10240
37,"Auburn","/team/37/16580",911,"SEC",1,2024,16580
37,"Auburn","/team/37/16340",911,"SEC",1,2023,16340
37,"Auburn","/team/37/15860",911,"SEC",1,2022,15860
37,"Auburn","/team/37/15580",911,"SEC",1,2021,15580
37,"Auburn","/team/37/15204",911,"SEC",1,2020,15204
37,"Auburn","/team/37/15204",911,"SEC",1,2019,15204
37,"Auburn","/team/37/12973",911,"SEC",1,2018,12973
37,"Auburn","/team/37/12560",911,"SEC",1,2017,12560
37,"Auburn","/team/37/12360",911,"SEC",1,2016,12360
37,"Auburn","/team/37/12080",911,"SEC",1,2015,12080
37,"Auburn","/team/37/11620",911,"SEC",1,2014,11620
37,"Auburn","/team/37/11320",911,"SEC",1,2013,11320
37,"Auburn","/team/37/10942",911,"SEC",1,2012,10942
37,"Auburn","/team/37/10561",911,"SEC",1,2011,10561
37,"Auburn","/team/37/10240",911,"SEC",1,2010,10240
235,"Florida","/team/235/16580",911,"SEC",1,2024,16580
235,"Florida","/team/235/16340",911,"SEC",1,2023,16340
235,"Florida","/team/235/15860",911,"SEC",1,2022,15860
235,"Florida","/team/235/15580",911,"SEC",1,2021,15580
235,"Florida","/team/235/15204",911,"SEC",1,2020,15204
235,"Florida","/team/235/15204",911,"SEC",1,2019,15204
235,"Florida","/team/235/12973",911,"SEC",1,2018,12973
235,"Florida","/team/235/12560",911,"SEC",1,2017,12560
235,"Florida","/team/235/12360",911,"SEC",1,2016,12360
235,"Florida","/team/235/12080",911,"SEC",1,2015,12080
235,"Florida","/team/235/11620",911,"SEC",1,2014,11620
235,"Florida","/team/235/11320",911,"SEC",1,2013,11320
235,"Florida","/team/235/10942",911,"SEC",1,2012,10942
235,"Florida","/team/235/10561",911,"SEC",1,2011,10561
235,"Florida","/team/235/10240",911,"SEC",1,2010,10240
228,"Florida A&M","/team/228/16580",916,"SWAC",1,2024,16580
228,"Florida A&M","/team/228/16340",916,"SWAC",1,2023,16340
228,"Florida A&M","/team/228/15860",916,"SWAC",1,2022,15860
228,"Florida A&M","/team/228/15580",876,"MEAC",1,2021,15580
228,"Florida A&M","/team/228/15204",876,"MEAC",1,2020,15204
228,"Florida A&M","/team/228/15204",876,"MEAC",1,2019,15204
228,"Florida A&M","/team/228/12973",876,"MEAC",1,2018,12973
228,"Florida A&M","/team/228/12560",876,"MEAC",1,2017,12560
228,"Florida A&M","/team/228/12360",876,"MEAC",1,2016,12360
228,"Florida A&M","/team/228/12080",876,"MEAC",1,2015,12080
228,"Florida A&M","/team/228/11620",876,"MEAC",1,2014,11620
228,"Florida A&M","/team/228/11320",876,"MEAC",1,2013,11320
228,"Florida A&M","/team/228/10942",876,"MEAC",1,2012,10942
228,"Florida A&M","/team/228/10561",876,"MEAC",1,2011,10561
228,"Florida A&M","/team/228/10240",876,"MEAC",1,2010,10240
234,"Florida St.","/team/234/16580",821,"ACC",1,2024,16580
234,"Florida St.","/team/234/16340",821,"ACC",1,2023,16340
234,"Florida St.","/team/234/15860",821,"ACC",1,2022,15860
234,"Florida St.","/team/234/15580",821,"ACC",1,2021,15580
234,"Florida St.","/team/234/15204",821,"ACC",1,2020,15204
234,"Florida St.","/team/234/15204",821,"ACC",1,2019,15204
234,"Florida St.","/team/234/12973",821,"ACC",1,2018,12973
234,"Florida St.","/team/234/12560",821,"ACC",1,2017,12560
234,"Florida St.","/team/234/12360",821,"ACC",1,2016,12360
234,"Florida St.","/team/234/12080",821,"ACC",1,2015,12080
234,"Florida St.","/team/234/11620",821,"ACC",1,2014,11620
234,"Florida St.","/team/234/11320",821,"ACC",1,2013,11320
234,"Florida St.","/team/234/10942",821,"ACC",1,2012,10942
234,"Florida St.","/team/234/10561",821,"ACC",1,2011,10561
234,"Florida St.","/team/234/10240",821,"ACC",1,2010,10240
2711,"North Florida","/team/2711/16580",920,"ASUN",1,2024,16580
2711,"North Florida","/team/2711/16340",920,"ASUN",1,2023,16340
2711,"North Florida","/team/2711/15860",920,"ASUN",1,2022,15860
2711,"North Florida","/team/2711/15580",920,"ASUN",1,2021,15580
2711,"North Florida","/team/2711/15204",920,"ASUN",1,2020,15204
2711,"North Florida","/team/2711/15204",920,"ASUN",1,2019,15204
2711,"North Florida","/team/2711/12973",920,"ASUN",1,2018,12973
2711,"North Florida","/team/2711/12560",920,"ASUN",1,2017,12560
2711,"North Florida","/team/2711/12360",920,"ASUN",1,2016,12360
2711,"North Florida","/team/2711/12080",920,"ASUN",1,2015,12080
2711,"North Florida","/team/2711/11620",920,"ASUN",1,2014,11620
2711,"North Florida","/team/2711/11320",920,"ASUN",1,2013,11320
2711,"North Florida","/team/2711/10942",920,"ASUN",1,2012,10942
2711,"North Florida","/team/2711/10561",920,"ASUN",1,2011,10561
2711,"North Florida","/team/2711/10240",920,"ASUN",1,2010,10240
230,"Florida Tech","/team/230/16580",919,"Sunshine State",2,2024,16580
230,"Florida Tech","/team/230/16340",919,"Sunshine State",2,2023,16340
230,"Florida Tech","/team/230/15860",919,"Sunshine State",2,2022,15860
230,"Florida Tech","/team/230/15580",919,"Sunshine State",2,2021,15580
230,"Florida Tech","/team/230/15204",919,"Sunshine State",2,2020,15204
230,"Florida Tech","/team/230/14781",919,"Sunshine State",2,2019,14781
230,"Florida Tech","/team/230/12973",919,"Sunshine State",2,2018,12973
230,"Florida Tech","/team/230/12560",919,"Sunshine State",2,2017,12560
230,"Florida Tech","/team/230/12360",919,"Sunshine State",2,2016,12360
230,"Florida Tech","/team/230/12080",919,"Sunshine State",2,2015,12080
230,"Florida Tech","/team/230/11620",919,"Sunshine State",2,2014,11620
230,"Florida Tech","/team/230/11320",919,"Sunshine State",2,2013,11320
230,"Florida Tech","/team/230/10942",919,"Sunshine State",2,2012,10942
230,"Florida Tech","/team/230/10561",919,"Sunshine State",2,2011,10561
230,"Florida Tech","/team/230/10240",919,"Sunshine State",2,2010,10240
11740,"West Florida","/team/11740/16580",858,"Gulf South",2,2024,16580
11740,"West Florida","/team/11740/16340",858,"Gulf South",2,2023,16340
11740,"West Florida","/team/11740/15860",858,"Gulf South",2,2022,15860
11740,"West Florida","/team/11740/15580",858,"Gulf South",2,2021,15580
11740,"West Florida","/team/11740/15204",858,"Gulf South",2,2020,15204
11740,"West Florida","/team/11740/14781",858,"Gulf South",2,2019,14781
11740,"West Florida","/team/11740/12973",858,"Gulf South",2,2018,12973
11740,"West Florida","/team/11740/12560",858,"Gulf South",2,2017,12560
11740,"West Florida","/team/11740/12360",858,"Gulf South",2,2016,12360
11740,"West Florida","/team/11740/12080",858,"Gulf South",2,2015,12080
11740,"West Florida","/team/11740/11620",858,"Gulf South",2,2014,11620
11740,"West Florida","/team/11740/11320",858,"Gulf South",2,2013,11320
11740,"West Florida","/team/11740/10942",858,"Gulf South",2,2012,10942
11740,"West Florida","/team/11740/10561",858,"Gulf South",2,2011,10561
11740,"West Florida","/team/11740/10240",858,"Gulf South",2,2010,10240
257,"Georgia","/team/257/16580",911,"SEC",1,2024,16580
257,"Georgia","/team/257/16340",911,"SEC",1,2023,16340
257,"Georgia","/team/257/15860",911,"SEC",1,2022,15860
257,"Georgia","/team/257/15580",911,"SEC",1,2021,15580
257,"Georgia","/team/257/15204",911,"SEC",1,2020,15204
257,"Georgia","/team/257/15204",911,"SEC",1,2019,15204
257,"Georgia","/team/257/12973",911,"SEC",1,2018,12973
257,"Georgia","/team/257/12560",911,"SEC",1,2017,12560
257,"Georgia","/team/257/12360",911,"SEC",1,2016,12360
257,"Georgia","/team/257/12080",911,"SEC",1,2015,12080
257,"Georgia","/team/257/11620",911,"SEC",1,2014,11620
257,"Georgia","/team/257/11320",911,"SEC",1,2013,11320
257,"Georgia","/team/257/10942",911,"SEC",1,2012,10942
257,"Georgia","/team/257/10561",911,"SEC",1,2011,10561
257,"Georgia","/team/257/10240",911,"SEC",1,2010,10240
254,"Georgia St.","/team/254/16580",818,"Sun Belt",1,2024,16580
254,"Georgia St.","/team/254/16340",818,"Sun Belt",1,2023,16340
254,"Georgia St.","/team/254/15860",818,"Sun Belt",1,2022,15860
254,"Georgia St.","/team/254/15580",818,"Sun Belt",1,2021,15580
254,"Georgia St.","/team/254/15204",818,"Sun Belt",1,2020,15204
254,"Georgia St.","/team/254/15204",818,"Sun Belt",1,2019,15204
254,"Georgia St.","/team/254/12973",818,"Sun Belt",1,2018,12973
254,"Georgia St.","/team/254/12560",818,"Sun Belt",1,2017,12560
254,"Georgia St.","/team/254/12360",818,"Sun Belt",1,2016,12360
254,"Georgia St.","/team/254/12080",818,"Sun Belt",1,2015,12080
254,"Georgia St.","/team/254/11620",818,"Sun Belt",1,2014,11620
254,"Georgia St.","/team/254/11320",837,"CAA",1,2013,11320
254,"Georgia St.","/team/254/10942",837,"CAA",1,2012,10942
254,"Georgia St.","/team/254/10561",837,"CAA",1,2011,10561
254,"Georgia St.","/team/254/10240",837,"CAA",1,2010,10240
255,"Georgia Tech","/team/255/16580",821,"ACC",1,2024,16580
255,"Georgia Tech","/team/255/16340",821,"ACC",1,2023,16340
255,"Georgia Tech","/team/255/15860",821,"ACC",1,2022,15860
255,"Georgia Tech","/team/255/15580",821,"ACC",1,2021,15580
255,"Georgia Tech","/team/255/15204",821,"ACC",1,2020,15204
255,"Georgia Tech","/team/255/15204",821,"ACC",1,2019,15204
255,"Georgia Tech","/team/255/12973",821,"ACC",1,2018,12973
255,"Georgia Tech","/team/255/12560",821,"ACC",1,2017,12560
255,"Georgia Tech","/team/255/12360",821,"ACC",1,2016,12360
255,"Georgia Tech","/team/255/12080",821,"ACC",1,2015,12080
255,"Georgia Tech","/team/255/11620",821,"ACC",1,2014,11620
255,"Georgia Tech","/team/255/11320",821,"ACC",1,2013,11320
255,"Georgia Tech","/team/255/10942",821,"ACC",1,2012,10942
255,"Georgia Tech","/team/255/10561",821,"ACC",1,2011,10561
255,"Georgia Tech","/team/255/10240",821,"ACC",1,2010,10240
1096,"Georgia College","/team/1096/16580",12923,"Peach Belt",2,2024,16580
1096,"Georgia College","/team/1096/16340",12923,"Peach Belt",2,2023,16340
1096,"Georgia College","/team/1096/15860",12923,"Peach Belt",2,2022,15860
1096,"Georgia College","/team/1096/15580",12923,"Peach Belt",2,2021,15580
1096,"Georgia College","/team/1096/15204",12923,"Peach Belt",2,2020,15204
1096,"Georgia College","/team/1096/14781",12923,"Peach Belt",2,2019,14781
1096,"Georgia College","/team/1096/12973",12923,"Peach Belt",2,2018,12973
1096,"Georgia College","/team/1096/12560",12923,"Peach Belt",2,2017,12560
1096,"Georgia College","/team/1096/12360",12923,"Peach Belt",2,2016,12360
1096,"Georgia College","/team/1096/12080",12923,"Peach Belt",2,2015,12080
1096,"Georgia College","/team/1096/11620",12923,"Peach Belt",2,2014,11620
1096,"Georgia College","/team/1096/11320",12923,"Peach Belt",2,2013,11320
1096,"Georgia College","/team/1096/10942",12923,"Peach Belt",2,2012,10942
1096,"Georgia College","/team/1096/10561",12923,"Peach Belt",2,2011,10561
1096,"Georgia College","/team/1096/10240",12923,"Peach Belt",2,2010,10240
30052,"North Georgia","/team/30052/16580",12923,"Peach Belt",2,2024,16580
30052,"North Georgia","/team/30052/16340",12923,"Peach Belt",2,2023,16340
30052,"North Georgia","/team/30052/15860",12923,"Peach Belt",2,2022,15860
30052,"North Georgia","/team/30052/15580",12923,"Peach Belt",2,2021,15580
30052,"North Georgia","/team/30052/15204",12923,"Peach Belt",2,2020,15204
30052,"North Georgia","/team/30052/14781",12923,"Peach Belt",2,2019,14781
30052,"North Georgia","/team/30052/12973",12923,"Peach Belt",2,2018,12973
30052,"North Georgia","/team/30052/12560",12923,"Peach Belt",2,2017,12560
30052,"North Georgia","/team/30052/12360",12923,"Peach Belt",2,2016,12360
30052,"North Georgia","/team/30052/12080",12923,"Peach Belt",2,2015,12080
30052,"North Georgia","/team/30052/11620",12923,"Peach Belt",2,2014,11620
30052,"North Georgia","/team/30052/11320",12923,"Peach Belt",2,2013,11320
30052,"North Georgia","/team/30052/10942",12923,"Peach Belt",2,2012,10942
30052,"North Georgia","/team/30052/10561",12923,"Peach Belt",2,2011,10561
30052,"North Georgia","/team/30052/10240",12923,"Peach Belt",2,2010,10240
334,"Kentucky","/team/334/16580",911,"SEC",1,2024,16580
334,"Kentucky","/team/334/16340",911,"SEC",1,2023,16340
334,"Kentucky","/team/334/15860",911,"SEC",1,2022,15860
334,"Kentucky","/team/334/15580",911,"SEC",1,2021,15580
334,"Kentucky","/team/334/15204",911,"SEC",1,2020,15204
334,"Kentucky","/team/334/15204",911,"SEC",1,2019,15204
334,"Kentucky","/team/334/12973",911,"SEC",1,2018,12973
334,"Kentucky","/team/334/12560",911,"SEC",1,2017,12560
334,"Kentucky","/team/334/12360",911,"SEC",1,2016,12360
334,"Kentucky","/team/334/12080",911,"SEC",1,2015,12080
334,"Kentucky","/team/334/11620",911,"SEC",1,2014,11620
334,"Kentucky","/team/334/11320",911,"SEC",1,2013,11320
334,"Kentucky","/team/334/10942",911,"SEC",1,2012,10942
334,"Kentucky","/team/334/10561",911,"SEC",1,2011,10561
334,"Kentucky","/team/334/10240",911,"SEC",1,2010,10240
332,"Kentucky St.","/team/332/16580",913,"SIAC",2,2024,16580
332,"Kentucky St.","/team/332/16340",913,"SIAC",2,2023,16340
332,"Kentucky St.","/team/332/15860",913,"SIAC",2,2022,15860
332,"Kentucky St.","/team/332/15580",913,"SIAC",2,2021,15580
332,"Kentucky St.","/team/332/15204",913,"SIAC",2,2020,15204
332,"Kentucky St.","/team/332/14781",913,"SIAC",2,2019,14781
332,"Kentucky St.","/team/332/12973",913,"SIAC",2,2018,12973
332,"Kentucky St.","/team/332/12560",913,"SIAC",2,2017,12560
332,"Kentucky St.","/team/332/12360",913,"SIAC",2,2016,12360
332,"Kentucky St.","/team/332/12080",913,"SIAC",2,2015,12080
332,"Kentucky St.","/team/332/11620",913,"SIAC",2,2014,11620
332,"Kentucky St.","/team/332/11320",913,"SIAC",2,2013,11320
332,"Kentucky St.","/team/332/10942",913,"SIAC",2,2012,10942
332,"Kentucky St.","/team/332/10561",913,"SIAC",2,2011,10561
332,"Kentucky St.","/team/332/10240",913,"SIAC",2,2010,10240
365,"LSU","/team/365/16580",911,"SEC",1,2024,16580
365,"LSU","/team/365/16340",911,"SEC",1,2023,16340
365,"LSU","/team/365/15860",911,"SEC",1,2022,15860
365,"LSU","/team/365/15580",911,"SEC",1,2021,15580
365,"LSU","/team/365/15204",911,"SEC",1,2020,15204
365,"LSU","/team/365/15204",911,"SEC",1,2019,15204
365,"LSU","/team/365/12973",911,"SEC",1,2018,12973
365,"LSU","/team/365/12560",911,"SEC",1,2017,12560
365,"LSU","/team/365/12360",911,"SEC",1,2016,12360
365,"LSU","/team/365/12080",911,"SEC",1,2015,12080
365,"LSU","/team/365/11620",911,"SEC",1,2014,11620
365,"LSU","/team/365/11320",911,"SEC",1,2013,11320
365,"LSU","/team/365/10942",911,"SEC",1,2012,10942
365,"LSU","/team/365/10561",911,"SEC",1,2011,10561
365,"LSU","/team/365/10240",911,"SEC",1,2010,10240
430,"Mississippi St.","/team/430/16580",911,"SEC",1,2024,16580
430,"Mississippi St.","/team/430/16340",911,"SEC",1,2023,16340
430,"Mississippi St.","/team/430/15860",911,"SEC",1,2022,15860
430,"Mississippi St.","/team/430/15580",911,"SEC",1,2021,15580
430,"Mississippi St.","/team/430/15204",911,"SEC",1,2020,15204
430,"Mississippi St.","/team/430/15204",911,"SEC",1,2019,15204
430,"Mississippi St.","/team/430/12973",911,"SEC",1,2018,12973
430,"Mississippi St.","/team/430/12560",911,"SEC",1,2017,12560
430,"Mississippi St.","/team/430/12360",911,"SEC",1,2016,12360
430,"Mississippi St.","/team/430/12080",911,"SEC",1,2015,12080
430,"Mississippi St.","/team/430/11620",911,"SEC",1,2014,11620
430,"Mississippi St.","/team/430/11320",911,"SEC",1,2013,11320
430,"Mississippi St.","/team/430/10942",911,"SEC",1,2012,10942
430,"Mississippi St.","/team/430/10561",911,"SEC",1,2011,10561
430,"Mississippi St.","/team/430/10240",911,"SEC",1,2010,10240
434,"Missouri","/team/434/16580",911,"SEC",1,2024,16580
434,"Missouri","/team/434/16340",911,"SEC",1,2023,16340
434,"Missouri","/team/434/15860",911,"SEC",1,2022,15860
434,"Missouri","/team/434/15580",911,"SEC",1,2021,15580
434,"Missouri","/team/434/15204",911,"SEC",1,2020,15204
434,"Missouri","/team/434/15204",911,"SEC",1,2019,15204
434,"Missouri","/team/434/12973",911,"SEC",1,2018,12973
434,"Missouri","/team/434/12560",911,"SEC",1,2017,12560
434,"Missouri","/team/434/12360",911,"SEC",1,2016,12360
434,"Missouri","/team/434/12080",911,"SEC",1,2015,12080
434,"Missouri","/team/434/11620",911,"SEC",1,2014,11620
434,"Missouri","/team/434/11320",911,"SEC",1,2013,11320
434,"Missouri","/team/434/10942",25354,"Big 12",1,2012,10942
434,"Missouri","/team/434/10561",25354,"Big 12",1,2011,10561
434,"Missouri","/team/434/10240",25354,"Big 12",1,2010,10240
669,"Missouri St.","/team/669/16580",884,"MVC",1,2024,16580
669,"Missouri St.","/team/669/16340",884,"MVC",1,2023,16340
669,"Missouri St.","/team/669/15860",884,"MVC",1,2022,15860
669,"Missouri St.","/team/669/15580",884,"MVC",1,2021,15580
669,"Missouri St.","/team/669/15204",884,"MVC",1,2020,15204
669,"Missouri St.","/team/669/15204",884,"MVC",1,2019,15204
669,"Missouri St.","/team/669/12973",884,"MVC",1,2018,12973
669,"Missouri St.","/team/669/12560",884,"MVC",1,2017,12560
669,"Missouri St.","/team/669/12360",884,"MVC",1,2016,12360
669,"Missouri St.","/team/669/12080",884,"MVC",1,2015,12080
669,"Missouri St.","/team/669/11620",884,"MVC",1,2014,11620
669,"Missouri St.","/team/669/11320",884,"MVC",1,2013,11320
669,"Missouri St.","/team/669/10942",884,"MVC",1,2012,10942
669,"Missouri St.","/team/669/10561",884,"MVC",1,2011,10561
669,"Missouri St.","/team/669/10240",884,"MVC",1,2010,10240
435,"Missouri S&T","/team/435/16580",855,"GLVC",2,2024,16580
435,"Missouri S&T","/team/435/16340",855,"GLVC",2,2023,16340
435,"Missouri S&T","/team/435/15860",855,"GLVC",2,2022,15860
435,"Missouri S&T","/team/435/15580",855,"GLVC",2,2021,15580
435,"Missouri S&T","/team/435/15204",855,"GLVC",2,2020,15204
435,"Missouri S&T","/team/435/14781",855,"GLVC",2,2019,14781
435,"Missouri S&T","/team/435/12973",855,"GLVC",2,2018,12973
435,"Missouri S&T","/team/435/12560",855,"GLVC",2,2017,12560
435,"Missouri S&T","/team/435/12360",855,"GLVC",2,2016,12360
435,"Missouri S&T","/team/435/12080",855,"GLVC",2,2015,12080
435,"Missouri S&T","/team/435/11620",855,"GLVC",2,2014,11620
435,"Missouri S&T","/team/435/11320",855,"GLVC",2,2013,11320
435,"Missouri S&T","/team/435/10942",855,"GLVC",2,2012,10942
435,"Missouri S&T","/team/435/10561",855,"GLVC",2,2011,10561
435,"Missouri S&T","/team/435/10240",855,"GLVC",2,2010,10240
9013,"Missouri Western","/team/9013/16580",883,"Mid-America Intercollegiate",2,2024,16580
9013,"Missouri Western","/team/9013/16340",883,"Mid-America Intercollegiate",2,2023,16340
9013,"Missouri Western","/team/9013/15860",883,"Mid-America Intercollegiate",2,2022,15860
9013,"Missouri Western","/team/9013/15580",883,"Mid-America Intercollegiate",2,2021,15580
9013,"Missouri Western","/team/9013/15204",883,"Mid-America Intercollegiate",2,2020,15204
9013,"Missouri Western","/team/9013/14781",883,"Mid-America Intercollegiate",2,2019,14781
9013,"Missouri Western","/team/9013/12973",883,"Mid-America Intercollegiate",2,2018,12973
9013,"Missouri Western","/team/9013/12560",883,"Mid-America Intercollegiate",2,2017,12560
9013,"Missouri Western","/team/9013/12360",883,"Mid-America Intercollegiate",2,2016,12360
9013,"Missouri Western","/team/9013/12080",883,"Mid-America Intercollegiate",2,2015,12080
9013,"Missouri Western","/team/9013/11620",883,"Mid-America Intercollegiate",2,2014,11620
9013,"Missouri Western","/team/9013/11320",883,"Mid-America Intercollegiate",2,2013,11320
9013,"Missouri Western","/team/9013/10942",883,"Mid-America Intercollegiate",2,2012,10942
9013,"Missouri Western","/team/9013/10561",883,"Mid-America Intercollegiate",2,2011,10561
9013,"Missouri Western","/team/9013/10240",883,"Mid-America Intercollegiate",2,2010,10240
433,"Ole Miss","/team/433/16580",911,"SEC",1,2024,16580
433,"Ole Miss","/team/433/16340",911,"SEC",1,2023,16340
433,"Ole Miss","/team/433/15860",911,"SEC",1,2022,15860
433,"Ole Miss","/team/433/15580",911,"SEC",1,2021,15580
433,"Ole Miss","/team/433/15204",911,"SEC",1,2020,15204
433,"Ole Miss","/team/433/15204",911,"SEC",1,2019,15204
433,"Ole Miss","/team/433/12973",911,"SEC",1,2018,12973
433,"Ole Miss","/team/433/12560",911,"SEC",1,2017,12560
433,"Ole Miss","/team/433/12360",911,"SEC",1,2016,12360
433,"Ole Miss","/team/433/12080",911,"SEC",1,2015,12080
433,"Ole Miss","/team/433/11620",911,"SEC",1,2014,11620
433,"Ole Miss","/team/433/11320",911,"SEC",1,2013,11320
433,"Ole Miss","/team/433/10942",911,"SEC",1,2012,10942
433,"Ole Miss","/team/433/10561",911,"SEC",1,2011,10561
433,"Ole Miss","/team/433/10240",911,"SEC",1,2010,10240
648,"South Carolina","/team/648/16580",911,"SEC",1,2024,16580
648,"South Carolina","/team/648/16340",911,"SEC",1,2023,16340
648,"South Carolina","/team/648/15860",911,"SEC",1,2022,15860
648,"South Carolina","/team/648/15580",911,"SEC",1,2021,15580
648,"South Carolina","/team/648/15204",911,"SEC",1,2020,15204
648,"South Carolina","/team/648/15204",911,"SEC",1,2019,15204
648,"South Carolina","/team/648/12973",911,"SEC",1,2018,12973
648,"South Carolina","/team/648/12560",911,"SEC",1,2017,12560
648,"South Carolina","/team/648/12360",911,"SEC",1,2016,12360
648,"South Carolina","/team/648/12080",911,"SEC",1,2015,12080
648,"South Carolina","/team/648/11620",911,"SEC",1,2014,11620
648,"South Carolina","/team/648/11320",911,"SEC",1,2013,11320
648,"South Carolina","/team/648/10942",911,"SEC",1,2012,10942
648,"South Carolina","/team/648/10561",911,"SEC",1,2011,10561
648,"South Carolina","/team/648/10240",911,"SEC",1,2010,10240
694,"Tennessee","/team/694/16580",911,"SEC",1,2024,16580
694,"Tennessee","/team/694/16340",911,"SEC",1,2023,16340
694,"Tennessee","/team/694/15860",911,"SEC",1,2022,15860
694,"Tennessee","/team/694/15580",911,"SEC",1,2021,15580
694,"Tennessee","/team/694/15204",911,"SEC",1,2020,15204
694,"Tennessee","/team/694/15204",911,"SEC",1,2019,15204
694,"Tennessee","/team/694/12973",911,"SEC",1,2018,12973
694,"Tennessee","/team/694/12560",911,"SEC",1,2017,12560
694,"Tennessee","/team/694/12360",911,"SEC",1,2016,12360
694,"Tennessee","/team/694/12080",911,"SEC",1,2015,12080
694,"Tennessee","/team/694/11620",911,"SEC",1,2014,11620
694,"Tennessee","/team/694/11320",911,"SEC",1,2013,11320
694,"Tennessee","/team/694/10942",911,"SEC",1,2012,10942
694,"Tennessee","/team/694/10561",911,"SEC",1,2011,10561
694,"Tennessee","/team/694/10240",911,"SEC",1,2010,10240
692,"Tennessee Tech","/team/692/16580",902,"OVC",1,2024,16580
692,"Tennessee Tech","/team/692/16340",902,"OVC",1,2023,16340
692,"Tennessee Tech","/team/692/15860",902,"OVC",1,2022,15860
692,"Tennessee Tech","/team/692/15580",902,"OVC",1,2021,15580
692,"Tennessee Tech","/team/692/15204",902,"OVC",1,2020,15204
692,"Tennessee Tech","/team/692/15204",902,"OVC",1,2019,15204
692,"Tennessee Tech","/team/692/12973",902,"OVC",1,2018,12973
692,"Tennessee Tech","/team/692/12560",902,"OVC",1,2017,12560
692,"Tennessee Tech","/team/692/12360",902,"OVC",1,2016,12360
692,"Tennessee Tech","/team/692/12080",902,"OVC",1,2015,12080
692,"Tennessee Tech","/team/692/11620",902,"OVC",1,2014,11620
692,"Tennessee Tech","/team/692/11320",902,"OVC",1,2013,11320
692,"Tennessee Tech","/team/692/10942",902,"OVC",1,2012,10942
692,"Tennessee Tech","/team/692/10561",902,"OVC",1,2011,10561
692,"Tennessee Tech","/team/692/10240",902,"OVC",1,2010,10240
697,"Texas A&M","/team/697/16580",911,"SEC",1,2024,16580
697,"Texas A&M","/team/697/16340",911,"SEC",1,2023,16340
697,"Texas A&M","/team/697/15860",911,"SEC",1,2022,15860
697,"Texas A&M","/team/697/15580",911,"SEC",1,2021,15580
697,"Texas A&M","/team/697/15204",911,"SEC",1,2020,15204
697,"Texas A&M","/team/697/15204",911,"SEC",1,2019,15204
697,"Texas A&M","/team/697/12973",911,"SEC",1,2018,12973
697,"Texas A&M","/team/697/12560",911,"SEC",1,2017,12560
697,"Texas A&M","/team/697/12360",911,"SEC",1,2016,12360
697,"Texas A&M","/team/697/12080",911,"SEC",1,2015,12080
697,"Texas A&M","/team/697/11620",911,"SEC",1,2014,11620
697,"Texas A&M","/team/697/11320",911,"SEC",1,2013,11320
697,"Texas A&M","/team/697/10942",25354,"Big 12",1,2012,10942
697,"Texas A&M","/team/697/10561",25354,"Big 12",1,2011,10561
697,"Texas A&M","/team/697/10240",25354,"Big 12",1,2010,10240
736,"Vanderbilt","/team/736/16580",911,"SEC",1,2024,16580
736,"Vanderbilt","/team/736/16340",911,"SEC",1,2023,16340
736,"Vanderbilt","/team/736/15860",911,"SEC",1,2022,15860
736,"Vanderbilt","/team/736/15580",911,"SEC",1,2021,15580
736,"Vanderbilt","/team/736/15204",911,"SEC",1,2020,15204
736,"Vanderbilt","/team/736/15204",911,"SEC",1,2019,15204
736,"Vanderbilt","/team/736/12973",911,"SEC",1,2018,12973
736,"Vanderbilt","/team/736/12560",911,"SEC",1,2017,12560
736,"Vanderbilt","/team/736/12360",911,"SEC",1,2016,12360
736,"Vanderbilt","/team/736/12080",911,"SEC",1,2015,12080
736,"Vanderbilt","/team/736/11620",911,"SEC",1,2014,11620
736,"Vanderbilt","/team/736/11320",911,"SEC",1,2013,11320
736,"Vanderbilt","/team/736/10942",911,"SEC",1,2012,10942
736,"Vanderbilt","/team/736/10561",911,"SEC",1,2011,10561
736,"Vanderbilt","/team/736/10240",911,"SEC",1,2010,10240
6,"Alabama A&M","/team/6/16580",916,"SWAC",1,2024,16580
6,"Alabama A&M","/team/6/16340",916,"SWAC",1,2023,16340
6,"Alabama A&M","/team/6/15860",916,"SWAC",1,2022,15860
6,"Alabama A&M","/team/6/15580",916,"SWAC",1,2021,15580
6,"Alabama A&M","/team/6/15204",916,"SWAC",1,2020,15204
6,"Alabama A&M","/team/6/15204",916,"SWAC",1,2019,15204
6,"Alabama A&M","/team/6/12973",916,"SWAC",1,2018,12973
6,"Alabama A&M","/team/6/12560",916,"SWAC",1,2017,12560
6,"Alabama A&M","/team/6/12360",916,"SWAC",1,2016,12360
6,"Alabama A&M","/team/6/12080",916,"SWAC",1,2015,12080
6,"Alabama A&M","/team/6/11620",916,"SWAC",1,2014,11620
6,"Alabama A&M","/team/6/11320",916,"SWAC",1,2013,11320
6,"Alabama A&M","/team/6/10942",916,"SWAC",1,2012,10942
6,"Alabama A&M","/team/6/10561",916,"SWAC",1,2011,10561
6,"Alabama A&M","/team/6/10240",916,"SWAC",1,2010,10240
7,"Alabama St.","/team/7/16580",916,"SWAC",1,2024,16580
7,"Alabama St.","/team/7/16340",916,"SWAC",1,2023,16340
7,"Alabama St.","/team/7/15860",916,"SWAC",1,2022,15860
7,"Alabama St.","/team/7/15580",916,"SWAC",1,2021,15580
7,"Alabama St.","/team/7/15204",916,"SWAC",1,2020,15204
7,"Alabama St.","/team/7/15204",916,"SWAC",1,2019,15204
7,"Alabama St.","/team/7/12973",916,"SWAC",1,2018,12973
7,"Alabama St.","/team/7/12560",916,"SWAC",1,2017,12560
7,"Alabama St.","/team/7/12360",916,"SWAC",1,2016,12360
7,"Alabama St.","/team/7/12080",916,"SWAC",1,2015,12080
7,"Alabama St.","/team/7/11620",916,"SWAC",1,2014,11620
7,"Alabama St.","/team/7/11320",916,"SWAC",1,2013,11320
7,"Alabama St.","/team/7/10942",916,"SWAC",1,2012,10942
7,"Alabama St.","/team/7/10561",916,"SWAC",1,2011,10561
7,"Alabama St.","/team/7/10240",916,"SWAC",1,2010,10240
17,"Alcorn","/team/17/16580",916,"SWAC",1,2024,16580
17,"Alcorn","/team/17/16340",916,"SWAC",1,2023,16340
17,"Alcorn","/team/17/15860",916,"SWAC",1,2022,15860
17,"Alcorn","/team/17/15580",916,"SWAC",1,2021,15580
17,"Alcorn","/team/17/15204",916,"SWAC",1,2020,15204
17,"Alcorn","/team/17/15204",916,"SWAC",1,2019,15204
17,"Alcorn","/team/17/12973",916,"SWAC",1,2018,12973
17,"Alcorn","/team/17/12560",916,"SWAC",1,2017,12560
17,"Alcorn","/team/17/12360",916,"SWAC",1,2016,12360
17,"Alcorn","/team/17/12080",916,"SWAC",1,2015,12080
17,"Alcorn","/team/17/11620",916,"SWAC",1,2014,11620
17,"Alcorn","/team/17/11320",916,"SWAC",1,2013,11320
17,"Alcorn","/team/17/10942",916,"SWAC",1,2012,10942
17,"Alcorn","/team/17/10561",916,"SWAC",1,2011,10561
17,"Alcorn","/team/17/10240",916,"SWAC",1,2010,10240
2678,"Ark.-Pine Bluff","/team/2678/16580",916,"SWAC",1,2024,16580
2678,"Ark.-Pine Bluff","/team/2678/16340",916,"SWAC",1,2023,16340
2678,"Ark.-Pine Bluff","/team/2678/15860",916,"SWAC",1,2022,15860
2678,"Ark.-Pine Bluff","/team/2678/15580",916,"SWAC",1,2021,15580
2678,"Ark.-Pine Bluff","/team/2678/15204",916,"SWAC",1,2020,15204
2678,"Ark.-Pine Bluff","/team/2678/15204",916,"SWAC",1,2019,15204
2678,"Ark.-Pine Bluff","/team/2678/12973",916,"SWAC",1,2018,12973
2678,"Ark.-Pine Bluff","/team/2678/12560",916,"SWAC",1,2017,12560
2678,"Ark.-Pine Bluff","/team/2678/12360",916,"SWAC",1,2016,12360
2678,"Ark.-Pine Bluff","/team/2678/12080",916,"SWAC",1,2015,12080
2678,"Ark.-Pine Bluff","/team/2678/11620",916,"SWAC",1,2014,11620
2678,"Ark.-Pine Bluff","/team/2678/11320",916,"SWAC",1,2013,11320
2678,"Ark.-Pine Bluff","/team/2678/10942",916,"SWAC",1,2012,10942
2678,"Ark.-Pine Bluff","/team/2678/10561",916,"SWAC",1,2011,10561
2678,"Ark.-Pine Bluff","/team/2678/10240",916,"SWAC",1,2010,10240
261,"Grambling","/team/261/16580",916,"SWAC",1,2024,16580
261,"Grambling","/team/261/16340",916,"SWAC",1,2023,16340
261,"Grambling","/team/261/15860",916,"SWAC",1,2022,15860
261,"Grambling","/team/261/15580",916,"SWAC",1,2021,15580
261,"Grambling","/team/261/15204",916,"SWAC",1,2020,15204
261,"Grambling","/team/261/15204",916,"SWAC",1,2019,15204
261,"Grambling","/team/261/12973",916,"SWAC",1,2018,12973
261,"Grambling","/team/261/12560",916,"SWAC",1,2017,12560
261,"Grambling","/team/261/12360",916,"SWAC",1,2016,12360
261,"Grambling","/team/261/12080",916,"SWAC",1,2015,12080
261,"Grambling","/team/261/11620",916,"SWAC",1,2014,11620
261,"Grambling","/team/261/11320",916,"SWAC",1,2013,11320
261,"Grambling","/team/261/10942",916,"SWAC",1,2012,10942
261,"Grambling","/team/261/10561",916,"SWAC",1,2011,10561
261,"Grambling","/team/261/10240",916,"SWAC",1,2010,10240
314,"Jackson St.","/team/314/16580",916,"SWAC",1,2024,16580
314,"Jackson St.","/team/314/16340",916,"SWAC",1,2023,16340
314,"Jackson St.","/team/314/15860",916,"SWAC",1,2022,15860
314,"Jackson St.","/team/314/15580",916,"SWAC",1,2021,15580
314,"Jackson St.","/team/314/15204",916,"SWAC",1,2020,15204
314,"Jackson St.","/team/314/15204",916,"SWAC",1,2019,15204
314,"Jackson St.","/team/314/12973",916,"SWAC",1,2018,12973
314,"Jackson St.","/team/314/12560",916,"SWAC",1,2017,12560
314,"Jackson St.","/team/314/12360",916,"SWAC",1,2016,12360
314,"Jackson St.","/team/314/12080",916,"SWAC",1,2015,12080
314,"Jackson St.","/team/314/11620",916,"SWAC",1,2014,11620
314,"Jackson St.","/team/314/11320",916,"SWAC",1,2013,11320
314,"Jackson St.","/team/314/10942",916,"SWAC",1,2012,10942
314,"Jackson St.","/team/314/10561",916,"SWAC",1,2011,10561
314,"Jackson St.","/team/314/10240",916,"SWAC",1,2010,10240
432,"Mississippi Val.","/team/432/16580",916,"SWAC",1,2024,16580
432,"Mississippi Val.","/team/432/16340",916,"SWAC",1,2023,16340
432,"Mississippi Val.","/team/432/15860",916,"SWAC",1,2022,15860
432,"Mississippi Val.","/team/432/15580",916,"SWAC",1,2021,15580
432,"Mississippi Val.","/team/432/15204",916,"SWAC",1,2020,15204
432,"Mississippi Val.","/team/432/15204",916,"SWAC",1,2019,15204
432,"Mississippi Val.","/team/432/12973",916,"SWAC",1,2018,12973
432,"Mississippi Val.","/team/432/12560",916,"SWAC",1,2017,12560
432,"Mississippi Val.","/team/432/12360",916,"SWAC",1,2016,12360
432,"Mississippi Val.","/team/432/12080",916,"SWAC",1,2015,12080
432,"Mississippi Val.","/team/432/11620",916,"SWAC",1,2014,11620
432,"Mississippi Val.","/team/432/11320",916,"SWAC",1,2013,11320
432,"Mississippi Val.","/team/432/10942",916,"SWAC",1,2012,10942
432,"Mississippi Val.","/team/432/10561",916,"SWAC",1,2011,10561
432,"Mississippi Val.","/team/432/10240",916,"SWAC",1,2010,10240
553,"Prairie View","/team/553/16580",916,"SWAC",1,2024,16580
553,"Prairie View","/team/553/16340",916,"SWAC",1,2023,16340
553,"Prairie View","/team/553/15860",916,"SWAC",1,2022,15860
553,"Prairie View","/team/553/15580",916,"SWAC",1,2021,15580
553,"Prairie View","/team/553/15204",916,"SWAC",1,2020,15204
553,"Prairie View","/team/553/15204",916,"SWAC",1,2019,15204
553,"Prairie View","/team/553/12973",916,"SWAC",1,2018,12973
553,"Prairie View","/team/553/12560",916,"SWAC",1,2017,12560
553,"Prairie View","/team/553/12360",916,"SWAC",1,2016,12360
553,"Prairie View","/team/553/12080",916,"SWAC",1,2015,12080
553,"Prairie View","/team/553/11620",916,"SWAC",1,2014,11620
553,"Prairie View","/team/553/11320",916,"SWAC",1,2013,11320
553,"Prairie View","/team/553/10942",916,"SWAC",1,2012,10942
553,"Prairie View","/team/553/10561",916,"SWAC",1,2011,10561
553,"Prairie View","/team/553/10240",916,"SWAC",1,2010,10240
665,"Southern U.","/team/665/16580",916,"SWAC",1,2024,16580
665,"Southern U.","/team/665/16340",916,"SWAC",1,2023,16340
665,"Southern U.","/team/665/15860",916,"SWAC",1,2022,15860
665,"Southern U.","/team/665/15580",916,"SWAC",1,2021,15580
665,"Southern U.","/team/665/15204",916,"SWAC",1,2020,15204
665,"Southern U.","/team/665/15204",916,"SWAC",1,2019,15204
665,"Southern U.","/team/665/12973",916,"SWAC",1,2018,12973
665,"Southern U.","/team/665/12560",916,"SWAC",1,2017,12560
665,"Southern U.","/team/665/12360",916,"SWAC",1,2016,12360
665,"Southern U.","/team/665/12080",916,"SWAC",1,2015,12080
665,"Southern U.","/team/665/11620",916,"SWAC",1,2014,11620
665,"Southern U.","/team/665/11320",916,"SWAC",1,2013,11320
665,"Southern U.","/team/665/10942",916,"SWAC",1,2012,10942
665,"Southern U.","/team/665/10561",916,"SWAC",1,2011,10561
665,"Southern U.","/team/665/10240",916,"SWAC",1,2010,10240
667,"Southern Utah","/team/667/10942",819,"Summit League",1,2012,10942
667,"Southern Utah","/team/667/10561",819,"Summit League",1,2011,10561
667,"Southern Utah","/team/667/10240",819,"Summit League",1,2010,10240
699,"Texas Southern","/team/699/16580",916,"SWAC",1,2024,16580
699,"Texas Southern","/team/699/16340",916,"SWAC",1,2023,16340
699,"Texas Southern","/team/699/15860",916,"SWAC",1,2022,15860
699,"Texas Southern","/team/699/15580",916,"SWAC",1,2021,15580
699,"Texas Southern","/team/699/15204",916,"SWAC",1,2020,15204
699,"Texas Southern","/team/699/15204",916,"SWAC",1,2019,15204
699,"Texas Southern","/team/699/12973",916,"SWAC",1,2018,12973
699,"Texas Southern","/team/699/12560",916,"SWAC",1,2017,12560
699,"Texas Southern","/team/699/12360",916,"SWAC",1,2016,12360
699,"Texas Southern","/team/699/12080",916,"SWAC",1,2015,12080
699,"Texas Southern","/team/699/11620",916,"SWAC",1,2014,11620
699,"Texas Southern","/team/699/11320",916,"SWAC",1,2013,11320
699,"Texas Southern","/team/699/10942",916,"SWAC",1,2012,10942
699,"Texas Southern","/team/699/10561",916,"SWAC",1,2011,10561
699,"Texas Southern","/team/699/10240",916,"SWAC",1,2010,10240
198,"ETSU","/team/198/16580",912,"SoCon",1,2024,16580
198,"ETSU","/team/198/16340",912,"SoCon",1,2023,16340
198,"ETSU","/team/198/15860",912,"SoCon",1,2022,15860
198,"ETSU","/team/198/15580",912,"SoCon",1,2021,15580
198,"ETSU","/team/198/15204",912,"SoCon",1,2020,15204
198,"ETSU","/team/198/15204",912,"SoCon",1,2019,15204
198,"ETSU","/team/198/12973",912,"SoCon",1,2018,12973
198,"ETSU","/team/198/12560",912,"SoCon",1,2017,12560
198,"ETSU","/team/198/12360",912,"SoCon",1,2016,12360
198,"ETSU","/team/198/12080",912,"SoCon",1,2015,12080
198,"ETSU","/team/198/11620",920,"ASUN",1,2014,11620
198,"ETSU","/team/198/11320",920,"ASUN",1,2013,11320
198,"ETSU","/team/198/10942",920,"ASUN",1,2012,10942
198,"ETSU","/team/198/10561",920,"ASUN",1,2011,10561
198,"ETSU","/team/198/10240",920,"ASUN",1,2010,10240
406,"Mercer","/team/406/16580",912,"SoCon",1,2024,16580
406,"Mercer","/team/406/16340",912,"SoCon",1,2023,16340
406,"Mercer","/team/406/15860",912,"SoCon",1,2022,15860
406,"Mercer","/team/406/15580",912,"SoCon",1,2021,15580
406,"Mercer","/team/406/15204",912,"SoCon",1,2020,15204
406,"Mercer","/team/406/15204",912,"SoCon",1,2019,15204
406,"Mercer","/team/406/12973",912,"SoCon",1,2018,12973
406,"Mercer","/team/406/12560",912,"SoCon",1,2017,12560
406,"Mercer","/team/406/12360",912,"SoCon",1,2016,12360
406,"Mercer","/team/406/12080",912,"SoCon",1,2015,12080
406,"Mercer","/team/406/11620",920,"ASUN",1,2014,11620
406,"Mercer","/team/406/11320",920,"ASUN",1,2013,11320
406,"Mercer","/team/406/10942",920,"ASUN",1,2012,10942
406,"Mercer","/team/406/10561",920,"ASUN",1,2011,10561
406,"Mercer","/team/406/10240",920,"ASUN",1,2010,10240
625,"Samford","/team/625/16580",912,"SoCon",1,2024,16580
625,"Samford","/team/625/16340",912,"SoCon",1,2023,16340
625,"Samford","/team/625/15860",912,"SoCon",1,2022,15860
625,"Samford","/team/625/15580",912,"SoCon",1,2021,15580
625,"Samford","/team/625/15204",912,"SoCon",1,2020,15204
625,"Samford","/team/625/15204",912,"SoCon",1,2019,15204
625,"Samford","/team/625/12973",912,"SoCon",1,2018,12973
625,"Samford","/team/625/12560",912,"SoCon",1,2017,12560
625,"Samford","/team/625/12360",912,"SoCon",1,2016,12360
625,"Samford","/team/625/12080",912,"SoCon",1,2015,12080
625,"Samford","/team/625/11620",912,"SoCon",1,2014,11620
625,"Samford","/team/625/11320",912,"SoCon",1,2013,11320
625,"Samford","/team/625/10942",912,"SoCon",1,2012,10942
625,"Samford","/team/625/10561",912,"SoCon",1,2011,10561
625,"Samford","/team/625/10240",912,"SoCon",1,2010,10240
141,"The Citadel","/team/141/16580",912,"SoCon",1,2024,16580
141,"The Citadel","/team/141/16340",912,"SoCon",1,2023,16340
141,"The Citadel","/team/141/15860",912,"SoCon",1,2022,15860
141,"The Citadel","/team/141/15580",912,"SoCon",1,2021,15580
141,"The Citadel","/team/141/15204",912,"SoCon",1,2020,15204
141,"The Citadel","/team/141/15204",912,"SoCon",1,2019,15204
141,"The Citadel","/team/141/12973",912,"SoCon",1,2018,12973
141,"The Citadel","/team/141/12560",912,"SoCon",1,2017,12560
141,"The Citadel","/team/141/12360",912,"SoCon",1,2016,12360
141,"The Citadel","/team/141/12080",912,"SoCon",1,2015,12080
141,"The Citadel","/team/141/11620",912,"SoCon",1,2014,11620
141,"The Citadel","/team/141/11320",912,"SoCon",1,2013,11320
141,"The Citadel","/team/141/10942",912,"SoCon",1,2012,10942
141,"The Citadel","/team/141/10561",912,"SoCon",1,2011,10561
141,"The Citadel","/team/141/10240",912,"SoCon",1,2010,10240
459,"UNC Greensboro","/team/459/16580",912,"SoCon",1,2024,16580
459,"UNC Greensboro","/team/459/16340",912,"SoCon",1,2023,16340
459,"UNC Greensboro","/team/459/15860",912,"SoCon",1,2022,15860
459,"UNC Greensboro","/team/459/15580",912,"SoCon",1,2021,15580
459,"UNC Greensboro","/team/459/15204",912,"SoCon",1,2020,15204
459,"UNC Greensboro","/team/459/15204",912,"SoCon",1,2019,15204
459,"UNC Greensboro","/team/459/12973",912,"SoCon",1,2018,12973
459,"UNC Greensboro","/team/459/12560",912,"SoCon",1,2017,12560
459,"UNC Greensboro","/team/459/12360",912,"SoCon",1,2016,12360
459,"UNC Greensboro","/team/459/12080",912,"SoCon",1,2015,12080
459,"UNC Greensboro","/team/459/11620",912,"SoCon",1,2014,11620
459,"UNC Greensboro","/team/459/11320",912,"SoCon",1,2013,11320
459,"UNC Greensboro","/team/459/10942",912,"SoCon",1,2012,10942
459,"UNC Greensboro","/team/459/10561",912,"SoCon",1,2011,10561
459,"UNC Greensboro","/team/459/10240",912,"SoCon",1,2010,10240
741,"VMI","/team/741/16580",912,"SoCon",1,2024,16580
741,"VMI","/team/741/16340",912,"SoCon",1,2023,16340
741,"VMI","/team/741/15860",912,"SoCon",1,2022,15860
741,"VMI","/team/741/15580",912,"SoCon",1,2021,15580
741,"VMI","/team/741/15204",912,"SoCon",1,2020,15204
741,"VMI","/team/741/15204",912,"SoCon",1,2019,15204
741,"VMI","/team/741/12973",912,"SoCon",1,2018,12973
741,"VMI","/team/741/12560",912,"SoCon",1,2017,12560
741,"VMI","/team/741/12360",912,"SoCon",1,2016,12360
741,"VMI","/team/741/12080",912,"SoCon",1,2015,12080
741,"VMI","/team/741/11620",826,"Big South",1,2014,11620
741,"VMI","/team/741/11320",826,"Big South",1,2013,11320
741,"VMI","/team/741/10942",826,"Big South",1,2012,10942
741,"VMI","/team/741/10561",826,"Big South",1,2011,10561
741,"VMI","/team/741/10240",826,"Big South",1,2010,10240
769,"Western Caro.","/team/769/16580",912,"SoCon",1,2024,16580
769,"Western Caro.","/team/769/16340",912,"SoCon",1,2023,16340
769,"Western Caro.","/team/769/15860",912,"SoCon",1,2022,15860
769,"Western Caro.","/team/769/15580",912,"SoCon",1,2021,15580
769,"Western Caro.","/team/769/15204",912,"SoCon",1,2020,15204
769,"Western Caro.","/team/769/15204",912,"SoCon",1,2019,15204
769,"Western Caro.","/team/769/12973",912,"SoCon",1,2018,12973
769,"Western Caro.","/team/769/12560",912,"SoCon",1,2017,12560
769,"Western Caro.","/team/769/12360",912,"SoCon",1,2016,12360
769,"Western Caro.","/team/769/12080",912,"SoCon",1,2015,12080
769,"Western Caro.","/team/769/11620",912,"SoCon",1,2014,11620
769,"Western Caro.","/team/769/11320",912,"SoCon",1,2013,11320
769,"Western Caro.","/team/769/10942",912,"SoCon",1,2012,10942
769,"Western Caro.","/team/769/10561",912,"SoCon",1,2011,10561
769,"Western Caro.","/team/769/10240",912,"SoCon",1,2010,10240
2915,"Wofford","/team/2915/16580",912,"SoCon",1,2024,16580
2915,"Wofford","/team/2915/16340",912,"SoCon",1,2023,16340
2915,"Wofford","/team/2915/15860",912,"SoCon",1,2022,15860
2915,"Wofford","/team/2915/15580",912,"SoCon",1,2021,15580
2915,"Wofford","/team/2915/15204",912,"SoCon",1,2020,15204
2915,"Wofford","/team/2915/15204",912,"SoCon",1,2019,15204
2915,"Wofford","/team/2915/12973",912,"SoCon",1,2018,12973
2915,"Wofford","/team/2915/12560",912,"SoCon",1,2017,12560
2915,"Wofford","/team/2915/12360",912,"SoCon",1,2016,12360
2915,"Wofford","/team/2915/12080",912,"SoCon",1,2015,12080
2915,"Wofford","/team/2915/11620",912,"SoCon",1,2014,11620
2915,"Wofford","/team/2915/11320",912,"SoCon",1,2013,11320
2915,"Wofford","/team/2915/10942",912,"SoCon",1,2012,10942
2915,"Wofford","/team/2915/10561",912,"SoCon",1,2011,10561
2915,"Wofford","/team/2915/10240",912,"SoCon",1,2010,10240
26172,"A&M-Corpus Christi","/team/26172/16580",914,"Southland",1,2024,16580
26172,"A&M-Corpus Christi","/team/26172/16340",914,"Southland",1,2023,16340
26172,"A&M-Corpus Christi","/team/26172/15860",914,"Southland",1,2022,15860
26172,"A&M-Corpus Christi","/team/26172/15580",914,"Southland",1,2021,15580
26172,"A&M-Corpus Christi","/team/26172/15204",914,"Southland",1,2020,15204
26172,"A&M-Corpus Christi","/team/26172/15204",914,"Southland",1,2019,15204
26172,"A&M-Corpus Christi","/team/26172/12973",914,"Southland",1,2018,12973
26172,"A&M-Corpus Christi","/team/26172/12560",914,"Southland",1,2017,12560
26172,"A&M-Corpus Christi","/team/26172/12360",914,"Southland",1,2016,12360
26172,"A&M-Corpus Christi","/team/26172/12080",914,"Southland",1,2015,12080
26172,"A&M-Corpus Christi","/team/26172/11620",914,"Southland",1,2014,11620
26172,"A&M-Corpus Christi","/team/26172/11320",914,"Southland",1,2013,11320
26172,"A&M-Corpus Christi","/team/26172/10942",914,"Southland",1,2012,10942
26172,"A&M-Corpus Christi","/team/26172/10561",914,"Southland",1,2011,10561
26172,"A&M-Corpus Christi","/team/26172/10240",914,"Southland",1,2010,10240
2,"Abilene Christian","/team/2/16580",923,"WAC",1,2024,16580
2,"Abilene Christian","/team/2/16340",923,"WAC",1,2023,16340
2,"Abilene Christian","/team/2/15860",923,"WAC",1,2022,15860
2,"Abilene Christian","/team/2/15580",914,"Southland",1,2021,15580
2,"Abilene Christian","/team/2/15204",914,"Southland",1,2020,15204
2,"Abilene Christian","/team/2/15204",914,"Southland",1,2019,15204
2,"Abilene Christian","/team/2/12973",914,"Southland",1,2018,12973
2,"Abilene Christian","/team/2/12560",914,"Southland",1,2017,12560
2,"Abilene Christian","/team/2/12360",914,"Southland",1,2016,12360
2,"Abilene Christian","/team/2/12080",914,"Southland",1,2015,12080
2,"Abilene Christian","/team/2/11620",914,"Southland",1,2014,11620
2,"Abilene Christian","/team/2/11320",868,"Lone Star",2,2013,11320
2,"Abilene Christian","/team/2/10942",868,"Lone Star",2,2012,10942
2,"Abilene Christian","/team/2/10561",868,"Lone Star",2,2011,10561
2,"Abilene Christian","/team/2/10240",868,"Lone Star",2,2010,10240
1004,"Central Ark.","/team/1004/16580",920,"ASUN",1,2024,16580
1004,"Central Ark.","/team/1004/16340",920,"ASUN",1,2023,16340
1004,"Central Ark.","/team/1004/15860",920,"ASUN",1,2022,15860
1004,"Central Ark.","/team/1004/15580",914,"Southland",1,2021,15580
1004,"Central Ark.","/team/1004/15204",914,"Southland",1,2020,15204
1004,"Central Ark.","/team/1004/15204",914,"Southland",1,2019,15204
1004,"Central Ark.","/team/1004/12973",914,"Southland",1,2018,12973
1004,"Central Ark.","/team/1004/12560",914,"Southland",1,2017,12560
1004,"Central Ark.","/team/1004/12360",914,"Southland",1,2016,12360
1004,"Central Ark.","/team/1004/12080",914,"Southland",1,2015,12080
1004,"Central Ark.","/team/1004/11620",914,"Southland",1,2014,11620
1004,"Central Ark.","/team/1004/11320",914,"Southland",1,2013,11320
1004,"Central Ark.","/team/1004/10942",914,"Southland",1,2012,10942
1004,"Central Ark.","/team/1004/10561",914,"Southland",1,2011,10561
1004,"Central Ark.","/team/1004/10240",914,"Southland",1,2010,10240
287,"Houston Christian","/team/287/16580",914,"Southland",1,2024,16580
287,"Houston Christian","/team/287/16340",914,"Southland",1,2023,16340
287,"Houston Christian","/team/287/15860",914,"Southland",1,2022,15860
287,"Houston Christian","/team/287/15580",914,"Southland",1,2021,15580
287,"Houston Christian","/team/287/15204",914,"Southland",1,2020,15204
287,"Houston Christian","/team/287/15204",914,"Southland",1,2019,15204
287,"Houston Christian","/team/287/12973",914,"Southland",1,2018,12973
287,"Houston Christian","/team/287/12560",914,"Southland",1,2017,12560
287,"Houston Christian","/team/287/12360",914,"Southland",1,2016,12360
287,"Houston Christian","/team/287/12080",914,"Southland",1,2015,12080
287,"Houston Christian","/team/287/11620",914,"Southland",1,2014,11620
287,"Houston Christian","/team/287/11320",30156,"GWC",1,2013,11320
287,"Houston Christian","/team/287/10942",30062,"GWC",1,2012,10942
287,"Houston Christian","/team/287/10561",30062,"GWC",1,2011,10561
346,"Lamar University","/team/346/16580",914,"Southland",1,2024,16580
346,"Lamar University","/team/346/16340",914,"Southland",1,2023,16340
346,"Lamar University","/team/346/15860",923,"WAC",1,2022,15860
346,"Lamar University","/team/346/15580",914,"Southland",1,2021,15580
346,"Lamar University","/team/346/15204",914,"Southland",1,2020,15204
346,"Lamar University","/team/346/15204",914,"Southland",1,2019,15204
346,"Lamar University","/team/346/12973",914,"Southland",1,2018,12973
346,"Lamar University","/team/346/12560",914,"Southland",1,2017,12560
346,"Lamar University","/team/346/12360",914,"Southland",1,2016,12360
346,"Lamar University","/team/346/12080",914,"Southland",1,2015,12080
346,"Lamar University","/team/346/11620",914,"Southland",1,2014,11620
346,"Lamar University","/team/346/11320",914,"Southland",1,2013,11320
346,"Lamar University","/team/346/10942",914,"Southland",1,2012,10942
346,"Lamar University","/team/346/10561",914,"Southland",1,2011,10561
346,"Lamar University","/team/346/10240",914,"Southland",1,2010,10240
402,"McNeese","/team/402/16580",914,"Southland",1,2024,16580
402,"McNeese","/team/402/16340",914,"Southland",1,2023,16340
402,"McNeese","/team/402/15860",914,"Southland",1,2022,15860
402,"McNeese","/team/402/15580",914,"Southland",1,2021,15580
402,"McNeese","/team/402/15204",914,"Southland",1,2020,15204
402,"McNeese","/team/402/15204",914,"Southland",1,2019,15204
402,"McNeese","/team/402/12973",914,"Southland",1,2018,12973
402,"McNeese","/team/402/12560",914,"Southland",1,2017,12560
402,"McNeese","/team/402/12360",914,"Southland",1,2016,12360
402,"McNeese","/team/402/12080",914,"Southland",1,2015,12080
402,"McNeese","/team/402/11620",914,"Southland",1,2014,11620
402,"McNeese","/team/402/11320",914,"Southland",1,2013,11320
402,"McNeese","/team/402/10942",914,"Southland",1,2012,10942
402,"McNeese","/team/402/10561",914,"Southland",1,2011,10561
402,"McNeese","/team/402/10240",914,"Southland",1,2010,10240
474,"New Orleans","/team/474/16580",914,"Southland",1,2024,16580
474,"New Orleans","/team/474/16340",914,"Southland",1,2023,16340
474,"New Orleans","/team/474/15860",914,"Southland",1,2022,15860
474,"New Orleans","/team/474/15580",914,"Southland",1,2021,15580
474,"New Orleans","/team/474/15204",914,"Southland",1,2020,15204
474,"New Orleans","/team/474/15204",914,"Southland",1,2019,15204
474,"New Orleans","/team/474/12973",914,"Southland",1,2018,12973
474,"New Orleans","/team/474/12560",914,"Southland",1,2017,12560
474,"New Orleans","/team/474/12360",914,"Southland",1,2016,12360
474,"New Orleans","/team/474/12080",914,"Southland",1,2015,12080
474,"New Orleans","/team/474/11620",914,"Southland",1,2014,11620
474,"New Orleans","/team/474/10240",818,"Sun Belt",1,2010,10240
474,"New Orleans","/team/474/10942",858,"Gulf South",2,2012,10942
483,"Nicholls","/team/483/16580",914,"Southland",1,2024,16580
483,"Nicholls","/team/483/16340",914,"Southland",1,2023,16340
483,"Nicholls","/team/483/15860",914,"Southland",1,2022,15860
483,"Nicholls","/team/483/15580",914,"Southland",1,2021,15580
483,"Nicholls","/team/483/15204",914,"Southland",1,2020,15204
483,"Nicholls","/team/483/15204",914,"Southland",1,2019,15204
483,"Nicholls","/team/483/12973",914,"Southland",1,2018,12973
483,"Nicholls","/team/483/12560",914,"Southland",1,2017,12560
483,"Nicholls","/team/483/12360",914,"Southland",1,2016,12360
483,"Nicholls","/team/483/12080",914,"Southland",1,2015,12080
483,"Nicholls","/team/483/11620",914,"Southland",1,2014,11620
483,"Nicholls","/team/483/11320",914,"Southland",1,2013,11320
483,"Nicholls","/team/483/10942",914,"Southland",1,2012,10942
483,"Nicholls","/team/483/10561",914,"Southland",1,2011,10561
483,"Nicholls","/team/483/10240",914,"Southland",1,2010,10240
508,"Northwestern St.","/team/508/16580",914,"Southland",1,2024,16580
508,"Northwestern St.","/team/508/16340",914,"Southland",1,2023,16340
508,"Northwestern St.","/team/508/15860",914,"Southland",1,2022,15860
508,"Northwestern St.","/team/508/15580",914,"Southland",1,2021,15580
508,"Northwestern St.","/team/508/15204",914,"Southland",1,2020,15204
508,"Northwestern St.","/team/508/15204",914,"Southland",1,2019,15204
508,"Northwestern St.","/team/508/12973",914,"Southland",1,2018,12973
508,"Northwestern St.","/team/508/12560",914,"Southland",1,2017,12560
508,"Northwestern St.","/team/508/12360",914,"Southland",1,2016,12360
508,"Northwestern St.","/team/508/12080",914,"Southland",1,2015,12080
508,"Northwestern St.","/team/508/11620",914,"Southland",1,2014,11620
508,"Northwestern St.","/team/508/11320",914,"Southland",1,2013,11320
508,"Northwestern St.","/team/508/10942",914,"Southland",1,2012,10942
508,"Northwestern St.","/team/508/10561",914,"Southland",1,2011,10561
508,"Northwestern St.","/team/508/10240",914,"Southland",1,2010,10240
676,"SFA","/team/676/16580",923,"WAC",1,2024,16580
676,"SFA","/team/676/16340",923,"WAC",1,2023,16340
676,"SFA","/team/676/15860",923,"WAC",1,2022,15860
676,"SFA","/team/676/15580",914,"Southland",1,2021,15580
676,"SFA","/team/676/15204",914,"Southland",1,2020,15204
676,"SFA","/team/676/15204",914,"Southland",1,2019,15204
676,"SFA","/team/676/12973",914,"Southland",1,2018,12973
676,"SFA","/team/676/12560",914,"Southland",1,2017,12560
676,"SFA","/team/676/12360",914,"Southland",1,2016,12360
676,"SFA","/team/676/12080",914,"Southland",1,2015,12080
676,"SFA","/team/676/11620",914,"Southland",1,2014,11620
676,"SFA","/team/676/11320",914,"Southland",1,2013,11320
676,"SFA","/team/676/10942",914,"Southland",1,2012,10942
676,"SFA","/team/676/10561",914,"Southland",1,2011,10561
676,"SFA","/team/676/10240",914,"Southland",1,2010,10240
624,"Sam Houston","/team/624/16580",24312,"CUSA",1,2024,16580
624,"Sam Houston","/team/624/16340",923,"WAC",1,2023,16340
624,"Sam Houston","/team/624/15860",923,"WAC",1,2022,15860
624,"Sam Houston","/team/624/15580",914,"Southland",1,2021,15580
624,"Sam Houston","/team/624/15204",914,"Southland",1,2020,15204
624,"Sam Houston","/team/624/15204",914,"Southland",1,2019,15204
624,"Sam Houston","/team/624/12973",914,"Southland",1,2018,12973
624,"Sam Houston","/team/624/12560",914,"Southland",1,2017,12560
624,"Sam Houston","/team/624/12360",914,"Southland",1,2016,12360
624,"Sam Houston","/team/624/12080",914,"Southland",1,2015,12080
624,"Sam Houston","/team/624/11620",914,"Southland",1,2014,11620
624,"Sam Houston","/team/624/11320",914,"Southland",1,2013,11320
624,"Sam Houston","/team/624/10942",914,"Southland",1,2012,10942
624,"Sam Houston","/team/624/10561",914,"Southland",1,2011,10561
624,"Sam Houston","/team/624/10240",914,"Southland",1,2010,10240
655,"Southeastern La.","/team/655/16580",914,"Southland",1,2024,16580
655,"Southeastern La.","/team/655/16340",914,"Southland",1,2023,16340
655,"Southeastern La.","/team/655/15860",914,"Southland",1,2022,15860
655,"Southeastern La.","/team/655/15580",914,"Southland",1,2021,15580
655,"Southeastern La.","/team/655/15204",914,"Southland",1,2020,15204
655,"Southeastern La.","/team/655/15204",914,"Southland",1,2019,15204
655,"Southeastern La.","/team/655/12973",914,"Southland",1,2018,12973
655,"Southeastern La.","/team/655/12560",914,"Southland",1,2017,12560
655,"Southeastern La.","/team/655/12360",914,"Southland",1,2016,12360
655,"Southeastern La.","/team/655/12080",914,"Southland",1,2015,12080
655,"Southeastern La.","/team/655/11620",914,"Southland",1,2014,11620
655,"Southeastern La.","/team/655/11320",914,"Southland",1,2013,11320
655,"Southeastern La.","/team/655/10942",914,"Southland",1,2012,10942
655,"Southeastern La.","/team/655/10561",914,"Southland",1,2011,10561
655,"Southeastern La.","/team/655/10240",914,"Southland",1,2010,10240
2743,"UIW","/team/2743/16580",914,"Southland",1,2024,16580
2743,"UIW","/team/2743/16340",914,"Southland",1,2023,16340
2743,"UIW","/team/2743/15860",914,"Southland",1,2022,15860
2743,"UIW","/team/2743/15580",914,"Southland",1,2021,15580
2743,"UIW","/team/2743/15204",914,"Southland",1,2020,15204
2743,"UIW","/team/2743/15204",914,"Southland",1,2019,15204
2743,"UIW","/team/2743/12973",914,"Southland",1,2018,12973
2743,"UIW","/team/2743/12560",914,"Southland",1,2017,12560
2743,"UIW","/team/2743/12360",914,"Southland",1,2016,12360
2743,"UIW","/team/2743/12080",914,"Southland",1,2015,12080
2743,"UIW","/team/2743/11620",914,"Southland",1,2014,11620
2743,"UIW","/team/2743/11320",868,"Lone Star",2,2013,11320
2743,"UIW","/team/2743/10942",868,"Lone Star",2,2012,10942
2743,"UIW","/team/2743/10561",868,"Lone Star",2,2011,10561
2743,"UIW","/team/2743/10240",28723,"Heartland",2,2010,10240
493,"North Dakota St.","/team/493/16580",819,"Summit League",1,2024,16580
493,"North Dakota St.","/team/493/16340",819,"Summit League",1,2023,16340
493,"North Dakota St.","/team/493/15860",819,"Summit League",1,2022,15860
493,"North Dakota St.","/team/493/15580",819,"Summit League",1,2021,15580
493,"North Dakota St.","/team/493/15204",819,"Summit League",1,2020,15204
493,"North Dakota St.","/team/493/15204",819,"Summit League",1,2019,15204
493,"North Dakota St.","/team/493/12973",819,"Summit League",1,2018,12973
493,"North Dakota St.","/team/493/12560",819,"Summit League",1,2017,12560
493,"North Dakota St.","/team/493/12360",819,"Summit League",1,2016,12360
493,"North Dakota St.","/team/493/12080",819,"Summit League",1,2015,12080
493,"North Dakota St.","/team/493/11620",819,"Summit League",1,2014,11620
493,"North Dakota St.","/team/493/11320",819,"Summit League",1,2013,11320
493,"North Dakota St.","/team/493/10942",819,"Summit League",1,2012,10942
493,"North Dakota St.","/team/493/10561",819,"Summit League",1,2011,10561
493,"North Dakota St.","/team/493/10240",819,"Summit League",1,2010,10240
464,"Omaha","/team/464/16580",819,"Summit League",1,2024,16580
464,"Omaha","/team/464/16340",819,"Summit League",1,2023,16340
464,"Omaha","/team/464/15860",819,"Summit League",1,2022,15860
464,"Omaha","/team/464/15580",819,"Summit League",1,2021,15580
464,"Omaha","/team/464/15204",819,"Summit League",1,2020,15204
464,"Omaha","/team/464/15204",819,"Summit League",1,2019,15204
464,"Omaha","/team/464/12973",819,"Summit League",1,2018,12973
464,"Omaha","/team/464/12560",819,"Summit League",1,2017,12560
464,"Omaha","/team/464/12360",819,"Summit League",1,2016,12360
464,"Omaha","/team/464/12080",819,"Summit League",1,2015,12080
464,"Omaha","/team/464/11620",819,"Summit League",1,2014,11620
464,"Omaha","/team/464/11320",819,"Summit League",1,2013,11320
464,"Omaha","/team/464/10561",883,"Mid-America Intercollegiate",2,2011,10561
464,"Omaha","/team/464/10240",883,"Mid-America Intercollegiate",2,2010,10240
527,"Oral Roberts","/team/527/16580",819,"Summit League",1,2024,16580
527,"Oral Roberts","/team/527/16340",819,"Summit League",1,2023,16340
527,"Oral Roberts","/team/527/15860",819,"Summit League",1,2022,15860
527,"Oral Roberts","/team/527/15580",819,"Summit League",1,2021,15580
527,"Oral Roberts","/team/527/15204",819,"Summit League",1,2020,15204
527,"Oral Roberts","/team/527/15204",819,"Summit League",1,2019,15204
527,"Oral Roberts","/team/527/12973",819,"Summit League",1,2018,12973
527,"Oral Roberts","/team/527/12560",819,"Summit League",1,2017,12560
527,"Oral Roberts","/team/527/12360",819,"Summit League",1,2016,12360
527,"Oral Roberts","/team/527/12080",819,"Summit League",1,2015,12080
527,"Oral Roberts","/team/527/11620",914,"Southland",1,2014,11620
527,"Oral Roberts","/team/527/11320",914,"Southland",1,2013,11320
527,"Oral Roberts","/team/527/10942",819,"Summit League",1,2012,10942
527,"Oral Roberts","/team/527/10561",819,"Summit League",1,2011,10561
527,"Oral Roberts","/team/527/10240",819,"Summit League",1,2010,10240
649,"South Dakota St.","/team/649/16580",819,"Summit League",1,2024,16580
649,"South Dakota St.","/team/649/16340",819,"Summit League",1,2023,16340
649,"South Dakota St.","/team/649/15860",819,"Summit League",1,2022,15860
649,"South Dakota St.","/team/649/15580",819,"Summit League",1,2021,15580
649,"South Dakota St.","/team/649/15204",819,"Summit League",1,2020,15204
649,"South Dakota St.","/team/649/15204",819,"Summit League",1,2019,15204
649,"South Dakota St.","/team/649/12973",819,"Summit League",1,2018,12973
649,"South Dakota St.","/team/649/12560",819,"Summit League",1,2017,12560
649,"South Dakota St.","/team/649/12360",819,"Summit League",1,2016,12360
649,"South Dakota St.","/team/649/12080",819,"Summit League",1,2015,12080
649,"South Dakota St.","/team/649/11620",819,"Summit League",1,2014,11620
649,"South Dakota St.","/team/649/11320",819,"Summit League",1,2013,11320
649,"South Dakota St.","/team/649/10942",819,"Summit League",1,2012,10942
649,"South Dakota St.","/team/649/10561",819,"Summit League",1,2011,10561
649,"South Dakota St.","/team/649/10240",819,"Summit League",1,2010,10240
771,"Western Ill.","/team/771/16580",902,"OVC",1,2024,16580
771,"Western Ill.","/team/771/16340",819,"Summit League",1,2023,16340
771,"Western Ill.","/team/771/15860",819,"Summit League",1,2022,15860
771,"Western Ill.","/team/771/15580",819,"Summit League",1,2021,15580
771,"Western Ill.","/team/771/15204",819,"Summit League",1,2020,15204
771,"Western Ill.","/team/771/15204",819,"Summit League",1,2019,15204
771,"Western Ill.","/team/771/12973",819,"Summit League",1,2018,12973
771,"Western Ill.","/team/771/12560",819,"Summit League",1,2017,12560
771,"Western Ill.","/team/771/12360",819,"Summit League",1,2016,12360
771,"Western Ill.","/team/771/12080",819,"Summit League",1,2015,12080
771,"Western Ill.","/team/771/11620",819,"Summit League",1,2014,11620
771,"Western Ill.","/team/771/11320",819,"Summit League",1,2013,11320
771,"Western Ill.","/team/771/10942",819,"Summit League",1,2012,10942
771,"Western Ill.","/team/771/10561",819,"Summit League",1,2011,10561
771,"Western Ill.","/team/771/10240",819,"Summit League",1,2010,10240
27,"App State","/team/27/16580",818,"Sun Belt",1,2024,16580
27,"App State","/team/27/16340",818,"Sun Belt",1,2023,16340
27,"App State","/team/27/15860",818,"Sun Belt",1,2022,15860
27,"App State","/team/27/15580",818,"Sun Belt",1,2021,15580
27,"App State","/team/27/15204",818,"Sun Belt",1,2020,15204
27,"App State","/team/27/15204",818,"Sun Belt",1,2019,15204
27,"App State","/team/27/12973",818,"Sun Belt",1,2018,12973
27,"App State","/team/27/12560",818,"Sun Belt",1,2017,12560
27,"App State","/team/27/12360",818,"Sun Belt",1,2016,12360
27,"App State","/team/27/12080",818,"Sun Belt",1,2015,12080
27,"App State","/team/27/11620",912,"SoCon",1,2014,11620
27,"App State","/team/27/11320",912,"SoCon",1,2013,11320
27,"App State","/team/27/10942",912,"SoCon",1,2012,10942
27,"App State","/team/27/10561",912,"SoCon",1,2011,10561
27,"App State","/team/27/10240",912,"SoCon",1,2010,10240
30,"Arkansas St.","/team/30/16580",818,"Sun Belt",1,2024,16580
30,"Arkansas St.","/team/30/16340",818,"Sun Belt",1,2023,16340
30,"Arkansas St.","/team/30/15860",818,"Sun Belt",1,2022,15860
30,"Arkansas St.","/team/30/15580",818,"Sun Belt",1,2021,15580
30,"Arkansas St.","/team/30/15204",818,"Sun Belt",1,2020,15204
30,"Arkansas St.","/team/30/15204",818,"Sun Belt",1,2019,15204
30,"Arkansas St.","/team/30/12973",818,"Sun Belt",1,2018,12973
30,"Arkansas St.","/team/30/12560",818,"Sun Belt",1,2017,12560
30,"Arkansas St.","/team/30/12360",818,"Sun Belt",1,2016,12360
30,"Arkansas St.","/team/30/12080",818,"Sun Belt",1,2015,12080
30,"Arkansas St.","/team/30/11620",818,"Sun Belt",1,2014,11620
30,"Arkansas St.","/team/30/11320",818,"Sun Belt",1,2013,11320
30,"Arkansas St.","/team/30/10942",818,"Sun Belt",1,2012,10942
30,"Arkansas St.","/team/30/10561",818,"Sun Belt",1,2011,10561
30,"Arkansas St.","/team/30/10240",818,"Sun Belt",1,2010,10240
149,"Coastal Carolina","/team/149/16580",818,"Sun Belt",1,2024,16580
149,"Coastal Carolina","/team/149/16340",818,"Sun Belt",1,2023,16340
149,"Coastal Carolina","/team/149/15860",818,"Sun Belt",1,2022,15860
149,"Coastal Carolina","/team/149/15580",818,"Sun Belt",1,2021,15580
149,"Coastal Carolina","/team/149/15204",818,"Sun Belt",1,2020,15204
149,"Coastal Carolina","/team/149/15204",818,"Sun Belt",1,2019,15204
149,"Coastal Carolina","/team/149/12973",818,"Sun Belt",1,2018,12973
149,"Coastal Carolina","/team/149/12560",818,"Sun Belt",1,2017,12560
149,"Coastal Carolina","/team/149/12360",826,"Big South",1,2016,12360
149,"Coastal Carolina","/team/149/12080",826,"Big South",1,2015,12080
149,"Coastal Carolina","/team/149/11620",826,"Big South",1,2014,11620
149,"Coastal Carolina","/team/149/11320",826,"Big South",1,2013,11320
149,"Coastal Carolina","/team/149/10942",826,"Big South",1,2012,10942
149,"Coastal Carolina","/team/149/10561",826,"Big South",1,2011,10561
149,"Coastal Carolina","/team/149/10240",826,"Big South",1,2010,10240
253,"Ga. Southern","/team/253/16580",818,"Sun Belt",1,2024,16580
253,"Ga. Southern","/team/253/16340",818,"Sun Belt",1,2023,16340
253,"Ga. Southern","/team/253/15860",818,"Sun Belt",1,2022,15860
253,"Ga. Southern","/team/253/15580",818,"Sun Belt",1,2021,15580
253,"Ga. Southern","/team/253/15204",818,"Sun Belt",1,2020,15204
253,"Ga. Southern","/team/253/15204",818,"Sun Belt",1,2019,15204
253,"Ga. Southern","/team/253/12973",818,"Sun Belt",1,2018,12973
253,"Ga. Southern","/team/253/12560",818,"Sun Belt",1,2017,12560
253,"Ga. Southern","/team/253/12360",818,"Sun Belt",1,2016,12360
253,"Ga. Southern","/team/253/12080",818,"Sun Belt",1,2015,12080
253,"Ga. Southern","/team/253/11620",912,"SoCon",1,2014,11620
253,"Ga. Southern","/team/253/11320",912,"SoCon",1,2013,11320
253,"Ga. Southern","/team/253/10942",912,"SoCon",1,2012,10942
253,"Ga. Southern","/team/253/10561",912,"SoCon",1,2011,10561
253,"Ga. Southern","/team/253/10240",912,"SoCon",1,2010,10240
254,"Georgia St.","/team/254/16580",818,"Sun Belt",1,2024,16580
254,"Georgia St.","/team/254/16340",818,"Sun Belt",1,2023,16340
254,"Georgia St.","/team/254/15860",818,"Sun Belt",1,2022,15860
254,"Georgia St.","/team/254/15580",818,"Sun Belt",1,2021,15580
254,"Georgia St.","/team/254/15204",818,"Sun Belt",1,2020,15204
254,"Georgia St.","/team/254/15204",818,"Sun Belt",1,2019,15204
254,"Georgia St.","/team/254/12973",818,"Sun Belt",1,2018,12973
254,"Georgia St.","/team/254/12560",818,"Sun Belt",1,2017,12560
254,"Georgia St.","/team/254/12360",818,"Sun Belt",1,2016,12360
254,"Georgia St.","/team/254/12080",818,"Sun Belt",1,2015,12080
254,"Georgia St.","/team/254/11620",818,"Sun Belt",1,2014,11620
254,"Georgia St.","/team/254/11320",837,"CAA",1,2013,11320
254,"Georgia St.","/team/254/10942",837,"CAA",1,2012,10942
254,"Georgia St.","/team/254/10561",837,"CAA",1,2011,10561
254,"Georgia St.","/team/254/10240",837,"CAA",1,2010,10240
32,"Little Rock","/team/32/16580",902,"OVC",1,2024,16580
32,"Little Rock","/team/32/16340",902,"OVC",1,2023,16340
32,"Little Rock","/team/32/15860",818,"Sun Belt",1,2022,15860
32,"Little Rock","/team/32/15580",818,"Sun Belt",1,2021,15580
32,"Little Rock","/team/32/15204",818,"Sun Belt",1,2020,15204
32,"Little Rock","/team/32/15204",818,"Sun Belt",1,2019,15204
32,"Little Rock","/team/32/12973",818,"Sun Belt",1,2018,12973
32,"Little Rock","/team/32/12560",818,"Sun Belt",1,2017,12560
32,"Little Rock","/team/32/12360",818,"Sun Belt",1,2016,12360
32,"Little Rock","/team/32/12080",818,"Sun Belt",1,2015,12080
32,"Little Rock","/team/32/11620",818,"Sun Belt",1,2014,11620
32,"Little Rock","/team/32/11320",818,"Sun Belt",1,2013,11320
32,"Little Rock","/team/32/10942",818,"Sun Belt",1,2012,10942
32,"Little Rock","/team/32/10561",818,"Sun Belt",1,2011,10561
32,"Little Rock","/team/32/10240",818,"Sun Belt",1,2010,10240
671,"Louisiana","/team/671/16580",818,"Sun Belt",1,2024,16580
671,"Louisiana","/team/671/16340",818,"Sun Belt",1,2023,16340
671,"Louisiana","/team/671/15860",818,"Sun Belt",1,2022,15860
671,"Louisiana","/team/671/15580",818,"Sun Belt",1,2021,15580
671,"Louisiana","/team/671/15204",818,"Sun Belt",1,2020,15204
671,"Louisiana","/team/671/15204",818,"Sun Belt",1,2019,15204
671,"Louisiana","/team/671/12973",818,"Sun Belt",1,2018,12973
671,"Louisiana","/team/671/12560",818,"Sun Belt",1,2017,12560
671,"Louisiana","/team/671/12360",818,"Sun Belt",1,2016,12360
671,"Louisiana","/team/671/12080",818,"Sun Belt",1,2015,12080
671,"Louisiana","/team/671/11620",818,"Sun Belt",1,2014,11620
671,"Louisiana","/team/671/11320",818,"Sun Belt",1,2013,11320
671,"Louisiana","/team/671/10942",818,"Sun Belt",1,2012,10942
671,"Louisiana","/team/671/10561",818,"Sun Belt",1,2011,10561
671,"Louisiana","/team/671/10240",818,"Sun Belt",1,2010,10240
366,"Louisiana Tech","/team/366/16580",24312,"CUSA",1,2024,16580
366,"Louisiana Tech","/team/366/16340",24312,"C-USA",1,2023,16340
366,"Louisiana Tech","/team/366/15860",24312,"C-USA",1,2022,15860
366,"Louisiana Tech","/team/366/15580",24312,"C-USA",1,2021,15580
366,"Louisiana Tech","/team/366/15204",24312,"C-USA",1,2020,15204
366,"Louisiana Tech","/team/366/15204",24312,"C-USA",1,2019,15204
366,"Louisiana Tech","/team/366/12973",24312,"C-USA",1,2018,12973
366,"Louisiana Tech","/team/366/12560",24312,"C-USA",1,2017,12560
366,"Louisiana Tech","/team/366/12360",24312,"C-USA",1,2016,12360
366,"Louisiana Tech","/team/366/12080",24312,"C-USA",1,2015,12080
366,"Louisiana Tech","/team/366/11620",24312,"C-USA",1,2014,11620
366,"Louisiana Tech","/team/366/11320",923,"WAC",1,2013,11320
366,"Louisiana Tech","/team/366/10942",923,"WAC",1,2012,10942
366,"Louisiana Tech","/team/366/10561",923,"WAC",1,2011,10561
366,"Louisiana Tech","/team/366/10240",923,"WAC",1,2010,10240
1182,"Louisiana Col.","/team/1182/15580",14825,"ASC",3,2021,15580
1182,"Louisiana Col.","/team/1182/15204",14825,"ASC",3,2020,15204
1182,"Louisiana Col.","/team/1182/14781",14825,"ASC",3,2019,14781
1182,"Louisiana Col.","/team/1182/12973",14825,"ASC",3,2018,12973
1182,"Louisiana Col.","/team/1182/12560",14825,"ASC",3,2017,12560
1182,"Louisiana Col.","/team/1182/12360",14825,"ASC",3,2016,12360
1182,"Louisiana Col.","/team/1182/12080",14825,"ASC",3,2015,12080
1182,"Louisiana Col.","/team/1182/11620",14825,"ASC",3,2014,11620
1182,"Louisiana Col.","/team/1182/11320",14825,"ASC",3,2013,11320
1182,"Louisiana Col.","/team/1182/10942",14825,"ASC",3,2012,10942
1182,"Louisiana Col.","/team/1182/10561",14825,"ASC",3,2011,10561
1182,"Louisiana Col.","/team/1182/10240",14825,"ASC",3,2010,10240
646,"South Alabama","/team/646/16580",818,"Sun Belt",1,2024,16580
646,"South Alabama","/team/646/16340",818,"Sun Belt",1,2023,16340
646,"South Alabama","/team/646/15860",818,"Sun Belt",1,2022,15860
646,"South Alabama","/team/646/15580",818,"Sun Belt",1,2021,15580
646,"South Alabama","/team/646/15204",818,"Sun Belt",1,2020,15204
646,"South Alabama","/team/646/15204",818,"Sun Belt",1,2019,15204
646,"South Alabama","/team/646/12973",818,"Sun Belt",1,2018,12973
646,"South Alabama","/team/646/12560",818,"Sun Belt",1,2017,12560
646,"South Alabama","/team/646/12360",818,"Sun Belt",1,2016,12360
646,"South Alabama","/team/646/12080",818,"Sun Belt",1,2015,12080
646,"South Alabama","/team/646/11620",818,"Sun Belt",1,2014,11620
646,"South Alabama","/team/646/11320",818,"Sun Belt",1,2013,11320
646,"South Alabama","/team/646/10942",818,"Sun Belt",1,2012,10942
646,"South Alabama","/team/646/10561",818,"Sun Belt",1,2011,10561
646,"South Alabama","/team/646/10240",818,"Sun Belt",1,2010,10240
670,"Texas St.","/team/670/16580",818,"Sun Belt",1,2024,16580
670,"Texas St.","/team/670/16340",818,"Sun Belt",1,2023,16340
670,"Texas St.","/team/670/15860",818,"Sun Belt",1,2022,15860
670,"Texas St.","/team/670/15580",818,"Sun Belt",1,2021,15580
670,"Texas St.","/team/670/15204",818,"Sun Belt",1,2020,15204
670,"Texas St.","/team/670/15204",818,"Sun Belt",1,2019,15204
670,"Texas St.","/team/670/12973",818,"Sun Belt",1,2018,12973
670,"Texas St.","/team/670/12560",818,"Sun Belt",1,2017,12560
670,"Texas St.","/team/670/12360",818,"Sun Belt",1,2016,12360
670,"Texas St.","/team/670/12080",818,"Sun Belt",1,2015,12080
670,"Texas St.","/team/670/11620",818,"Sun Belt",1,2014,11620
670,"Texas St.","/team/670/11320",923,"WAC",1,2013,11320
670,"Texas St.","/team/670/10942",914,"Southland",1,2012,10942
670,"Texas St.","/team/670/10561",914,"Southland",1,2011,10561
670,"Texas St.","/team/670/10240",914,"Southland",1,2010,10240
716,"Troy","/team/716/16580",818,"Sun Belt",1,2024,16580
716,"Troy","/team/716/16340",818,"Sun Belt",1,2023,16340
716,"Troy","/team/716/15860",818,"Sun Belt",1,2022,15860
716,"Troy","/team/716/15580",818,"Sun Belt",1,2021,15580
716,"Troy","/team/716/15204",818,"Sun Belt",1,2020,15204
716,"Troy","/team/716/15204",818,"Sun Belt",1,2019,15204
716,"Troy","/team/716/12973",818,"Sun Belt",1,2018,12973
716,"Troy","/team/716/12560",818,"Sun Belt",1,2017,12560
716,"Troy","/team/716/12360",818,"Sun Belt",1,2016,12360
716,"Troy","/team/716/12080",818,"Sun Belt",1,2015,12080
716,"Troy","/team/716/11620",818,"Sun Belt",1,2014,11620
716,"Troy","/team/716/11320",818,"Sun Belt",1,2013,11320
716,"Troy","/team/716/10942",818,"Sun Belt",1,2012,10942
716,"Troy","/team/716/10561",818,"Sun Belt",1,2011,10561
716,"Troy","/team/716/10240",818,"Sun Belt",1,2010,10240
498,"ULM","/team/498/16580",818,"Sun Belt",1,2024,16580
498,"ULM","/team/498/16340",818,"Sun Belt",1,2023,16340
498,"ULM","/team/498/15860",818,"Sun Belt",1,2022,15860
498,"ULM","/team/498/15580",818,"Sun Belt",1,2021,15580
498,"ULM","/team/498/15204",818,"Sun Belt",1,2020,15204
498,"ULM","/team/498/15204",818,"Sun Belt",1,2019,15204
498,"ULM","/team/498/12973",818,"Sun Belt",1,2018,12973
498,"ULM","/team/498/12560",818,"Sun Belt",1,2017,12560
498,"ULM","/team/498/12360",818,"Sun Belt",1,2016,12360
498,"ULM","/team/498/12080",818,"Sun Belt",1,2015,12080
498,"ULM","/team/498/11620",818,"Sun Belt",1,2014,11620
498,"ULM","/team/498/11320",818,"Sun Belt",1,2013,11320
498,"ULM","/team/498/10942",818,"Sun Belt",1,2012,10942
498,"ULM","/team/498/10561",818,"Sun Belt",1,2011,10561
498,"ULM","/team/498/10240",818,"Sun Belt",1,2010,10240
702,"UT Arlington","/team/702/16580",923,"WAC",1,2024,16580
702,"UT Arlington","/team/702/16340",923,"WAC",1,2023,16340
702,"UT Arlington","/team/702/15860",818,"Sun Belt",1,2022,15860
702,"UT Arlington","/team/702/15580",818,"Sun Belt",1,2021,15580
702,"UT Arlington","/team/702/15204",818,"Sun Belt",1,2020,15204
702,"UT Arlington","/team/702/15204",818,"Sun Belt",1,2019,15204
702,"UT Arlington","/team/702/12973",818,"Sun Belt",1,2018,12973
702,"UT Arlington","/team/702/12560",818,"Sun Belt",1,2017,12560
702,"UT Arlington","/team/702/12360",818,"Sun Belt",1,2016,12360
702,"UT Arlington","/team/702/12080",818,"Sun Belt",1,2015,12080
702,"UT Arlington","/team/702/11620",818,"Sun Belt",1,2014,11620
702,"UT Arlington","/team/702/11320",923,"WAC",1,2013,11320
702,"UT Arlington","/team/702/10942",914,"Southland",1,2012,10942
702,"UT Arlington","/team/702/10561",914,"Southland",1,2011,10561
702,"UT Arlington","/team/702/10240",914,"Southland",1,2010,10240
140,"Cincinnati","/team/140/16580",25354,"Big 12",1,2024,16580
140,"Cincinnati","/team/140/16340",823,"AAC",1,2023,16340
140,"Cincinnati","/team/140/15860",823,"AAC",1,2022,15860
140,"Cincinnati","/team/140/15580",823,"AAC",1,2021,15580
140,"Cincinnati","/team/140/15204",823,"AAC",1,2020,15204
140,"Cincinnati","/team/140/15204",823,"AAC",1,2019,15204
140,"Cincinnati","/team/140/12973",823,"AAC",1,2018,12973
140,"Cincinnati","/team/140/12560",823,"AAC",1,2017,12560
140,"Cincinnati","/team/140/12360",823,"AAC",1,2016,12360
140,"Cincinnati","/team/140/12080",823,"AAC",1,2015,12080
140,"Cincinnati","/team/140/11620",823,"AAC",1,2014,11620
140,"Cincinnati","/team/140/11320",823,"AAC",1,2013,11320
140,"Cincinnati","/team/140/10942",823,"AAC",1,2012,10942
140,"Cincinnati","/team/140/10561",823,"AAC",1,2011,10561
140,"Cincinnati","/team/140/10240",823,"AAC",1,2010,10240
196,"East Carolina","/team/196/16580",823,"AAC",1,2024,16580
196,"East Carolina","/team/196/16340",823,"AAC",1,2023,16340
196,"East Carolina","/team/196/15860",823,"AAC",1,2022,15860
196,"East Carolina","/team/196/15580",823,"AAC",1,2021,15580
196,"East Carolina","/team/196/15204",823,"AAC",1,2020,15204
196,"East Carolina","/team/196/15204",823,"AAC",1,2019,15204
196,"East Carolina","/team/196/12973",823,"AAC",1,2018,12973
196,"East Carolina","/team/196/12560",823,"AAC",1,2017,12560
196,"East Carolina","/team/196/12360",823,"AAC",1,2016,12360
196,"East Carolina","/team/196/12080",823,"AAC",1,2015,12080
196,"East Carolina","/team/196/11620",24312,"C-USA",1,2014,11620
196,"East Carolina","/team/196/11320",24312,"C-USA",1,2013,11320
196,"East Carolina","/team/196/10942",24312,"C-USA",1,2012,10942
196,"East Carolina","/team/196/10561",24312,"C-USA",1,2011,10561
196,"East Carolina","/team/196/10240",24312,"C-USA",1,2010,10240
288,"Houston","/team/288/16580",25354,"Big 12",1,2024,16580
288,"Houston","/team/288/16340",823,"AAC",1,2023,16340
288,"Houston","/team/288/15860",823,"AAC",1,2022,15860
288,"Houston","/team/288/15580",823,"AAC",1,2021,15580
288,"Houston","/team/288/15204",823,"AAC",1,2020,15204
288,"Houston","/team/288/15204",823,"AAC",1,2019,15204
288,"Houston","/team/288/12973",823,"AAC",1,2018,12973
288,"Houston","/team/288/12560",823,"AAC",1,2017,12560
288,"Houston","/team/288/12360",823,"AAC",1,2016,12360
288,"Houston","/team/288/12080",823,"AAC",1,2015,12080
288,"Houston","/team/288/11620",823,"AAC",1,2014,11620
288,"Houston","/team/288/11320",24312,"C-USA",1,2013,11320
288,"Houston","/team/288/10942",24312,"C-USA",1,2012,10942
288,"Houston","/team/288/10561",24312,"C-USA",1,2011,10561
288,"Houston","/team/288/10240",24312,"C-USA",1,2010,10240
287,"Houston Christian","/team/287/16580",914,"Southland",1,2024,16580
287,"Houston Christian","/team/287/16340",914,"Southland",1,2023,16340
287,"Houston Christian","/team/287/15860",914,"Southland",1,2022,15860
287,"Houston Christian","/team/287/15580",914,"Southland",1,2021,15580
287,"Houston Christian","/team/287/15204",914,"Southland",1,2020,15204
287,"Houston Christian","/team/287/15204",914,"Southland",1,2019,15204
287,"Houston Christian","/team/287/12973",914,"Southland",1,2018,12973
287,"Houston Christian","/team/287/12560",914,"Southland",1,2017,12560
287,"Houston Christian","/team/287/12360",914,"Southland",1,2016,12360
287,"Houston Christian","/team/287/12080",914,"Southland",1,2015,12080
287,"Houston Christian","/team/287/11620",914,"Southland",1,2014,11620
287,"Houston Christian","/team/287/11320",30156,"GWC",1,2013,11320
287,"Houston Christian","/team/287/10942",30062,"GWC",1,2012,10942
287,"Houston Christian","/team/287/10561",30062,"GWC",1,2011,10561
624,"Sam Houston","/team/624/16580",24312,"CUSA",1,2024,16580
624,"Sam Houston","/team/624/16340",923,"WAC",1,2023,16340
624,"Sam Houston","/team/624/15860",923,"WAC",1,2022,15860
624,"Sam Houston","/team/624/15580",914,"Southland",1,2021,15580
624,"Sam Houston","/team/624/15204",914,"Southland",1,2020,15204
624,"Sam Houston","/team/624/15204",914,"Southland",1,2019,15204
624,"Sam Houston","/team/624/12973",914,"Southland",1,2018,12973
624,"Sam Houston","/team/624/12560",914,"Southland",1,2017,12560
624,"Sam Houston","/team/624/12360",914,"Southland",1,2016,12360
624,"Sam Houston","/team/624/12080",914,"Southland",1,2015,12080
624,"Sam Houston","/team/624/11620",914,"Southland",1,2014,11620
624,"Sam Houston","/team/624/11320",914,"Southland",1,2013,11320
624,"Sam Houston","/team/624/10942",914,"Southland",1,2012,10942
624,"Sam Houston","/team/624/10561",914,"Southland",1,2011,10561
624,"Sam Houston","/team/624/10240",914,"Southland",1,2010,10240
404,"Memphis","/team/404/16580",823,"AAC",1,2024,16580
404,"Memphis","/team/404/16340",823,"AAC",1,2023,16340
404,"Memphis","/team/404/15860",823,"AAC",1,2022,15860
404,"Memphis","/team/404/15580",823,"AAC",1,2021,15580
404,"Memphis","/team/404/15204",823,"AAC",1,2020,15204
404,"Memphis","/team/404/15204",823,"AAC",1,2019,15204
404,"Memphis","/team/404/12973",823,"AAC",1,2018,12973
404,"Memphis","/team/404/12560",823,"AAC",1,2017,12560
404,"Memphis","/team/404/12360",823,"AAC",1,2016,12360
404,"Memphis","/team/404/12080",823,"AAC",1,2015,12080
404,"Memphis","/team/404/11620",823,"AAC",1,2014,11620
404,"Memphis","/team/404/11320",24312,"C-USA",1,2013,11320
404,"Memphis","/team/404/10942",24312,"C-USA",1,2012,10942
404,"Memphis","/team/404/10561",24312,"C-USA",1,2011,10561
404,"Memphis","/team/404/10240",24312,"C-USA",1,2010,10240
651,"South Fla.","/team/651/16580",823,"AAC",1,2024,16580
651,"South Fla.","/team/651/16340",823,"AAC",1,2023,16340
651,"South Fla.","/team/651/15860",823,"AAC",1,2022,15860
651,"South Fla.","/team/651/15580",823,"AAC",1,2021,15580
651,"South Fla.","/team/651/15204",823,"AAC",1,2020,15204
651,"South Fla.","/team/651/15204",823,"AAC",1,2019,15204
651,"South Fla.","/team/651/12973",823,"AAC",1,2018,12973
651,"South Fla.","/team/651/12560",823,"AAC",1,2017,12560
651,"South Fla.","/team/651/12360",823,"AAC",1,2016,12360
651,"South Fla.","/team/651/12080",823,"AAC",1,2015,12080
651,"South Fla.","/team/651/11620",823,"AAC",1,2014,11620
651,"South Fla.","/team/651/11320",823,"AAC",1,2013,11320
651,"South Fla.","/team/651/10942",823,"AAC",1,2012,10942
651,"South Fla.","/team/651/10561",823,"AAC",1,2011,10561
651,"South Fla.","/team/651/10240",823,"AAC",1,2010,10240
718,"Tulane","/team/718/16580",823,"AAC",1,2024,16580
718,"Tulane","/team/718/16340",823,"AAC",1,2023,16340
718,"Tulane","/team/718/15860",823,"AAC",1,2022,15860
718,"Tulane","/team/718/15580",823,"AAC",1,2021,15580
718,"Tulane","/team/718/15204",823,"AAC",1,2020,15204
718,"Tulane","/team/718/15204",823,"AAC",1,2019,15204
718,"Tulane","/team/718/12973",823,"AAC",1,2018,12973
718,"Tulane","/team/718/12560",823,"AAC",1,2017,12560
718,"Tulane","/team/718/12360",823,"AAC",1,2016,12360
718,"Tulane","/team/718/12080",823,"AAC",1,2015,12080
718,"Tulane","/team/718/11620",24312,"C-USA",1,2014,11620
718,"Tulane","/team/718/11320",24312,"C-USA",1,2013,11320
718,"Tulane","/team/718/10942",24312,"C-USA",1,2012,10942
718,"Tulane","/team/718/10561",24312,"C-USA",1,2011,10561
718,"Tulane","/team/718/10240",24312,"C-USA",1,2010,10240
128,"UCF","/team/128/16580",25354,"Big 12",1,2024,16580
128,"UCF","/team/128/16340",823,"AAC",1,2023,16340
128,"UCF","/team/128/15860",823,"AAC",1,2022,15860
128,"UCF","/team/128/15580",823,"AAC",1,2021,15580
128,"UCF","/team/128/15204",823,"AAC",1,2020,15204
128,"UCF","/team/128/15204",823,"AAC",1,2019,15204
128,"UCF","/team/128/12973",823,"AAC",1,2018,12973
128,"UCF","/team/128/12560",823,"AAC",1,2017,12560
128,"UCF","/team/128/12360",823,"AAC",1,2016,12360
128,"UCF","/team/128/12080",823,"AAC",1,2015,12080
128,"UCF","/team/128/11620",823,"AAC",1,2014,11620
128,"UCF","/team/128/11320",24312,"C-USA",1,2013,11320
128,"UCF","/team/128/10942",24312,"C-USA",1,2012,10942
128,"UCF","/team/128/10561",24312,"C-USA",1,2011,10561
128,"UCF","/team/128/10240",24312,"C-USA",1,2010,10240
782,"Wichita St.","/team/782/16580",823,"AAC",1,2024,16580
782,"Wichita St.","/team/782/16340",823,"AAC",1,2023,16340
782,"Wichita St.","/team/782/15860",823,"AAC",1,2022,15860
782,"Wichita St.","/team/782/15580",823,"AAC",1,2021,15580
782,"Wichita St.","/team/782/15204",823,"AAC",1,2020,15204
782,"Wichita St.","/team/782/15204",823,"AAC",1,2019,15204
782,"Wichita St.","/team/782/12973",823,"AAC",1,2018,12973
782,"Wichita St.","/team/782/12560",884,"MVC",1,2017,12560
782,"Wichita St.","/team/782/12360",884,"MVC",1,2016,12360
782,"Wichita St.","/team/782/12080",884,"MVC",1,2015,12080
782,"Wichita St.","/team/782/11620",884,"MVC",1,2014,11620
782,"Wichita St.","/team/782/11320",884,"MVC",1,2013,11320
782,"Wichita St.","/team/782/10942",884,"MVC",1,2012,10942
782,"Wichita St.","/team/782/10561",884,"MVC",1,2011,10561
782,"Wichita St.","/team/782/10240",884,"MVC",1,2010,10240
30135,"California Baptist","/team/30135/16580",923,"WAC",1,2024,16580
30135,"California Baptist","/team/30135/16340",923,"WAC",1,2023,16340
30135,"California Baptist","/team/30135/15860",923,"WAC",1,2022,15860
30135,"California Baptist","/team/30135/15580",923,"WAC",1,2021,15580
30135,"California Baptist","/team/30135/15204",923,"WAC",1,2020,15204
30135,"California Baptist","/team/30135/15204",923,"WAC",1,2019,15204
30135,"California Baptist","/team/30135/12973",19591,"PacWest",2,2018,12973
30135,"California Baptist","/team/30135/12560",19591,"PacWest",2,2017,12560
30135,"California Baptist","/team/30135/12360",19591,"PacWest",2,2016,12360
30135,"California Baptist","/team/30135/12080",19591,"PacWest",2,2015,12080
30135,"California Baptist","/team/30135/11620",19591,"PacWest",2,2014,11620
30135,"California Baptist","/team/30135/11320",19591,"PacWest",2,2013,11320
30135,"California Baptist","/team/30135/10942",19591,"PacWest",2,2012,10942
1104,"Grand Canyon","/team/1104/16580",923,"WAC",1,2024,16580
1104,"Grand Canyon","/team/1104/16340",923,"WAC",1,2023,16340
1104,"Grand Canyon","/team/1104/15860",923,"WAC",1,2022,15860
1104,"Grand Canyon","/team/1104/15580",923,"WAC",1,2021,15580
1104,"Grand Canyon","/team/1104/15204",923,"WAC",1,2020,15204
1104,"Grand Canyon","/team/1104/15204",923,"WAC",1,2019,15204
1104,"Grand Canyon","/team/1104/12973",923,"WAC",1,2018,12973
1104,"Grand Canyon","/team/1104/12560",923,"WAC",1,2017,12560
1104,"Grand Canyon","/team/1104/12360",923,"WAC",1,2016,12360
1104,"Grand Canyon","/team/1104/12080",923,"WAC",1,2015,12080
1104,"Grand Canyon","/team/1104/11620",923,"WAC",1,2014,11620
1104,"Grand Canyon","/team/1104/11320",19591,"PacWest",2,2013,11320
1104,"Grand Canyon","/team/1104/10942",19591,"PacWest",2,2012,10942
1104,"Grand Canyon","/team/1104/10561",19591,"PacWest",2,2011,10561
1104,"Grand Canyon","/team/1104/10240",19591,"PacWest",2,2010,10240
472,"New Mexico St.","/team/472/16580",24312,"CUSA",1,2024,16580
472,"New Mexico St.","/team/472/16340",923,"WAC",1,2023,16340
472,"New Mexico St.","/team/472/15860",923,"WAC",1,2022,15860
472,"New Mexico St.","/team/472/15580",923,"WAC",1,2021,15580
472,"New Mexico St.","/team/472/15204",923,"WAC",1,2020,15204
472,"New Mexico St.","/team/472/15204",923,"WAC",1,2019,15204
472,"New Mexico St.","/team/472/12973",923,"WAC",1,2018,12973
472,"New Mexico St.","/team/472/12560",923,"WAC",1,2017,12560
472,"New Mexico St.","/team/472/12360",923,"WAC",1,2016,12360
472,"New Mexico St.","/team/472/12080",923,"WAC",1,2015,12080
472,"New Mexico St.","/team/472/11620",923,"WAC",1,2014,11620
472,"New Mexico St.","/team/472/11320",923,"WAC",1,2013,11320
472,"New Mexico St.","/team/472/10942",923,"WAC",1,2012,10942
472,"New Mexico St.","/team/472/10561",923,"WAC",1,2011,10561
472,"New Mexico St.","/team/472/10240",923,"WAC",1,2010,10240
502,"Northern Colo.","/team/502/16580",819,"Summit League",1,2024,16580
502,"Northern Colo.","/team/502/16340",819,"Summit League",1,2023,16340
502,"Northern Colo.","/team/502/15860",819,"Summit League",1,2022,15860
502,"Northern Colo.","/team/502/15580",923,"WAC",1,2021,15580
502,"Northern Colo.","/team/502/15204",923,"WAC",1,2020,15204
502,"Northern Colo.","/team/502/15204",923,"WAC",1,2019,15204
502,"Northern Colo.","/team/502/12973",923,"WAC",1,2018,12973
502,"Northern Colo.","/team/502/12560",923,"WAC",1,2017,12560
502,"Northern Colo.","/team/502/12360",923,"WAC",1,2016,12360
502,"Northern Colo.","/team/502/12080",923,"WAC",1,2015,12080
502,"Northern Colo.","/team/502/11620",923,"WAC",1,2014,11620
502,"Northern Colo.","/team/502/11320",30156,"GWC",1,2013,11320
502,"Northern Colo.","/team/502/10942",30062,"GWC",1,2012,10942
502,"Northern Colo.","/team/502/10561",30062,"GWC",1,2011,10561
502,"Northern Colo.","/team/502/10240",30062,"GWC",1,2010,10240
102,"Sacramento St.","/team/102/16580",923,"WAC",1,2024,16580
102,"Sacramento St.","/team/102/16340",923,"WAC",1,2023,16340
102,"Sacramento St.","/team/102/15860",923,"WAC",1,2022,15860
102,"Sacramento St.","/team/102/15580",923,"WAC",1,2021,15580
102,"Sacramento St.","/team/102/15204",923,"WAC",1,2020,15204
102,"Sacramento St.","/team/102/15204",923,"WAC",1,2019,15204
102,"Sacramento St.","/team/102/12973",923,"WAC",1,2018,12973
102,"Sacramento St.","/team/102/12560",923,"WAC",1,2017,12560
102,"Sacramento St.","/team/102/12360",923,"WAC",1,2016,12360
102,"Sacramento St.","/team/102/12080",923,"WAC",1,2015,12080
102,"Sacramento St.","/team/102/11620",923,"WAC",1,2014,11620
102,"Sacramento St.","/team/102/11320",923,"WAC",1,2013,11320
102,"Sacramento St.","/team/102/10942",923,"WAC",1,2012,10942
102,"Sacramento St.","/team/102/10561",923,"WAC",1,2011,10561
102,"Sacramento St.","/team/102/10240",923,"WAC",1,2010,10240
1356,"Seattle U","/team/1356/16580",923,"WAC",1,2024,16580
1356,"Seattle U","/team/1356/16340",923,"WAC",1,2023,16340
1356,"Seattle U","/team/1356/15860",923,"WAC",1,2022,15860
1356,"Seattle U","/team/1356/15580",923,"WAC",1,2021,15580
1356,"Seattle U","/team/1356/15204",923,"WAC",1,2020,15204
1356,"Seattle U","/team/1356/15204",923,"WAC",1,2019,15204
1356,"Seattle U","/team/1356/12973",923,"WAC",1,2018,12973
1356,"Seattle U","/team/1356/12560",923,"WAC",1,2017,12560
1356,"Seattle U","/team/1356/12360",923,"WAC",1,2016,12360
1356,"Seattle U","/team/1356/12080",923,"WAC",1,2015,12080
1356,"Seattle U","/team/1356/11620",923,"WAC",1,2014,11620
1356,"Seattle U","/team/1356/11320",923,"WAC",1,2013,11320
1395,"Tarleton St.","/team/1395/16580",923,"WAC",1,2024,16580
1395,"Tarleton St.","/team/1395/16340",923,"WAC",1,2023,16340
1395,"Tarleton St.","/team/1395/15860",923,"WAC",1,2022,15860
1395,"Tarleton St.","/team/1395/15580",923,"WAC",1,2021,15580
1395,"Tarleton St.","/team/1395/15204",868,"Lone Star",2,2020,15204
1395,"Tarleton St.","/team/1395/14781",868,"Lone Star",2,2019,14781
1395,"Tarleton St.","/team/1395/12973",868,"Lone Star",2,2018,12973
1395,"Tarleton St.","/team/1395/12560",868,"Lone Star",2,2017,12560
1395,"Tarleton St.","/team/1395/12360",868,"Lone Star",2,2016,12360
1395,"Tarleton St.","/team/1395/12080",868,"Lone Star",2,2015,12080
1395,"Tarleton St.","/team/1395/11620",868,"Lone Star",2,2014,11620
1395,"Tarleton St.","/team/1395/11320",868,"Lone Star",2,2013,11320
1395,"Tarleton St.","/team/1395/10942",868,"Lone Star",2,2012,10942
1395,"Tarleton St.","/team/1395/10561",868,"Lone Star",2,2011,10561
1395,"Tarleton St.","/team/1395/10240",868,"Lone Star",2,2010,10240
536,"UTRGV","/team/536/16580",923,"WAC",1,2024,16580
536,"UTRGV","/team/536/16340",923,"WAC",1,2023,16340
536,"UTRGV","/team/536/15860",923,"WAC",1,2022,15860
536,"UTRGV","/team/536/15580",923,"WAC",1,2021,15580
536,"UTRGV","/team/536/15204",923,"WAC",1,2020,15204
536,"UTRGV","/team/536/15204",923,"WAC",1,2019,15204
536,"UTRGV","/team/536/12973",923,"WAC",1,2018,12973
536,"UTRGV","/team/536/12560",923,"WAC",1,2017,12560
536,"UTRGV","/team/536/12360",923,"WAC",1,2016,12360
536,"UTRGV","/team/536/12080",923,"WAC",1,2015,12080
536,"UTRGV","/team/536/11620",923,"WAC",1,2014,11620
536,"UTRGV","/team/536/11320",30156,"GWC",1,2013,11320
536,"UTRGV","/team/536/10942",30062,"GWC",1,2012,10942
536,"UTRGV","/team/536/10561",30062,"GWC",1,2011,10561
536,"UTRGV","/team/536/10240",30062,"GWC",1,2010,10240
30095,"Utah Tech","/team/30095/16580",923,"WAC",1,2024,16580
30095,"Utah Tech","/team/30095/16340",923,"WAC",1,2023,16340
30095,"Utah Tech","/team/30095/15860",923,"WAC",1,2022,15860
30095,"Utah Tech","/team/30095/15580",923,"WAC",1,2021,15580
30095,"Utah Tech","/team/30095/15204",13128,"RMAC",2,2020,15204
30095,"Utah Tech","/team/30095/14781",13128,"RMAC",2,2019,14781
30095,"Utah Tech","/team/30095/12973",19591,"PacWest",2,2018,12973
30095,"Utah Tech","/team/30095/12560",19591,"PacWest",2,2017,12560
30095,"Utah Tech","/team/30095/12360",19591,"PacWest",2,2016,12360
30095,"Utah Tech","/team/30095/12080",19591,"PacWest",2,2015,12080
30095,"Utah Tech","/team/30095/11620",19591,"PacWest",2,2014,11620
30095,"Utah Tech","/team/30095/11320",19591,"PacWest",2,2013,11320
30095,"Utah Tech","/team/30095/10942",19591,"PacWest",2,2012,10942
30095,"Utah Tech","/team/30095/10561",19591,"PacWest",2,2011,10561
30095,"Utah Tech","/team/30095/10240",19591,"PacWest",2,2010,10240
30024,"Utah Valley","/team/30024/16580",923,"WAC",1,2024,16580
30024,"Utah Valley","/team/30024/16340",923,"WAC",1,2023,16340
30024,"Utah Valley","/team/30024/15860",923,"WAC",1,2022,15860
30024,"Utah Valley","/team/30024/15580",923,"WAC",1,2021,15580
30024,"Utah Valley","/team/30024/15204",923,"WAC",1,2020,15204
30024,"Utah Valley","/team/30024/15204",923,"WAC",1,2019,15204
30024,"Utah Valley","/team/30024/12973",923,"WAC",1,2018,12973
30024,"Utah Valley","/team/30024/12560",923,"WAC",1,2017,12560
30024,"Utah Valley","/team/30024/12360",923,"WAC",1,2016,12360
30024,"Utah Valley","/team/30024/12080",923,"WAC",1,2015,12080
30024,"Utah Valley","/team/30024/11620",923,"WAC",1,2014,11620
30024,"Utah Valley","/team/30024/11320",30156,"GWC",1,2013,11320
30024,"Utah Valley","/team/30024/10942",30062,"GWC",1,2012,10942
30024,"Utah Valley","/team/30024/10561",30062,"GWC",1,2011,10561
30024,"Utah Valley","/team/30024/10240",30062,"GWC",1,2010,10240
77,"BYU","/team/77/16580",25354,"Big 12",1,2024,16580
77,"BYU","/team/77/16340",922,"WCC",1,2023,16340
77,"BYU","/team/77/15860",922,"WCC",1,2022,15860
77,"BYU","/team/77/15580",922,"WCC",1,2021,15580
77,"BYU","/team/77/15204",922,"WCC",1,2020,15204
77,"BYU","/team/77/15204",922,"WCC",1,2019,15204
77,"BYU","/team/77/12973",922,"WCC",1,2018,12973
77,"BYU","/team/77/12560",922,"WCC",1,2017,12560
77,"BYU","/team/77/12360",922,"WCC",1,2016,12360
77,"BYU","/team/77/12080",922,"WCC",1,2015,12080
77,"BYU","/team/77/11620",922,"WCC",1,2014,11620
77,"BYU","/team/77/11320",922,"WCC",1,2013,11320
77,"BYU","/team/77/10942",922,"WCC",1,2012,10942
77,"BYU","/team/77/10561",5486,"Mountain West",1,2011,10561
77,"BYU","/team/77/10240",5486,"Mountain West",1,2010,10240
260,"Gonzaga","/team/260/16580",922,"WCC",1,2024,16580
260,"Gonzaga","/team/260/16340",922,"WCC",1,2023,16340
260,"Gonzaga","/team/260/15860",922,"WCC",1,2022,15860
260,"Gonzaga","/team/260/15580",922,"WCC",1,2021,15580
260,"Gonzaga","/team/260/15204",922,"WCC",1,2020,15204
260,"Gonzaga","/team/260/15204",922,"WCC",1,2019,15204
260,"Gonzaga","/team/260/12973",922,"WCC",1,2018,12973
260,"Gonzaga","/team/260/12560",922,"WCC",1,2017,12560
260,"Gonzaga","/team/260/12360",922,"WCC",1,2016,12360
260,"Gonzaga","/team/260/12080",922,"WCC",1,2015,12080
260,"Gonzaga","/team/260/11620",922,"WCC",1,2014,11620
260,"Gonzaga","/team/260/11320",922,"WCC",1,2013,11320
260,"Gonzaga","/team/260/10942",922,"WCC",1,2012,10942
260,"Gonzaga","/team/260/10561",922,"WCC",1,2011,10561
260,"Gonzaga","/team/260/10240",922,"WCC",1,2010,10240
370,"LMU (CA)","/team/370/16580",922,"WCC",1,2024,16580
370,"LMU (CA)","/team/370/16340",922,"WCC",1,2023,16340
370,"LMU (CA)","/team/370/15860",922,"WCC",1,2022,15860
370,"LMU (CA)","/team/370/15580",922,"WCC",1,2021,15580
370,"LMU (CA)","/team/370/15204",922,"WCC",1,2020,15204
370,"LMU (CA)","/team/370/15204",922,"WCC",1,2019,15204
370,"LMU (CA)","/team/370/12973",922,"WCC",1,2018,12973
370,"LMU (CA)","/team/370/12560",922,"WCC",1,2017,12560
370,"LMU (CA)","/team/370/12360",922,"WCC",1,2016,12360
370,"LMU (CA)","/team/370/12080",922,"WCC",1,2015,12080
370,"LMU (CA)","/team/370/11620",922,"WCC",1,2014,11620
370,"LMU (CA)","/team/370/11320",922,"WCC",1,2013,11320
370,"LMU (CA)","/team/370/10942",922,"WCC",1,2012,10942
370,"LMU (CA)","/team/370/10561",922,"WCC",1,2011,10561
370,"LMU (CA)","/team/370/10240",922,"WCC",1,2010,10240
534,"Pacific","/team/534/16580",922,"WCC",1,2024,16580
534,"Pacific","/team/534/16340",922,"WCC",1,2023,16340
534,"Pacific","/team/534/15860",922,"WCC",1,2022,15860
534,"Pacific","/team/534/15580",922,"WCC",1,2021,15580
534,"Pacific","/team/534/15204",922,"WCC",1,2020,15204
534,"Pacific","/team/534/15204",922,"WCC",1,2019,15204
534,"Pacific","/team/534/12973",922,"WCC",1,2018,12973
534,"Pacific","/team/534/12560",922,"WCC",1,2017,12560
534,"Pacific","/team/534/12360",922,"WCC",1,2016,12360
534,"Pacific","/team/534/12080",922,"WCC",1,2015,12080
534,"Pacific","/team/534/11620",922,"WCC",1,2014,11620
534,"Pacific","/team/534/11320",904,"Big West",1,2013,11320
534,"Pacific","/team/534/10942",904,"Big West",1,2012,10942
534,"Pacific","/team/534/10561",904,"Big West",1,2011,10561
534,"Pacific","/team/534/10240",904,"Big West",1,2010,10240
30146,"Azusa Pacific","/team/30146/16580",19591,"PacWest",2,2024,16580
30146,"Azusa Pacific","/team/30146/16340",19591,"PacWest",2,2023,16340
30146,"Azusa Pacific","/team/30146/15860",19591,"PacWest",2,2022,15860
30146,"Azusa Pacific","/team/30146/15580",19591,"PacWest",2,2021,15580
30146,"Azusa Pacific","/team/30146/15204",19591,"PacWest",2,2020,15204
30146,"Azusa Pacific","/team/30146/14781",19591,"PacWest",2,2019,14781
30146,"Azusa Pacific","/team/30146/12973",19591,"PacWest",2,2018,12973
30146,"Azusa Pacific","/team/30146/12560",19591,"PacWest",2,2017,12560
30146,"Azusa Pacific","/team/30146/12360",19591,"PacWest",2,2016,12360
30146,"Azusa Pacific","/team/30146/12080",19591,"PacWest",2,2015,12080
30147,"Fresno Pacific","/team/30147/16580",19591,"PacWest",2,2024,16580
30147,"Fresno Pacific","/team/30147/16340",19591,"PacWest",2,2023,16340
30147,"Fresno Pacific","/team/30147/15860",19591,"PacWest",2,2022,15860
30147,"Fresno Pacific","/team/30147/15580",19591,"PacWest",2,2021,15580
30147,"Fresno Pacific","/team/30147/15204",19591,"PacWest",2,2020,15204
30147,"Fresno Pacific","/team/30147/14781",19591,"PacWest",2,2019,14781
30147,"Fresno Pacific","/team/30147/12973",19591,"PacWest",2,2018,12973
30147,"Fresno Pacific","/team/30147/12560",19591,"PacWest",2,2017,12560
30147,"Fresno Pacific","/team/30147/12360",19591,"PacWest",2,2016,12360
30147,"Fresno Pacific","/team/30147/12080",19591,"PacWest",2,2015,12080
2696,"Hawaii Pacific","/team/2696/16580",19591,"PacWest",2,2024,16580
2696,"Hawaii Pacific","/team/2696/16340",19591,"PacWest",2,2023,16340
2696,"Hawaii Pacific","/team/2696/15860",19591,"PacWest",2,2022,15860
2696,"Hawaii Pacific","/team/2696/15580",19591,"PacWest",2,2021,15580
2696,"Hawaii Pacific","/team/2696/15204",19591,"PacWest",2,2020,15204
2696,"Hawaii Pacific","/team/2696/14781",19591,"PacWest",2,2019,14781
2696,"Hawaii Pacific","/team/2696/12973",19591,"PacWest",2,2018,12973
2696,"Hawaii Pacific","/team/2696/12560",19591,"PacWest",2,2017,12560
2696,"Hawaii Pacific","/team/2696/12360",19591,"PacWest",2,2016,12360
2696,"Hawaii Pacific","/team/2696/12080",19591,"PacWest",2,2015,12080
2696,"Hawaii Pacific","/team/2696/11620",19591,"PacWest",2,2014,11620
2696,"Hawaii Pacific","/team/2696/11320",19591,"PacWest",2,2013,11320
2696,"Hawaii Pacific","/team/2696/10942",19591,"PacWest",2,2012,10942
2696,"Hawaii Pacific","/team/2696/10561",19591,"PacWest",2,2011,10561
2696,"Hawaii Pacific","/team/2696/10240",19591,"PacWest",2,2010,10240
2751,"Pacific (OR)","/team/2751/16580",25300,"NWC",3,2024,16580
2751,"Pacific (OR)","/team/2751/16340",25300,"NWC",3,2023,16340
2751,"Pacific (OR)","/team/2751/15860",25300,"NWC",3,2022,15860
2751,"Pacific (OR)","/team/2751/15580",25300,"NWC",3,2021,15580
2751,"Pacific (OR)","/team/2751/15204",25300,"NWC",3,2020,15204
2751,"Pacific (OR)","/team/2751/14781",25300,"NWC",3,2019,14781
2751,"Pacific (OR)","/team/2751/12973",25300,"NWC",3,2018,12973
2751,"Pacific (OR)","/team/2751/12560",25300,"NWC",3,2017,12560
2751,"Pacific (OR)","/team/2751/12360",25300,"NWC",3,2016,12360
2751,"Pacific (OR)","/team/2751/12080",25300,"NWC",3,2015,12080
2751,"Pacific (OR)","/team/2751/11620",25300,"NWC",3,2014,11620
2751,"Pacific (OR)","/team/2751/11320",25300,"NWC",3,2013,11320
2751,"Pacific (OR)","/team/2751/10942",25300,"NWC",3,2012,10942
2751,"Pacific (OR)","/team/2751/10561",25300,"NWC",3,2011,10561
2751,"Pacific (OR)","/team/2751/10240",25300,"NWC",3,2010,10240
1297,"Pacific Lutheran","/team/1297/16580",25300,"NWC",3,2024,16580
1297,"Pacific Lutheran","/team/1297/16340",25300,"NWC",3,2023,16340
1297,"Pacific Lutheran","/team/1297/15860",25300,"NWC",3,2022,15860
1297,"Pacific Lutheran","/team/1297/15580",25300,"NWC",3,2021,15580
1297,"Pacific Lutheran","/team/1297/15204",25300,"NWC",3,2020,15204
1297,"Pacific Lutheran","/team/1297/14781",25300,"NWC",3,2019,14781
1297,"Pacific Lutheran","/team/1297/12973",25300,"NWC",3,2018,12973
1297,"Pacific Lutheran","/team/1297/12560",25300,"NWC",3,2017,12560
1297,"Pacific Lutheran","/team/1297/12360",25300,"NWC",3,2016,12360
1297,"Pacific Lutheran","/team/1297/12080",25300,"NWC",3,2015,12080
1297,"Pacific Lutheran","/team/1297/11620",25300,"NWC",3,2014,11620
1297,"Pacific Lutheran","/team/1297/11320",25300,"NWC",3,2013,11320
1297,"Pacific Lutheran","/team/1297/10942",25300,"NWC",3,2012,10942
1297,"Pacific Lutheran","/team/1297/10561",25300,"NWC",3,2011,10561
1297,"Pacific Lutheran","/team/1297/10240",25300,"NWC",3,2010,10240
541,"Pepperdine","/team/541/16580",922,"WCC",1,2024,16580
541,"Pepperdine","/team/541/16340",922,"WCC",1,2023,16340
541,"Pepperdine","/team/541/15860",922,"WCC",1,2022,15860
541,"Pepperdine","/team/541/15580",922,"WCC",1,2021,15580
541,"Pepperdine","/team/541/15204",922,"WCC",1,2020,15204
541,"Pepperdine","/team/541/15204",922,"WCC",1,2019,15204
541,"Pepperdine","/team/541/12973",922,"WCC",1,2018,12973
541,"Pepperdine","/team/541/12560",922,"WCC",1,2017,12560
541,"Pepperdine","/team/541/12360",922,"WCC",1,2016,12360
541,"Pepperdine","/team/541/12080",922,"WCC",1,2015,12080
541,"Pepperdine","/team/541/11620",922,"WCC",1,2014,11620
541,"Pepperdine","/team/541/11320",922,"WCC",1,2013,11320
541,"Pepperdine","/team/541/10942",922,"WCC",1,2012,10942
541,"Pepperdine","/team/541/10561",922,"WCC",1,2011,10561
541,"Pepperdine","/team/541/10240",922,"WCC",1,2010,10240
551,"Portland","/team/551/16580",922,"WCC",1,2024,16580
551,"Portland","/team/551/16340",922,"WCC",1,2023,16340
551,"Portland","/team/551/15860",922,"WCC",1,2022,15860
551,"Portland","/team/551/15580",922,"WCC",1,2021,15580
551,"Portland","/team/551/15204",922,"WCC",1,2020,15204
551,"Portland","/team/551/15204",922,"WCC",1,2019,15204
551,"Portland","/team/551/12973",922,"WCC",1,2018,12973
551,"Portland","/team/551/12560",922,"WCC",1,2017,12560
551,"Portland","/team/551/12360",922,"WCC",1,2016,12360
551,"Portland","/team/551/12080",922,"WCC",1,2015,12080
551,"Portland","/team/551/11620",922,"WCC",1,2014,11620
551,"Portland","/team/551/11320",922,"WCC",1,2013,11320
551,"Portland","/team/551/10942",922,"WCC",1,2012,10942
551,"Portland","/team/551/10561",922,"WCC",1,2011,10561
551,"Portland","/team/551/10240",922,"WCC",1,2010,10240
30200,"Concordia Portland","/team/30200/15204",30012,"Great Northwest",2,2020,15204
30200,"Concordia Portland","/team/30200/14781",30012,"Great Northwest",2,2019,14781
30200,"Concordia Portland","/team/30200/12973",30012,"Great Northwest",2,2018,12973
30200,"Concordia Portland","/team/30200/12560",30012,"Great Northwest",2,2017,12560
30200,"Concordia Portland","/team/30200/12360",30012,"Great Northwest",2,2016,12360
610,"Saint Mary's (CA)","/team/610/16580",922,"WCC",1,2024,16580
610,"Saint Mary's (CA)","/team/610/16340",922,"WCC",1,2023,16340
610,"Saint Mary's (CA)","/team/610/15860",922,"WCC",1,2022,15860
610,"Saint Mary's (CA)","/team/610/15580",922,"WCC",1,2021,15580
610,"Saint Mary's (CA)","/team/610/15204",922,"WCC",1,2020,15204
610,"Saint Mary's (CA)","/team/610/15204",922,"WCC",1,2019,15204
610,"Saint Mary's (CA)","/team/610/12973",922,"WCC",1,2018,12973
610,"Saint Mary's (CA)","/team/610/12560",922,"WCC",1,2017,12560
610,"Saint Mary's (CA)","/team/610/12360",922,"WCC",1,2016,12360
610,"Saint Mary's (CA)","/team/610/12080",922,"WCC",1,2015,12080
610,"Saint Mary's (CA)","/team/610/11620",922,"WCC",1,2014,11620
610,"Saint Mary's (CA)","/team/610/11320",922,"WCC",1,2013,11320
610,"Saint Mary's (CA)","/team/610/10942",922,"WCC",1,2012,10942
610,"Saint Mary's (CA)","/team/610/10561",922,"WCC",1,2011,10561
610,"Saint Mary's (CA)","/team/610/10240",922,"WCC",1,2010,10240
612,"Saint Mary's (MN)","/team/612/16580",882,"MIAC",3,2024,16580
612,"Saint Mary's (MN)","/team/612/16340",882,"MIAC",3,2023,16340
612,"Saint Mary's (MN)","/team/612/15860",882,"MIAC",3,2022,15860
612,"Saint Mary's (MN)","/team/612/15580",882,"MIAC",3,2021,15580
612,"Saint Mary's (MN)","/team/612/15204",882,"MIAC",3,2020,15204
612,"Saint Mary's (MN)","/team/612/14781",882,"MIAC",3,2019,14781
612,"Saint Mary's (MN)","/team/612/12973",882,"MIAC",3,2018,12973
612,"Saint Mary's (MN)","/team/612/12560",882,"MIAC",3,2017,12560
612,"Saint Mary's (MN)","/team/612/12360",882,"MIAC",3,2016,12360
612,"Saint Mary's (MN)","/team/612/12080",882,"MIAC",3,2015,12080
612,"Saint Mary's (MN)","/team/612/11620",882,"MIAC",3,2014,11620
612,"Saint Mary's (MN)","/team/612/11320",882,"MIAC",3,2013,11320
612,"Saint Mary's (MN)","/team/612/10942",882,"MIAC",3,2012,10942
612,"Saint Mary's (MN)","/team/612/10561",882,"MIAC",3,2011,10561
612,"Saint Mary's (MN)","/team/612/10240",882,"MIAC",3,2010,10240
627,"San Diego","/team/627/16580",922,"WCC",1,2024,16580
627,"San Diego","/team/627/16340",922,"WCC",1,2023,16340
627,"San Diego","/team/627/15860",922,"WCC",1,2022,15860
627,"San Diego","/team/627/15580",922,"WCC",1,2021,15580
627,"San Diego","/team/627/15204",922,"WCC",1,2020,15204
627,"San Diego","/team/627/15204",922,"WCC",1,2019,15204
627,"San Diego","/team/627/12973",922,"WCC",1,2018,12973
627,"San Diego","/team/627/12560",922,"WCC",1,2017,12560
627,"San Diego","/team/627/12360",922,"WCC",1,2016,12360
627,"San Diego","/team/627/12080",922,"WCC",1,2015,12080
627,"San Diego","/team/627/11620",922,"WCC",1,2014,11620
627,"San Diego","/team/627/11320",922,"WCC",1,2013,11320
627,"San Diego","/team/627/10942",922,"WCC",1,2012,10942
627,"San Diego","/team/627/10561",922,"WCC",1,2011,10561
627,"San Diego","/team/627/10240",922,"WCC",1,2010,10240
626,"San Diego St.","/team/626/16580",5486,"Mountain West",1,2024,16580
626,"San Diego St.","/team/626/16340",5486,"Mountain West",1,2023,16340
626,"San Diego St.","/team/626/15860",5486,"Mountain West",1,2022,15860
626,"San Diego St.","/team/626/15580",5486,"Mountain West",1,2021,15580
626,"San Diego St.","/team/626/15204",5486,"Mountain West",1,2020,15204
626,"San Diego St.","/team/626/15204",5486,"Mountain West",1,2019,15204
626,"San Diego St.","/team/626/12973",5486,"Mountain West",1,2018,12973
626,"San Diego St.","/team/626/12560",5486,"Mountain West",1,2017,12560
626,"San Diego St.","/team/626/12360",5486,"Mountain West",1,2016,12360
626,"San Diego St.","/team/626/12080",5486,"Mountain West",1,2015,12080
626,"San Diego St.","/team/626/11620",5486,"Mountain West",1,2014,11620
626,"San Diego St.","/team/626/11320",5486,"Mountain West",1,2013,11320
626,"San Diego St.","/team/626/10942",5486,"Mountain West",1,2012,10942
626,"San Diego St.","/team/626/10561",5486,"Mountain West",1,2011,10561
626,"San Diego St.","/team/626/10240",5486,"Mountain West",1,2010,10240
112,"UC San Diego","/team/112/16580",904,"Big West",1,2024,16580
112,"UC San Diego","/team/112/16340",904,"Big West",1,2023,16340
112,"UC San Diego","/team/112/15860",904,"Big West",1,2022,15860
112,"UC San Diego","/team/112/15580",904,"Big West",1,2021,15580
112,"UC San Diego","/team/112/15204",828,"CCAA",2,2020,15204
112,"UC San Diego","/team/112/14781",828,"CCAA",2,2019,14781
112,"UC San Diego","/team/112/12973",828,"CCAA",2,2018,12973
112,"UC San Diego","/team/112/12560",828,"CCAA",2,2017,12560
112,"UC San Diego","/team/112/12360",828,"CCAA",2,2016,12360
112,"UC San Diego","/team/112/12080",828,"CCAA",2,2015,12080
112,"UC San Diego","/team/112/11620",828,"CCAA",2,2014,11620
112,"UC San Diego","/team/112/11320",828,"CCAA",2,2013,11320
112,"UC San Diego","/team/112/10942",828,"CCAA",2,2012,10942
112,"UC San Diego","/team/112/10561",828,"CCAA",2,2011,10561
112,"UC San Diego","/team/112/10240",828,"CCAA",2,2010,10240
629,"San Francisco","/team/629/16580",922,"WCC",1,2024,16580
629,"San Francisco","/team/629/16340",922,"WCC",1,2023,16340
629,"San Francisco","/team/629/15860",922,"WCC",1,2022,15860
629,"San Francisco","/team/629/15580",922,"WCC",1,2021,15580
629,"San Francisco","/team/629/15204",922,"WCC",1,2020,15204
629,"San Francisco","/team/629/15204",922,"WCC",1,2019,15204
629,"San Francisco","/team/629/12973",922,"WCC",1,2018,12973
629,"San Francisco","/team/629/12560",922,"WCC",1,2017,12560
629,"San Francisco","/team/629/12360",922,"WCC",1,2016,12360
629,"San Francisco","/team/629/12080",922,"WCC",1,2015,12080
629,"San Francisco","/team/629/11620",922,"WCC",1,2014,11620
629,"San Francisco","/team/629/11320",922,"WCC",1,2013,11320
629,"San Francisco","/team/629/10942",922,"WCC",1,2012,10942
629,"San Francisco","/team/629/10561",922,"WCC",1,2011,10561
629,"San Francisco","/team/629/10240",922,"WCC",1,2010,10240
631,"Santa Clara","/team/631/16580",922,"WCC",1,2024,16580
631,"Santa Clara","/team/631/16340",922,"WCC",1,2023,16340
631,"Santa Clara","/team/631/15860",922,"WCC",1,2022,15860
631,"Santa Clara","/team/631/15580",922,"WCC",1,2021,15580
631,"Santa Clara","/team/631/15204",922,"WCC",1,2020,15204
631,"Santa Clara","/team/631/15204",922,"WCC",1,2019,15204
631,"Santa Clara","/team/631/12973",922,"WCC",1,2018,12973
631,"Santa Clara","/team/631/12560",922,"WCC",1,2017,12560
631,"Santa Clara","/team/631/12360",922,"WCC",1,2016,12360
631,"Santa Clara","/team/631/12080",922,"WCC",1,2015,12080
631,"Santa Clara","/team/631/11620",922,"WCC",1,2014,11620
631,"Santa Clara","/team/631/11320",922,"WCC",1,2013,11320
631,"Santa Clara","/team/631/10942",922,"WCC",1,2012,10942
631,"Santa Clara","/team/631/10561",922,"WCC",1,2011,10561
631,"Santa Clara","/team/631/10240",922,"WCC",1,2010,10240
620,"St. Thomas (MN)","/team/620/16580",819,"Summit League",1,2024,16580
620,"St. Thomas (MN)","/team/620/16340",819,"Summit League",1,2023,16340
620,"St. Thomas (MN)","/team/620/15860",819,"Summit League",1,2022,15860
1348,"St. Thomas Aquinas","/team/1348/16580",11265,"ECC",2,2024,16580
1348,"St. Thomas Aquinas","/team/1348/16340",11265,"ECC",2,2023,16340
1348,"St. Thomas Aquinas","/team/1348/15860",11265,"ECC",2,2022,15860
1348,"St. Thomas Aquinas","/team/1348/15580",11265,"ECC",2,2021,15580
1348,"St. Thomas Aquinas","/team/1348/15204",11265,"ECC",2,2020,15204
1348,"St. Thomas Aquinas","/team/1348/14781",11265,"ECC",2,2019,14781
1348,"St. Thomas Aquinas","/team/1348/12973",11265,"ECC",2,2018,12973
1348,"St. Thomas Aquinas","/team/1348/12560",11265,"ECC",2,2017,12560
1348,"St. Thomas Aquinas","/team/1348/12360",11265,"ECC",2,2016,12360
1348,"St. Thomas Aquinas","/team/1348/12080",11265,"ECC",2,2015,12080
1348,"St. Thomas Aquinas","/team/1348/11620",11265,"ECC",2,2014,11620
1348,"St. Thomas Aquinas","/team/1348/11320",11265,"ECC",2,2013,11320
1348,"St. Thomas Aquinas","/team/1348/10942",11265,"ECC",2,2012,10942
1348,"St. Thomas Aquinas","/team/1348/10561",11265,"ECC",2,2011,10561
1348,"St. Thomas Aquinas","/team/1348/10240",11265,"ECC",2,2010,10240
620,"St. Thomas (MN)","/team/620/15580",882,"MIAC",3,2021,15580
620,"St. Thomas (MN)","/team/620/15204",882,"MIAC",3,2020,15204
620,"St. Thomas (MN)","/team/620/14781",882,"MIAC",3,2019,14781
620,"St. Thomas (MN)","/team/620/12973",882,"MIAC",3,2018,12973
620,"St. Thomas (MN)","/team/620/12560",882,"MIAC",3,2017,12560
620,"St. Thomas (MN)","/team/620/12360",882,"MIAC",3,2016,12360
620,"St. Thomas (MN)","/team/620/12080",882,"MIAC",3,2015,12080
620,"St. Thomas (MN)","/team/620/11620",882,"MIAC",3,2014,11620
620,"St. Thomas (MN)","/team/620/11320",882,"MIAC",3,2013,11320
620,"St. Thomas (MN)","/team/620/10942",882,"MIAC",3,2012,10942
620,"St. Thomas (MN)","/team/620/10561",882,"MIAC",3,2011,10561
620,"St. Thomas (MN)","/team/620/10240",882,"MIAC",3,2010,10240
2810,"St. Thomas (TX)","/team/2810/16580",835,"SCAC",3,2024,16580
2810,"St. Thomas (TX)","/team/2810/16340",835,"SCAC",3,2023,16340
2810,"St. Thomas (TX)","/team/2810/15860",835,"SCAC",3,2022,15860
2810,"St. Thomas (TX)","/team/2810/15580",835,"SCAC",3,2021,15580
11504,"Queens (NC)","/team/11504/16580",920,"ASUN",1,2024,16580
11504,"Queens (NC)","/team/11504/16340",920,"ASUN",1,2023,16340
11504,"Queens (NC)","/team/11504/15860",12850,"SAC",2,2022,15860
11504,"Queens (NC)","/team/11504/15580",12850,"SAC",2,2021,15580
11504,"Queens (NC)","/team/11504/15204",12850,"SAC",2,2020,15204
11504,"Queens (NC)","/team/11504/14781",12850,"SAC",2,2019,14781
560,"Queens (NY)","/team/560/16580",11265,"ECC",2,2024,16580
560,"Queens (NY)","/team/560/16340",11265,"ECC",2,2023,16340
560,"Queens (NY)","/team/560/15860",11265,"ECC",2,2022,15860
560,"Queens (NY)","/team/560/15580",11265,"ECC",2,2021,15580
560,"Queens (NY)","/team/560/15204",11265,"ECC",2,2020,15204
560,"Queens (NY)","/team/560/14781",11265,"ECC",2,2019,14781
560,"Queens (NY)","/team/560/12973",11265,"ECC",2,2018,12973
560,"Queens (NY)","/team/560/12560",11265,"ECC",2,2017,12560
560,"Queens (NY)","/team/560/12360",11265,"ECC",2,2016,12360
560,"Queens (NY)","/team/560/12080",11265,"ECC",2,2015,12080
560,"Queens (NY)","/team/560/11620",11265,"ECC",2,2014,11620
560,"Queens (NY)","/team/560/11320",11265,"ECC",2,2013,11320
560,"Queens (NY)","/team/560/10942",11265,"ECC",2,2012,10942
560,"Queens (NY)","/team/560/10561",11265,"ECC",2,2011,10561
560,"Queens (NY)","/team/560/10240",11265,"ECC",2,2010,10240
682,"Stonehill","/team/682/16580",846,"NEC",1,2024,16580
682,"Stonehill","/team/682/16340",846,"NEC",1,2023,16340
682,"Stonehill","/team/682/15860",899,"NE10",2,2022,15860
682,"Stonehill","/team/682/15580",899,"NE10",2,2021,15580
682,"Stonehill","/team/682/15204",899,"NE10",2,2020,15204
682,"Stonehill","/team/682/14781",899,"NE10",2,2019,14781
682,"Stonehill","/team/682/12973",899,"NE10",2,2018,12973
682,"Stonehill","/team/682/12560",899,"NE10",2,2017,12560
682,"Stonehill","/team/682/12360",899,"NE10",2,2016,12360
682,"Stonehill","/team/682/12080",899,"NE10",2,2015,12080
682,"Stonehill","/team/682/11620",899,"NE10",2,2014,11620
682,"Stonehill","/team/682/11320",899,"NE10",2,2013,11320
682,"Stonehill","/team/682/10942",899,"NE10",2,2012,10942
682,"Stonehill","/team/682/10561",899,"NE10",2,2011,10561
682,"Stonehill","/team/682/10240",899,"NE10",2,2010,10240
30136,"Lindenwood","/team/30136/16580",902,"OVC",1,2024,16580
30136,"Lindenwood","/team/30136/16340",902,"OVC",1,2023,16340
30136,"Lindenwood","/team/30136/15860",855,"GLVC",2,2022,15860
30136,"Lindenwood","/team/30136/15580",855,"GLVC",2,2021,15580
30136,"Lindenwood","/team/30136/15204",855,"GLVC",2,2020,15204
30136,"Lindenwood","/team/30136/14781",883,"Mid-America Intercollegiate",2,2019,14781
30136,"Lindenwood","/team/30136/12973",883,"Mid-America Intercollegiate",2,2018,12973
30136,"Lindenwood","/team/30136/12560",883,"Mid-America Intercollegiate",2,2017,12560
30136,"Lindenwood","/team/30136/12360",883,"Mid-America Intercollegiate",2,2016,12360
30136,"Lindenwood","/team/30136/12080",883,"Mid-America Intercollegiate",2,2015,12080
30136,"Lindenwood","/team/30136/11620",883,"Mid-America Intercollegiate",2,2014,11620
30136,"Lindenwood","/team/30136/11320",883,"Mid-America Intercollegiate",2,2013,11320
661,"Southern Ind.","/team/661/16580",902,"OVC",1,2024,16580
661,"Southern Ind.","/team/661/16340",902,"OVC",1,2023,16340
661,"Southern Ind.","/team/661/15860",855,"GLVC",2,2022,15860
661,"Southern Ind.","/team/661/15580",855,"GLVC",2,2021,15580
661,"Southern Ind.","/team/661/15204",855,"GLVC",2,2020,15204
661,"Southern Ind.","/team/661/14781",855,"GLVC",2,2019,14781
661,"Southern Ind.","/team/661/12973",855,"GLVC",2,2018,12973
661,"Southern Ind.","/team/661/12560",855,"GLVC",2,2017,12560
661,"Southern Ind.","/team/661/12360",855,"GLVC",2,2016,12360
661,"Southern Ind.","/team/661/12080",855,"GLVC",2,2015,12080
661,"Southern Ind.","/team/661/11620",855,"GLVC",2,2014,11620
661,"Southern Ind.","/team/661/11320",855,"GLVC",2,2013,11320
661,"Southern Ind.","/team/661/10942",855,"GLVC",2,2012,10942
661,"Southern Ind.","/team/661/10561",855,"GLVC",2,2011,10561
661,"Southern Ind.","/team/661/10240",855,"GLVC",2,2010,10240
349,"Le Moyne","/team/349/16580",846,"NEC",1,2024,16580
349,"Le Moyne","/team/349/16340",899,"NE10",2,2023,16340
349,"Le Moyne","/team/349/15860",899,"NE10",2,2022,15860
349,"Le Moyne","/team/349/15580",899,"NE10",2,2021,15580
349,"Le Moyne","/team/349/15204",899,"NE10",2,2020,15204
349,"Le Moyne","/team/349/14781",899,"NE10",2,2019,14781
349,"Le Moyne","/team/349/12973",899,"NE10",2,2018,12973
349,"Le Moyne","/team/349/12560",899,"NE10",2,2017,12560
349,"Le Moyne","/team/349/12360",899,"NE10",2,2016,12360
349,"Le Moyne","/team/349/12080",899,"NE10",2,2015,12080
349,"Le Moyne","/team/349/11620",899,"NE10",2,2014,11620
349,"Le Moyne","/team/349/11320",899,"NE10",2,2013,11320
349,"Le Moyne","/team/349/10942",899,"NE10",2,2012,10942
766,"West Ga.","/team/766/16580",858,"Gulf South",2,2024,16580
766,"West Ga.","/team/766/16340",858,"Gulf South",2,2023,16340
766,"West Ga.","/team/766/15860",858,"Gulf South",2,2022,15860
766,"West Ga.","/team/766/15580",858,"Gulf South",2,2021,15580
766,"West Ga.","/team/766/15204",858,"Gulf South",2,2020,15204
766,"West Ga.","/team/766/14781",858,"Gulf South",2,2019,14781
766,"West Ga.","/team/766/12973",858,"Gulf South",2,2018,12973
766,"West Ga.","/team/766/12560",858,"Gulf South",2,2017,12560
766,"West Ga.","/team/766/12360",858,"Gulf South",2,2016,12360
766,"West Ga.","/team/766/12080",858,"Gulf South",2,2015,12080
766,"West Ga.","/team/766/11620",858,"Gulf South",2,2014,11620
766,"West Ga.","/team/766/11320",858,"Gulf South",2,2013,11320
766,"West Ga.","/team/766/10942",858,"Gulf South",2,2012,10942
766,"West Ga.","/team/766/10561",858,"Gulf South",2,2011,10561
766,"West Ga.","/team/766/10240",858,"Gulf South",2,2010,10240
408,"Mercyhurst","/team/408/16580",906,"PSAC",2,2024,16580
408,"Mercyhurst","/team/408/16340",906,"PSAC",2,2023,16340
408,"Mercyhurst","/team/408/15860",906,"PSAC",2,2022,15860
408,"Mercyhurst","/team/408/15580",906,"PSAC",2,2021,15580
408,"Mercyhurst","/team/408/15204",906,"PSAC",2,2020,15204
408,"Mercyhurst","/team/408/14781",906,"PSAC",2,2019,14781
408,"Mercyhurst","/team/408/12973",906,"PSAC",2,2018,12973
408,"Mercyhurst","/team/408/12560",906,"PSAC",2,2017,12560
408,"Mercyhurst","/team/408/12360",906,"PSAC",2,2016,12360
408,"Mercyhurst","/team/408/12080",906,"PSAC",2,2015,12080
408,"Mercyhurst","/team/408/11620",906,"PSAC",2,2014,11620
408,"Mercyhurst","/team/408/11320",906,"PSAC",2,2013,11320
408,"Mercyhurst","/team/408/10942",906,"PSAC",2,2012,10942
408,"Mercyhurst","/team/408/10561",906,"PSAC",2,2011,10561
408,"Mercyhurst","/team/408/10240",906,"PSAC",2,2010,10240
222,"FDU",NA,846,"NEC",1,2021,15580
222,"FDU",NA,846,"NEC",1,2022,15860
222,"FDU",NA,846,"NEC",1,2023,16340
