"team_name","conference_id","team_url","division","year","team_id","conference","season_id"
"Boston College","821","/teams/508974",1,2021,67,"ACC",15580
"Clemson","821","/teams/509003",1,2021,147,"ACC",15580
"Duke","821","/teams/509015",1,2021,193,"ACC",15580
"Florida St.","821","/teams/509027",1,2021,234,"ACC",15580
"Florida St.","821","/teams/509027",1,2021,234,"ACC",15580
"Georgia Tech","821","/teams/509036",1,2021,255,"ACC",15580
"Georgia Tech","821","/teams/509036",1,2021,255,"ACC",15580
"Louisville","821","/teams/509072",1,2021,367,"ACC",15580
"Miami (FL)","821","/teams/509087",1,2021,415,"ACC",15580
"NC State","821","/teams/509118",1,2021,490,"ACC",15580
"North Carolina","821","/teams/509101",1,2021,457,"ACC",15580
"Notre Dame","821","/teams/509127",1,2021,513,"ACC",15580
"Pittsburgh","821","/teams/509142",1,2021,545,"ACC",15580
"Virginia","821","/teams/508912",1,2021,746,"ACC",15580
"Virginia Tech","821","/teams/508911",1,2021,742,"ACC",15580
"Virginia Tech","821","/teams/508911",1,2021,742,"ACC",15580
"Wake Forest","821","/teams/508914",1,2021,749,"ACC",15580
"Bellarmine","920","/teams/509202",1,2021,52,"ASUN",15580
"FGCU","920","/teams/508950",1,2021,28755,"ASUN",15580
"Jacksonville","920","/teams/509057",1,2021,316,"ASUN",15580
"Kennesaw St.","920","/teams/508938",1,2021,1157,"ASUN",15580
"Liberty","920","/teams/509067",1,2021,355,"ASUN",15580
"Lipscomb","920","/teams/508949",1,2021,28600,"ASUN",15580
"North Ala.","920","/teams/508952",1,2021,487,"ASUN",15580
"North Florida","920","/teams/508942",1,2021,2711,"ASUN",15580
"North Florida","920","/teams/508942",1,2021,2711,"ASUN",15580
"Stetson","920","/teams/509186",1,2021,678,"ASUN",15580
"Binghamton","845","/teams/508973",1,2021,62,"America East",15580
"Hartford","845","/teams/509040",1,2021,272,"America East",15580
"Maine","845","/teams/509075",1,2021,380,"America East",15580
"NJIT","845","/teams/509109",1,2021,471,"America East",15580
"Stony Brook","845","/teams/509187",1,2021,683,"America East",15580
"UAlbany","845","/teams/508959",1,2021,14,"America East",15580
"UMBC","845","/teams/509079",1,2021,391,"America East",15580
"UMass Lowell","845","/teams/509073",1,2021,368,"America East",15580
"Davidson","820","/teams/509011",1,2021,173,"Atlantic 10",15580
"Dayton","820","/teams/509012",1,2021,175,"Atlantic 10",15580
"Fordham","820","/teams/509029",1,2021,236,"Atlantic 10",15580
"George Mason","820","/teams/509031",1,2021,248,"Atlantic 10",15580
"George Washington","820","/teams/509032",1,2021,249,"Atlantic 10",15580
"George Washington","820","/teams/509032",1,2021,249,"Atlantic 10",15580
"La Salle","820","/teams/509063",1,2021,340,"Atlantic 10",15580
"Massachusetts","820","/teams/509082",1,2021,400,"Atlantic 10",15580
"Rhode Island","820","/teams/509149",1,2021,572,"Atlantic 10",15580
"Richmond","820","/teams/509151",1,2021,575,"Atlantic 10",15580
"Saint Joseph's","820","/teams/509157",1,2021,606,"Atlantic 10",15580
"Saint Louis","820","/teams/509158",1,2021,609,"Atlantic 10",15580
"St. Bonaventure","820","/teams/509155",1,2021,596,"Atlantic 10",15580
"VCU","820","/teams/508909",1,2021,740,"Atlantic 10",15580
"Baylor","25354","/teams/508971",1,2021,51,"Big 12",15580
"Kansas","25354","/teams/509060",1,2021,328,"Big 12",15580
"Kansas St.","25354","/teams/509059",1,2021,327,"Big 12",15580
"Kansas St.","25354","/teams/509059",1,2021,327,"Big 12",15580
"Oklahoma","25354","/teams/509132",1,2021,522,"Big 12",15580
"Oklahoma St.","25354","/teams/509131",1,2021,521,"Big 12",15580
"Oklahoma St.","25354","/teams/509131",1,2021,521,"Big 12",15580
"TCU","25354","/teams/508892",1,2021,698,"Big 12",15580
"Texas","25354","/teams/508896",1,2021,703,"Big 12",15580
"Texas Tech","25354","/teams/508894",1,2021,700,"Big 12",15580
"Texas Tech","25354","/teams/508894",1,2021,700,"Big 12",15580
"West Virginia","25354","/teams/508917",1,2021,768,"Big 12",15580
"West Virginia","25354","/teams/508917",1,2021,768,"Big 12",15580
"Butler","30184","/teams/508981",1,2021,87,"Big East",15580
"Creighton","30184","/teams/509009",1,2021,169,"Big East",15580
"Georgetown","30184","/teams/509033",1,2021,251,"Big East",15580
"Seton Hall","30184","/teams/509168",1,2021,635,"Big East",15580
"St. John's (NY)","30184","/teams/509156",1,2021,603,"Big East",15580
"UConn","30184","/teams/509006",1,2021,164,"Big East",15580
"Villanova","30184","/teams/508908",1,2021,739,"Big East",15580
"Xavier","30184","/teams/508927",1,2021,812,"Big East",15580
"Campbell","826","/teams/508995",1,2021,115,"Big South",15580
"Charleston So.","826","/teams/508970",1,2021,48,"Big South",15580
"Gardner-Webb","826","/teams/508936",1,2021,1092,"Big South",15580
"High Point","826","/teams/508947",1,2021,19651,"Big South",15580
"Longwood","826","/teams/509069",1,2021,363,"Big South",15580
"Presbyterian","826","/teams/508939",1,2021,1320,"Big South",15580
"Radford","826","/teams/509148",1,2021,563,"Big South",15580
"UNC Asheville","826","/teams/509100",1,2021,456,"Big South",15580
"USC Upstate","826","/teams/508945",1,2021,10411,"Big South",15580
"Winthrop","826","/teams/508924",1,2021,792,"Big South",15580
"Illinois","827","/teams/509048",1,2021,301,"Big Ten",15580
"Indiana","827","/teams/509051",1,2021,306,"Big Ten",15580
"Iowa","827","/teams/509054",1,2021,312,"Big Ten",15580
"Maryland","827","/teams/509080",1,2021,392,"Big Ten",15580
"Michigan","827","/teams/509089",1,2021,418,"Big Ten",15580
"Michigan St.","827","/teams/509088",1,2021,416,"Big Ten",15580
"Michigan St.","827","/teams/509088",1,2021,416,"Big Ten",15580
"Minnesota","827","/teams/509091",1,2021,428,"Big Ten",15580
"Nebraska","827","/teams/509105",1,2021,463,"Big Ten",15580
"Northwestern","827","/teams/509126",1,2021,509,"Big Ten",15580
"Ohio St.","827","/teams/509129",1,2021,518,"Big Ten",15580
"Ohio St.","827","/teams/509129",1,2021,518,"Big Ten",15580
"Penn St.","827","/teams/509139",1,2021,539,"Big Ten",15580
"Penn St.","827","/teams/509139",1,2021,539,"Big Ten",15580
"Purdue","827","/teams/509146",1,2021,559,"Big Ten",15580
"Rutgers","827","/teams/509153",1,2021,587,"Big Ten",15580
"CSU Bakersfield","904","/teams/508983",1,2021,94,"Big West",15580
"CSUN","904","/teams/508987",1,2021,101,"Big West",15580
"Cal Poly","904","/teams/508982",1,2021,90,"Big West",15580
"Cal St. Fullerton","904","/teams/508985",1,2021,97,"Big West",15580
"Hawaii","904","/teams/509042",1,2021,277,"Big West",15580
"Long Beach St.","904","/teams/508986",1,2021,99,"Big West",15580
"UC Davis","904","/teams/508991",1,2021,108,"Big West",15580
"UC Irvine","904","/teams/508992",1,2021,109,"Big West",15580
"UC Riverside","904","/teams/508994",1,2021,111,"Big West",15580
"UC San Diego","904","/teams/509216",1,2021,112,"Big West",15580
"UC San Diego","904","/teams/509216",1,2021,112,"Big West",15580
"UC Santa Barbara","904","/teams/508989",1,2021,104,"Big West",15580
"Col. of Charleston","837","/teams/508933",1,2021,1014,"CAA",15580
"Delaware","837","/teams/509014",1,2021,180,"CAA",15580
"Elon","837","/teams/508935",1,2021,1068,"CAA",15580
"Hofstra","837","/teams/509043",1,2021,283,"CAA",15580
"James Madison","837","/teams/509058",1,2021,317,"CAA",15580
"Northeastern","837","/teams/509121",1,2021,500,"CAA",15580
"Towson","837","/teams/508899",1,2021,711,"CAA",15580
"UNCW","837","/teams/509104",1,2021,460,"CAA",15580
"William & Mary","837","/teams/508923",1,2021,786,"CAA",15580
"Charlotte","24312","/teams/509102",1,2021,458,"C-USA",15580
"FIU","24312","/teams/509026",1,2021,231,"C-USA",15580
"Fla. Atlantic","24312","/teams/509025",1,2021,229,"C-USA",15580
"Louisiana Tech","24312","/teams/509071",1,2021,366,"C-USA",15580
"Louisiana Tech","24312","/teams/509071",1,2021,366,"C-USA",15580
"Marshall","24312","/teams/509078",1,2021,388,"C-USA",15580
"Middle Tenn.","24312","/teams/509090",1,2021,419,"C-USA",15580
"Old Dominion","24312","/teams/509133",1,2021,523,"C-USA",15580
"Rice","24312","/teams/509150",1,2021,574,"C-USA",15580
"Southern Miss.","24312","/teams/509179",1,2021,664,"C-USA",15580
"UAB","24312","/teams/508958",1,2021,9,"C-USA",15580
"UTSA","24312","/teams/508897",1,2021,706,"C-USA",15580
"Western Ky.","24312","/teams/508920",1,2021,772,"C-USA",15580
"Milwaukee","881","/teams/508925",1,2021,797,"Horizon",15580
"Northern Ky.","881","/teams/509124",1,2021,505,"Horizon",15580
"Oakland","881","/teams/509128",1,2021,514,"Horizon",15580
"Purdue Fort Wayne","881","/teams/509052",1,2021,308,"Horizon",15580
"Purdue Fort Wayne","881","/teams/509052",1,2021,308,"Horizon",15580
"UIC","881","/teams/509049",1,2021,302,"Horizon",15580
"Wright St.","881","/teams/508926",1,2021,810,"Horizon",15580
"Youngstown St.","881","/teams/508929",1,2021,817,"Horizon",15580
"Brown","865","/teams/508978",1,2021,80,"Ivy League",15580
"Columbia","865","/teams/509005",1,2021,158,"Ivy League",15580
"Cornell","865","/teams/509008",1,2021,167,"Ivy League",15580
"Dartmouth","865","/teams/509010",1,2021,172,"Ivy League",15580
"Harvard","865","/teams/509041",1,2021,275,"Ivy League",15580
"Penn","865","/teams/509140",1,2021,540,"Ivy League",15580
"Princeton","865","/teams/509145",1,2021,554,"Ivy League",15580
"Yale","865","/teams/508928",1,2021,813,"Ivy League",15580
"Canisius","871","/teams/508996",1,2021,116,"MAAC",15580
"Fairfield","871","/teams/509022",1,2021,220,"MAAC",15580
"Iona","871","/teams/509053",1,2021,310,"MAAC",15580
"Manhattan","871","/teams/509076",1,2021,381,"MAAC",15580
"Marist","871","/teams/509077",1,2021,386,"MAAC",15580
"Monmouth","871","/teams/509096",1,2021,439,"MAAC",15580
"Niagara","871","/teams/509113",1,2021,482,"MAAC",15580
"Quinnipiac","871","/teams/509147",1,2021,562,"MAAC",15580
"Rider","871","/teams/509152",1,2021,576,"MAAC",15580
"Saint Peter's","871","/teams/509160",1,2021,617,"MAAC",15580
"Siena","871","/teams/509169",1,2021,639,"MAAC",15580
"Akron","875","/teams/508890",1,2021,5,"MAC",15580
"Ball St.","875","/teams/508969",1,2021,47,"MAC",15580
"Bowling Green","875","/teams/508975",1,2021,71,"MAC",15580
"Central Mich.","875","/teams/508999",1,2021,129,"MAC",15580
"Eastern Mich.","875","/teams/509020",1,2021,204,"MAC",15580
"Kent St.","875","/teams/509061",1,2021,331,"MAC",15580
"Miami (OH)","875","/teams/509086",1,2021,414,"MAC",15580
"NIU","875","/teams/509123",1,2021,503,"MAC",15580
"Ohio","875","/teams/509130",1,2021,519,"MAC",15580
"Toledo","875","/teams/508898",1,2021,709,"MAC",15580
"Western Mich.","875","/teams/508921",1,2021,774,"MAC",15580
"Bethune-Cookman","876","/teams/508972",1,2021,61,"MEAC",15580
"Coppin St.","876","/teams/509007",1,2021,165,"MEAC",15580
"Delaware St.","876","/teams/509013",1,2021,178,"MEAC",15580
"Delaware St.","876","/teams/509013",1,2021,178,"MEAC",15580
"Florida A&M","876","/teams/509024",1,2021,228,"MEAC",15580
"Florida A&M","876","/teams/509024",1,2021,228,"MEAC",15580
"N.C. A&T","876","/teams/509116",1,2021,488,"MEAC",15580
"N.C. Central","876","/teams/509117",1,2021,489,"MEAC",15580
"Norfolk St.","876","/teams/509115",1,2021,485,"MEAC",15580
"UMES","876","/teams/509081",1,2021,393,"MEAC",15580
"Bradley","884","/teams/508976",1,2021,72,"MVC",15580
"DBU","884","/teams/508934",1,2021,1045,"MVC",15580
"Evansville","884","/teams/509021",1,2021,219,"MVC",15580
"Illinois St.","884","/teams/509047",1,2021,299,"MVC",15580
"Illinois St.","884","/teams/509047",1,2021,299,"MVC",15580
"Indiana St.","884","/teams/509050",1,2021,305,"MVC",15580
"Indiana St.","884","/teams/509050",1,2021,305,"MVC",15580
"Missouri St.","884","/teams/509181",1,2021,669,"MVC",15580
"Missouri St.","884","/teams/509181",1,2021,669,"MVC",15580
"Southern Ill.","884","/teams/509177",1,2021,659,"MVC",15580
"Valparaiso","884","/teams/508906",1,2021,735,"MVC",15580
"Air Force","5486","/teams/508902",1,2021,721,"Mountain West",15580
"Fresno St.","5486","/teams/508984",1,2021,96,"Mountain West",15580
"Nevada","5486","/teams/509108",1,2021,466,"Mountain West",15580
"New Mexico","5486","/teams/509111",1,2021,473,"Mountain West",15580
"San Diego St.","5486","/teams/509163",1,2021,626,"Mountain West",15580
"San Diego St.","5486","/teams/509163",1,2021,626,"Mountain West",15580
"San Jose St.","5486","/teams/509166",1,2021,630,"Mountain West",15580
"UNLV","5486","/teams/509107",1,2021,465,"Mountain West",15580
"Bryant","846","/teams/508979",1,2021,81,"NEC",15580
"Central Conn. St.","846","/teams/508997",1,2021,127,"NEC",15580
"FDU","846","/teams/509023",1,2021,222,"NEC",15580
"LIU","846","/teams/509068",1,2021,361,"NEC",15580
"Merrimack","846","/teams/508931",1,2021,410,"NEC",15580
"Mount St. Mary's","846","/teams/509098",1,2021,450,"NEC",15580
"Sacred Heart","846","/teams/509154",1,2021,590,"NEC",15580
"Wagner","846","/teams/508913",1,2021,748,"NEC",15580
"Austin Peay","902","/teams/508968",1,2021,43,"OVC",15580
"Belmont","902","/teams/508946",1,2021,14927,"OVC",15580
"Eastern Ill.","902","/teams/509018",1,2021,201,"OVC",15580
"Eastern Ky.","902","/teams/509019",1,2021,202,"OVC",15580
"Jacksonville St.","902","/teams/509056",1,2021,315,"OVC",15580
"Jacksonville St.","902","/teams/509056",1,2021,315,"OVC",15580
"Morehead St.","902","/teams/509097",1,2021,444,"OVC",15580
"Murray St.","902","/teams/509099",1,2021,454,"OVC",15580
"SIUE","902","/teams/509178",1,2021,660,"OVC",15580
"Southeast Mo. St.","902","/teams/509174",1,2021,654,"OVC",15580
"Tennessee Tech","902","/teams/509188",1,2021,692,"OVC",15580
"Tennessee Tech","902","/teams/509188",1,2021,692,"OVC",15580
"UT Martin","902","/teams/509190",1,2021,695,"OVC",15580
"Arizona","905","/teams/508963",1,2021,29,"Pac-12",15580
"Arizona St.","905","/teams/508962",1,2021,28,"Pac-12",15580
"Arizona St.","905","/teams/508962",1,2021,28,"Pac-12",15580
"California","905","/teams/508990",1,2021,107,"Pac-12",15580
"Oregon","905","/teams/509136",1,2021,529,"Pac-12",15580
"Oregon St.","905","/teams/509135",1,2021,528,"Pac-12",15580
"Oregon St.","905","/teams/509135",1,2021,528,"Pac-12",15580
"Southern California","905","/teams/509176",1,2021,657,"Pac-12",15580
"Southern California","905","/teams/509176",1,2021,657,"Pac-12",15580
"Stanford","905","/teams/509184",1,2021,674,"Pac-12",15580
"UCLA","905","/teams/508993",1,2021,110,"Pac-12",15580
"Utah","905","/teams/508905",1,2021,732,"Pac-12",15580
"Washington","905","/teams/508916",1,2021,756,"Pac-12",15580
"Washington St.","905","/teams/508915",1,2021,754,"Pac-12",15580
"Washington St.","905","/teams/508915",1,2021,754,"Pac-12",15580
"Army West Point","838","/teams/508903",1,2021,725,"Patriot",15580
"Bucknell","838","/teams/508980",1,2021,83,"Patriot",15580
"Holy Cross","838","/teams/509044",1,2021,285,"Patriot",15580
"Lafayette","838","/teams/509064",1,2021,342,"Patriot",15580
"Lehigh","838","/teams/509066",1,2021,352,"Patriot",15580
"Navy","838","/teams/508904",1,2021,726,"Patriot",15580
"Alabama","911","/teams/508957",1,2021,8,"SEC",15580
"Arkansas","911","/teams/508965",1,2021,31,"SEC",15580
"Auburn","911","/teams/508967",1,2021,37,"SEC",15580
"Florida","911","/teams/509028",1,2021,235,"SEC",15580
"Georgia","911","/teams/509037",1,2021,257,"SEC",15580
"Kentucky","911","/teams/509062",1,2021,334,"SEC",15580
"LSU","911","/teams/509070",1,2021,365,"SEC",15580
"Mississippi St.","911","/teams/509092",1,2021,430,"SEC",15580
"Missouri","911","/teams/509095",1,2021,434,"SEC",15580
"Ole Miss","911","/teams/509094",1,2021,433,"SEC",15580
"South Carolina","911","/teams/509171",1,2021,648,"SEC",15580
"Tennessee","911","/teams/509189",1,2021,694,"SEC",15580
"Texas A&M","911","/teams/508891",1,2021,697,"SEC",15580
"Texas A&M","911","/teams/508891",1,2021,697,"SEC",15580
"Vanderbilt","911","/teams/508907",1,2021,736,"SEC",15580
"Alabama A&M","916","/teams/508955",1,2021,6,"SWAC",15580
"Alabama A&M","916","/teams/508955",1,2021,6,"SWAC",15580
"Alabama St.","916","/teams/508956",1,2021,7,"SWAC",15580
"Alabama St.","916","/teams/508956",1,2021,7,"SWAC",15580
"Alcorn","916","/teams/508960",1,2021,17,"SWAC",15580
"Ark.-Pine Bluff","916","/teams/508941",1,2021,2678,"SWAC",15580
"Grambling","916","/teams/509039",1,2021,261,"SWAC",15580
"Jackson St.","916","/teams/509055",1,2021,314,"SWAC",15580
"Mississippi Val.","916","/teams/509093",1,2021,432,"SWAC",15580
"Prairie View","916","/teams/509144",1,2021,553,"SWAC",15580
"Southern U.","916","/teams/509180",1,2021,665,"SWAC",15580
"Texas Southern","916","/teams/508893",1,2021,699,"SWAC",15580
"Texas Southern","916","/teams/508893",1,2021,699,"SWAC",15580
"ETSU","912","/teams/509017",1,2021,198,"SoCon",15580
"Mercer","912","/teams/509085",1,2021,406,"SoCon",15580
"Samford","912","/teams/509162",1,2021,625,"SoCon",15580
"The Citadel","912","/teams/509002",1,2021,141,"SoCon",15580
"UNC Greensboro","912","/teams/509103",1,2021,459,"SoCon",15580
"VMI","912","/teams/508910",1,2021,741,"SoCon",15580
"Western Caro.","912","/teams/508918",1,2021,769,"SoCon",15580
"Wofford","912","/teams/508944",1,2021,2915,"SoCon",15580
"A&M-Corpus Christi","914","/teams/508948",1,2021,26172,"Southland",15580
"Abilene Christian","914","/teams/508954",1,2021,2,"Southland",15580
"Central Ark.","914","/teams/508930",1,2021,1004,"Southland",15580
"Houston Christian","914","/teams/509045",1,2021,287,"Southland",15580
"Houston Christian","914","/teams/509045",1,2021,287,"Southland",15580
"Lamar University","914","/teams/509065",1,2021,346,"Southland",15580
"McNeese","914","/teams/509083",1,2021,402,"Southland",15580
"New Orleans","914","/teams/509112",1,2021,474,"Southland",15580
"Nicholls","914","/teams/509114",1,2021,483,"Southland",15580
"Northwestern St.","914","/teams/509125",1,2021,508,"Southland",15580
"Northwestern St.","914","/teams/509125",1,2021,508,"Southland",15580
"SFA","914","/teams/509185",1,2021,676,"Southland",15580
"Sam Houston","914","/teams/509161",1,2021,624,"Southland",15580
"Sam Houston","914","/teams/509161",1,2021,624,"Southland",15580
"Southeastern La.","914","/teams/509175",1,2021,655,"Southland",15580
"UIW","914","/teams/508943",1,2021,2743,"Southland",15580
"North Dakota St.","819","/teams/509119",1,2021,493,"Summit League",15580
"Omaha","819","/teams/509106",1,2021,464,"Summit League",15580
"Oral Roberts","819","/teams/509134",1,2021,527,"Summit League",15580
"South Dakota St.","819","/teams/509172",1,2021,649,"Summit League",15580
"Western Ill.","819","/teams/508919",1,2021,771,"Summit League",15580
"App State","818","/teams/508961",1,2021,27,"Sun Belt",15580
"Arkansas St.","818","/teams/508964",1,2021,30,"Sun Belt",15580
"Arkansas St.","818","/teams/508964",1,2021,30,"Sun Belt",15580
"Coastal Carolina","818","/teams/509004",1,2021,149,"Sun Belt",15580
"Ga. Southern","818","/teams/509034",1,2021,253,"Sun Belt",15580
"Georgia St.","818","/teams/509035",1,2021,254,"Sun Belt",15580
"Georgia St.","818","/teams/509035",1,2021,254,"Sun Belt",15580
"Little Rock","818","/teams/508966",1,2021,32,"Sun Belt",15580
"Louisiana","818","/teams/509183",1,2021,671,"Sun Belt",15580
"South Alabama","818","/teams/509170",1,2021,646,"Sun Belt",15580
"South Alabama","818","/teams/509170",1,2021,646,"Sun Belt",15580
"Texas St.","818","/teams/509182",1,2021,670,"Sun Belt",15580
"Texas St.","818","/teams/509182",1,2021,670,"Sun Belt",15580
"Troy","818","/teams/508900",1,2021,716,"Sun Belt",15580
"ULM","818","/teams/509120",1,2021,498,"Sun Belt",15580
"UT Arlington","818","/teams/508895",1,2021,702,"Sun Belt",15580
"Cincinnati","823","/teams/509001",1,2021,140,"AAC",15580
"East Carolina","823","/teams/509016",1,2021,196,"AAC",15580
"Houston","823","/teams/509046",1,2021,288,"AAC",15580
"Memphis","823","/teams/509084",1,2021,404,"AAC",15580
"South Fla.","823","/teams/509173",1,2021,651,"AAC",15580
"Tulane","823","/teams/508901",1,2021,718,"AAC",15580
"UCF","823","/teams/508998",1,2021,128,"AAC",15580
"Wichita St.","823","/teams/508922",1,2021,782,"AAC",15580
"California Baptist","923","/teams/508953",1,2021,30135,"WAC",15580
"California Baptist","923","/teams/508953",1,2021,30135,"WAC",15580
"Grand Canyon","923","/teams/508937",1,2021,1104,"WAC",15580
"New Mexico St.","923","/teams/509110",1,2021,472,"WAC",15580
"New Mexico St.","923","/teams/509110",1,2021,472,"WAC",15580
"Northern Colo.","923","/teams/509122",1,2021,502,"WAC",15580
"Sacramento St.","923","/teams/508988",1,2021,102,"WAC",15580
"Seattle U","923","/teams/508940",1,2021,1356,"WAC",15580
"Tarleton St.","923","/teams/509348",1,2021,1395,"WAC",15580
"UTRGV","923","/teams/509138",1,2021,536,"WAC",15580
"Utah Tech","923","/teams/509412",1,2021,30095,"WAC",15580
"Utah Tech","923","/teams/509412",1,2021,30095,"WAC",15580
"Utah Valley","923","/teams/508951",1,2021,30024,"WAC",15580
"Utah Valley","923","/teams/508951",1,2021,30024,"WAC",15580
"BYU","922","/teams/508977",1,2021,77,"WCC",15580
"Gonzaga","922","/teams/509038",1,2021,260,"WCC",15580
"LMU (CA)","922","/teams/509074",1,2021,370,"WCC",15580
"Pacific","922","/teams/509137",1,2021,534,"WCC",15580
"Pepperdine","922","/teams/509141",1,2021,541,"WCC",15580
"Portland","922","/teams/509143",1,2021,551,"WCC",15580
"Saint Mary's (CA)","922","/teams/509159",1,2021,610,"WCC",15580
"San Diego","922","/teams/509164",1,2021,627,"WCC",15580
"San Francisco","922","/teams/509165",1,2021,629,"WCC",15580
"Santa Clara","922","/teams/509167",1,2021,631,"WCC",15580
"Boston College","821","/teams/526359",1,2022,67,"ACC",15860
"Clemson","821","/teams/526387",1,2022,147,"ACC",15860
"Duke","821","/teams/526399",1,2022,193,"ACC",15860
"Florida St.","821","/teams/526411",1,2022,234,"ACC",15860
"Florida St.","821","/teams/526411",1,2022,234,"ACC",15860
"Georgia Tech","821","/teams/526419",1,2022,255,"ACC",15860
"Georgia Tech","821","/teams/526419",1,2022,255,"ACC",15860
"Louisville","821","/teams/526455",1,2022,367,"ACC",15860
"Miami (FL)","821","/teams/526470",1,2022,415,"ACC",15860
"NC State","821","/teams/526501",1,2022,490,"ACC",15860
"North Carolina","821","/teams/526484",1,2022,457,"ACC",15860
"Notre Dame","821","/teams/526510",1,2022,513,"ACC",15860
"Pittsburgh","821","/teams/526525",1,2022,545,"ACC",15860
"Virginia","821","/teams/526298",1,2022,746,"ACC",15860
"Virginia Tech","821","/teams/526297",1,2022,742,"ACC",15860
"Virginia Tech","821","/teams/526297",1,2022,742,"ACC",15860
"Wake Forest","821","/teams/526300",1,2022,749,"ACC",15860
"Bellarmine","920","/teams/526574",1,2022,52,"ASUN",15860
"Central Ark.","920","/teams/526316",1,2022,1004,"ASUN",15860
"Eastern Ky.","920","/teams/526403",1,2022,202,"ASUN",15860
"FGCU","920","/teams/526335",1,2022,28755,"ASUN",15860
"Jacksonville","920","/teams/526440",1,2022,316,"ASUN",15860
"Jacksonville St.","920","/teams/526439",1,2022,315,"ASUN",15860
"Jacksonville St.","920","/teams/526439",1,2022,315,"ASUN",15860
"Kennesaw St.","920","/teams/526323",1,2022,1157,"ASUN",15860
"Liberty","920","/teams/526450",1,2022,355,"ASUN",15860
"Lipscomb","920","/teams/526334",1,2022,28600,"ASUN",15860
"North Ala.","920","/teams/526337",1,2022,487,"ASUN",15860
"North Florida","920","/teams/526327",1,2022,2711,"ASUN",15860
"North Florida","920","/teams/526327",1,2022,2711,"ASUN",15860
"Stetson","920","/teams/526569",1,2022,678,"ASUN",15860
"Binghamton","845","/teams/526358",1,2022,62,"America East",15860
"Hartford","845","/teams/526423",1,2022,272,"America East",15860
"Maine","845","/teams/526458",1,2022,380,"America East",15860
"NJIT","845","/teams/526492",1,2022,471,"America East",15860
"Stony Brook","845","/teams/526570",1,2022,683,"America East",15860
"UAlbany","845","/teams/526344",1,2022,14,"America East",15860
"UMBC","845","/teams/526462",1,2022,391,"America East",15860
"UMass Lowell","845","/teams/526456",1,2022,368,"America East",15860
"Davidson","820","/teams/526395",1,2022,173,"Atlantic 10",15860
"Dayton","820","/teams/526396",1,2022,175,"Atlantic 10",15860
"Fordham","820","/teams/526413",1,2022,236,"Atlantic 10",15860
"George Mason","820","/teams/526414",1,2022,248,"Atlantic 10",15860
"George Washington","820","/teams/526415",1,2022,249,"Atlantic 10",15860
"George Washington","820","/teams/526415",1,2022,249,"Atlantic 10",15860
"Massachusetts","820","/teams/526465",1,2022,400,"Atlantic 10",15860
"Rhode Island","820","/teams/526532",1,2022,572,"Atlantic 10",15860
"Richmond","820","/teams/526534",1,2022,575,"Atlantic 10",15860
"Saint Joseph's","820","/teams/526540",1,2022,606,"Atlantic 10",15860
"Saint Louis","820","/teams/526541",1,2022,609,"Atlantic 10",15860
"St. Bonaventure","820","/teams/526538",1,2022,596,"Atlantic 10",15860
"VCU","820","/teams/526295",1,2022,740,"Atlantic 10",15860
"Baylor","25354","/teams/526356",1,2022,51,"Big 12",15860
"Kansas","25354","/teams/526443",1,2022,328,"Big 12",15860
"Kansas St.","25354","/teams/526442",1,2022,327,"Big 12",15860
"Kansas St.","25354","/teams/526442",1,2022,327,"Big 12",15860
"Oklahoma","25354","/teams/526515",1,2022,522,"Big 12",15860
"Oklahoma St.","25354","/teams/526514",1,2022,521,"Big 12",15860
"Oklahoma St.","25354","/teams/526514",1,2022,521,"Big 12",15860
"TCU","25354","/teams/526278",1,2022,698,"Big 12",15860
"Texas","25354","/teams/526282",1,2022,703,"Big 12",15860
"Texas Tech","25354","/teams/526280",1,2022,700,"Big 12",15860
"Texas Tech","25354","/teams/526280",1,2022,700,"Big 12",15860
"West Virginia","25354","/teams/526303",1,2022,768,"Big 12",15860
"West Virginia","25354","/teams/526303",1,2022,768,"Big 12",15860
"Butler","30184","/teams/526366",1,2022,87,"Big East",15860
"Creighton","30184","/teams/526393",1,2022,169,"Big East",15860
"Georgetown","30184","/teams/526416",1,2022,251,"Big East",15860
"Seton Hall","30184","/teams/526551",1,2022,635,"Big East",15860
"St. John's (NY)","30184","/teams/526539",1,2022,603,"Big East",15860
"UConn","30184","/teams/526390",1,2022,164,"Big East",15860
"Villanova","30184","/teams/526294",1,2022,739,"Big East",15860
"Xavier","30184","/teams/526313",1,2022,812,"Big East",15860
"Campbell","826","/teams/526380",1,2022,115,"Big South",15860
"Charleston So.","826","/teams/526355",1,2022,48,"Big South",15860
"Gardner-Webb","826","/teams/526321",1,2022,1092,"Big South",15860
"High Point","826","/teams/526332",1,2022,19651,"Big South",15860
"Longwood","826","/teams/526452",1,2022,363,"Big South",15860
"N.C. A&T","826","/teams/526499",1,2022,488,"Big South",15860
"Presbyterian","826","/teams/526324",1,2022,1320,"Big South",15860
"Radford","826","/teams/526531",1,2022,563,"Big South",15860
"UNC Asheville","826","/teams/526483",1,2022,456,"Big South",15860
"USC Upstate","826","/teams/526330",1,2022,10411,"Big South",15860
"Winthrop","826","/teams/526310",1,2022,792,"Big South",15860
"Illinois","827","/teams/526431",1,2022,301,"Big Ten",15860
"Indiana","827","/teams/526434",1,2022,306,"Big Ten",15860
"Iowa","827","/teams/526437",1,2022,312,"Big Ten",15860
"Maryland","827","/teams/526463",1,2022,392,"Big Ten",15860
"Michigan","827","/teams/526472",1,2022,418,"Big Ten",15860
"Michigan St.","827","/teams/526471",1,2022,416,"Big Ten",15860
"Michigan St.","827","/teams/526471",1,2022,416,"Big Ten",15860
"Minnesota","827","/teams/526474",1,2022,428,"Big Ten",15860
"Nebraska","827","/teams/526488",1,2022,463,"Big Ten",15860
"Northwestern","827","/teams/526509",1,2022,509,"Big Ten",15860
"Ohio St.","827","/teams/526512",1,2022,518,"Big Ten",15860
"Ohio St.","827","/teams/526512",1,2022,518,"Big Ten",15860
"Penn St.","827","/teams/526522",1,2022,539,"Big Ten",15860
"Penn St.","827","/teams/526522",1,2022,539,"Big Ten",15860
"Purdue","827","/teams/526529",1,2022,559,"Big Ten",15860
"Rutgers","827","/teams/526536",1,2022,587,"Big Ten",15860
"CSU Bakersfield","904","/teams/526368",1,2022,94,"Big West",15860
"CSUN","904","/teams/526372",1,2022,101,"Big West",15860
"Cal Poly","904","/teams/526367",1,2022,90,"Big West",15860
"Cal St. Fullerton","904","/teams/526370",1,2022,97,"Big West",15860
"Hawaii","904","/teams/526425",1,2022,277,"Big West",15860
"Long Beach St.","904","/teams/526371",1,2022,99,"Big West",15860
"UC Davis","904","/teams/526376",1,2022,108,"Big West",15860
"UC Irvine","904","/teams/526377",1,2022,109,"Big West",15860
"UC Riverside","904","/teams/526379",1,2022,111,"Big West",15860
"UC San Diego","904","/teams/526575",1,2022,112,"Big West",15860
"UC San Diego","904","/teams/526575",1,2022,112,"Big West",15860
"UC Santa Barbara","904","/teams/526374",1,2022,104,"Big West",15860
"Col. of Charleston","837","/teams/526318",1,2022,1014,"CAA",15860
"Delaware","837","/teams/526398",1,2022,180,"CAA",15860
"Elon","837","/teams/526320",1,2022,1068,"CAA",15860
"Hofstra","837","/teams/526426",1,2022,283,"CAA",15860
"James Madison","837","/teams/526441",1,2022,317,"CAA",15860
"Northeastern","837","/teams/526504",1,2022,500,"CAA",15860
"Towson","837","/teams/526285",1,2022,711,"CAA",15860
"UNCW","837","/teams/526487",1,2022,460,"CAA",15860
"William & Mary","837","/teams/526309",1,2022,786,"CAA",15860
"Charlotte","24312","/teams/526485",1,2022,458,"C-USA",15860
"FIU","24312","/teams/526410",1,2022,231,"C-USA",15860
"Fla. Atlantic","24312","/teams/526409",1,2022,229,"C-USA",15860
"Louisiana Tech","24312","/teams/526454",1,2022,366,"C-USA",15860
"Louisiana Tech","24312","/teams/526454",1,2022,366,"C-USA",15860
"Marshall","24312","/teams/526461",1,2022,388,"C-USA",15860
"Middle Tenn.","24312","/teams/526473",1,2022,419,"C-USA",15860
"Old Dominion","24312","/teams/526516",1,2022,523,"C-USA",15860
"Rice","24312","/teams/526533",1,2022,574,"C-USA",15860
"Southern Miss.","24312","/teams/526562",1,2022,664,"C-USA",15860
"UAB","24312","/teams/526343",1,2022,9,"C-USA",15860
"UTSA","24312","/teams/526283",1,2022,706,"C-USA",15860
"Western Ky.","24312","/teams/526306",1,2022,772,"C-USA",15860
"Milwaukee","881","/teams/526311",1,2022,797,"Horizon",15860
"Northern Ky.","881","/teams/526507",1,2022,505,"Horizon",15860
"Oakland","881","/teams/526511",1,2022,514,"Horizon",15860
"Purdue Fort Wayne","881","/teams/526435",1,2022,308,"Horizon",15860
"Purdue Fort Wayne","881","/teams/526435",1,2022,308,"Horizon",15860
"UIC","881","/teams/526432",1,2022,302,"Horizon",15860
"Wright St.","881","/teams/526312",1,2022,810,"Horizon",15860
"Youngstown St.","881","/teams/526315",1,2022,817,"Horizon",15860
"Brown","865","/teams/526363",1,2022,80,"Ivy League",15860
"Columbia","865","/teams/526389",1,2022,158,"Ivy League",15860
"Cornell","865","/teams/526392",1,2022,167,"Ivy League",15860
"Dartmouth","865","/teams/526394",1,2022,172,"Ivy League",15860
"Harvard","865","/teams/526424",1,2022,275,"Ivy League",15860
"Penn","865","/teams/526523",1,2022,540,"Ivy League",15860
"Princeton","865","/teams/526528",1,2022,554,"Ivy League",15860
"Yale","865","/teams/526314",1,2022,813,"Ivy League",15860
"Canisius","871","/teams/526381",1,2022,116,"MAAC",15860
"Fairfield","871","/teams/526406",1,2022,220,"MAAC",15860
"Iona","871","/teams/526436",1,2022,310,"MAAC",15860
"Manhattan","871","/teams/526459",1,2022,381,"MAAC",15860
"Marist","871","/teams/526460",1,2022,386,"MAAC",15860
"Monmouth","871","/teams/526479",1,2022,439,"MAAC",15860
"Niagara","871","/teams/526496",1,2022,482,"MAAC",15860
"Quinnipiac","871","/teams/526530",1,2022,562,"MAAC",15860
"Rider","871","/teams/526535",1,2022,576,"MAAC",15860
"Saint Peter's","871","/teams/526543",1,2022,617,"MAAC",15860
"Siena","871","/teams/526552",1,2022,639,"MAAC",15860
"Akron","875","/teams/526276",1,2022,5,"MAC",15860
"Ball St.","875","/teams/526354",1,2022,47,"MAC",15860
"Bowling Green","875","/teams/526360",1,2022,71,"MAC",15860
"Central Mich.","875","/teams/526384",1,2022,129,"MAC",15860
"Eastern Mich.","875","/teams/526404",1,2022,204,"MAC",15860
"Kent St.","875","/teams/526444",1,2022,331,"MAC",15860
"Miami (OH)","875","/teams/526469",1,2022,414,"MAC",15860
"NIU","875","/teams/526506",1,2022,503,"MAC",15860
"Ohio","875","/teams/526513",1,2022,519,"MAC",15860
"Toledo","875","/teams/526284",1,2022,709,"MAC",15860
"Western Mich.","875","/teams/526307",1,2022,774,"MAC",15860
"Coppin St.","876","/teams/526391",1,2022,165,"MEAC",15860
"Delaware St.","876","/teams/526397",1,2022,178,"MEAC",15860
"Delaware St.","876","/teams/526397",1,2022,178,"MEAC",15860
"Norfolk St.","876","/teams/526498",1,2022,485,"MEAC",15860
"UMES","876","/teams/526464",1,2022,393,"MEAC",15860
"Bradley","884","/teams/526361",1,2022,72,"MVC",15860
"DBU","884","/teams/526319",1,2022,1045,"MVC",15860
"Evansville","884","/teams/526405",1,2022,219,"MVC",15860
"Illinois St.","884","/teams/526430",1,2022,299,"MVC",15860
"Illinois St.","884","/teams/526430",1,2022,299,"MVC",15860
"Indiana St.","884","/teams/526433",1,2022,305,"MVC",15860
"Indiana St.","884","/teams/526433",1,2022,305,"MVC",15860
"Missouri St.","884","/teams/526564",1,2022,669,"MVC",15860
"Missouri St.","884","/teams/526564",1,2022,669,"MVC",15860
"Southern Ill.","884","/teams/526560",1,2022,659,"MVC",15860
"Valparaiso","884","/teams/526292",1,2022,735,"MVC",15860
"Air Force","5486","/teams/526288",1,2022,721,"Mountain West",15860
"Fresno St.","5486","/teams/526369",1,2022,96,"Mountain West",15860
"Nevada","5486","/teams/526491",1,2022,466,"Mountain West",15860
"New Mexico","5486","/teams/526494",1,2022,473,"Mountain West",15860
"San Diego St.","5486","/teams/526546",1,2022,626,"Mountain West",15860
"San Diego St.","5486","/teams/526546",1,2022,626,"Mountain West",15860
"San Jose St.","5486","/teams/526549",1,2022,630,"Mountain West",15860
"UNLV","5486","/teams/526490",1,2022,465,"Mountain West",15860
"Bryant","846","/teams/526364",1,2022,81,"NEC",15860
"Central Conn. St.","846","/teams/526382",1,2022,127,"NEC",15860
"FDU","846","/teams/526407",1,2022,222,"NEC",15860
"LIU","846","/teams/526451",1,2022,361,"NEC",15860
"Merrimack","846","/teams/526317",1,2022,410,"NEC",15860
"Mount St. Mary's","846","/teams/526481",1,2022,450,"NEC",15860
"Sacred Heart","846","/teams/526537",1,2022,590,"NEC",15860
"Wagner","846","/teams/526299",1,2022,748,"NEC",15860
"Austin Peay","902","/teams/526353",1,2022,43,"OVC",15860
"Belmont","902","/teams/526331",1,2022,14927,"OVC",15860
"Eastern Ill.","902","/teams/526402",1,2022,201,"OVC",15860
"Morehead St.","902","/teams/526480",1,2022,444,"OVC",15860
"Murray St.","902","/teams/526482",1,2022,454,"OVC",15860
"SIUE","902","/teams/526561",1,2022,660,"OVC",15860
"Southeast Mo. St.","902","/teams/526557",1,2022,654,"OVC",15860
"Tennessee Tech","902","/teams/526571",1,2022,692,"OVC",15860
"Tennessee Tech","902","/teams/526571",1,2022,692,"OVC",15860
"UT Martin","902","/teams/526573",1,2022,695,"OVC",15860
"Arizona","905","/teams/526348",1,2022,29,"Pac-12",15860
"Arizona St.","905","/teams/526347",1,2022,28,"Pac-12",15860
"Arizona St.","905","/teams/526347",1,2022,28,"Pac-12",15860
"California","905","/teams/526375",1,2022,107,"Pac-12",15860
"Oregon","905","/teams/526519",1,2022,529,"Pac-12",15860
"Oregon St.","905","/teams/526518",1,2022,528,"Pac-12",15860
"Oregon St.","905","/teams/526518",1,2022,528,"Pac-12",15860
"Southern California","905","/teams/526559",1,2022,657,"Pac-12",15860
"Southern California","905","/teams/526559",1,2022,657,"Pac-12",15860
"Stanford","905","/teams/526567",1,2022,674,"Pac-12",15860
"UCLA","905","/teams/526378",1,2022,110,"Pac-12",15860
"Utah","905","/teams/526291",1,2022,732,"Pac-12",15860
"Washington","905","/teams/526302",1,2022,756,"Pac-12",15860
"Washington St.","905","/teams/526301",1,2022,754,"Pac-12",15860
"Washington St.","905","/teams/526301",1,2022,754,"Pac-12",15860
"Army West Point","838","/teams/526289",1,2022,725,"Patriot",15860
"Bucknell","838","/teams/526365",1,2022,83,"Patriot",15860
"Holy Cross","838","/teams/526427",1,2022,285,"Patriot",15860
"Lafayette","838","/teams/526447",1,2022,342,"Patriot",15860
"Lehigh","838","/teams/526449",1,2022,352,"Patriot",15860
"Navy","838","/teams/526290",1,2022,726,"Patriot",15860
"Alabama","911","/teams/526342",1,2022,8,"SEC",15860
"Arkansas","911","/teams/526350",1,2022,31,"SEC",15860
"Auburn","911","/teams/526352",1,2022,37,"SEC",15860
"Florida","911","/teams/526412",1,2022,235,"SEC",15860
"Georgia","911","/teams/526420",1,2022,257,"SEC",15860
"Kentucky","911","/teams/526445",1,2022,334,"SEC",15860
"LSU","911","/teams/526453",1,2022,365,"SEC",15860
"Mississippi St.","911","/teams/526475",1,2022,430,"SEC",15860
"Missouri","911","/teams/526478",1,2022,434,"SEC",15860
"Ole Miss","911","/teams/526477",1,2022,433,"SEC",15860
"South Carolina","911","/teams/526554",1,2022,648,"SEC",15860
"Tennessee","911","/teams/526572",1,2022,694,"SEC",15860
"Texas A&M","911","/teams/526277",1,2022,697,"SEC",15860
"Texas A&M","911","/teams/526277",1,2022,697,"SEC",15860
"Vanderbilt","911","/teams/526293",1,2022,736,"SEC",15860
"Alabama A&M","916","/teams/526340",1,2022,6,"SWAC",15860
"Alabama A&M","916","/teams/526340",1,2022,6,"SWAC",15860
"Alabama St.","916","/teams/526341",1,2022,7,"SWAC",15860
"Alabama St.","916","/teams/526341",1,2022,7,"SWAC",15860
"Alcorn","916","/teams/526345",1,2022,17,"SWAC",15860
"Ark.-Pine Bluff","916","/teams/526326",1,2022,2678,"SWAC",15860
"Bethune-Cookman","916","/teams/526357",1,2022,61,"SWAC",15860
"Florida A&M","916","/teams/526408",1,2022,228,"SWAC",15860
"Florida A&M","916","/teams/526408",1,2022,228,"SWAC",15860
"Grambling","916","/teams/526422",1,2022,261,"SWAC",15860
"Jackson St.","916","/teams/526438",1,2022,314,"SWAC",15860
"Mississippi Val.","916","/teams/526476",1,2022,432,"SWAC",15860
"Prairie View","916","/teams/526527",1,2022,553,"SWAC",15860
"Southern U.","916","/teams/526563",1,2022,665,"SWAC",15860
"Texas Southern","916","/teams/526279",1,2022,699,"SWAC",15860
"Texas Southern","916","/teams/526279",1,2022,699,"SWAC",15860
"ETSU","912","/teams/526401",1,2022,198,"SoCon",15860
"Mercer","912","/teams/526468",1,2022,406,"SoCon",15860
"Samford","912","/teams/526545",1,2022,625,"SoCon",15860
"The Citadel","912","/teams/526386",1,2022,141,"SoCon",15860
"UNC Greensboro","912","/teams/526486",1,2022,459,"SoCon",15860
"VMI","912","/teams/526296",1,2022,741,"SoCon",15860
"Western Caro.","912","/teams/526304",1,2022,769,"SoCon",15860
"Wofford","912","/teams/526329",1,2022,2915,"SoCon",15860
"A&M-Corpus Christi","914","/teams/526333",1,2022,26172,"Southland",15860
"Houston Christian","914","/teams/526428",1,2022,287,"Southland",15860
"Houston Christian","914","/teams/526428",1,2022,287,"Southland",15860
"McNeese","914","/teams/526466",1,2022,402,"Southland",15860
"New Orleans","914","/teams/526495",1,2022,474,"Southland",15860
"Nicholls","914","/teams/526497",1,2022,483,"Southland",15860
"Northwestern St.","914","/teams/526508",1,2022,508,"Southland",15860
"Northwestern St.","914","/teams/526508",1,2022,508,"Southland",15860
"Southeastern La.","914","/teams/526558",1,2022,655,"Southland",15860
"UIW","914","/teams/526328",1,2022,2743,"Southland",15860
"North Dakota St.","819","/teams/526502",1,2022,493,"Summit League",15860
"Northern Colo.","819","/teams/526505",1,2022,502,"Summit League",15860
"Omaha","819","/teams/526489",1,2022,464,"Summit League",15860
"Oral Roberts","819","/teams/526517",1,2022,527,"Summit League",15860
"South Dakota St.","819","/teams/526555",1,2022,649,"Summit League",15860
"St. Thomas (MN)","819","/teams/526895",1,2022,620,"Summit League",15860
"Western Ill.","819","/teams/526305",1,2022,771,"Summit League",15860
"App State","818","/teams/526346",1,2022,27,"Sun Belt",15860
"Arkansas St.","818","/teams/526349",1,2022,30,"Sun Belt",15860
"Arkansas St.","818","/teams/526349",1,2022,30,"Sun Belt",15860
"Coastal Carolina","818","/teams/526388",1,2022,149,"Sun Belt",15860
"Ga. Southern","818","/teams/526417",1,2022,253,"Sun Belt",15860
"Georgia St.","818","/teams/526418",1,2022,254,"Sun Belt",15860
"Georgia St.","818","/teams/526418",1,2022,254,"Sun Belt",15860
"Little Rock","818","/teams/526351",1,2022,32,"Sun Belt",15860
"Louisiana","818","/teams/526566",1,2022,671,"Sun Belt",15860
"South Alabama","818","/teams/526553",1,2022,646,"Sun Belt",15860
"South Alabama","818","/teams/526553",1,2022,646,"Sun Belt",15860
"Texas St.","818","/teams/526565",1,2022,670,"Sun Belt",15860
"Texas St.","818","/teams/526565",1,2022,670,"Sun Belt",15860
"Troy","818","/teams/526286",1,2022,716,"Sun Belt",15860
"ULM","818","/teams/526503",1,2022,498,"Sun Belt",15860
"UT Arlington","818","/teams/526281",1,2022,702,"Sun Belt",15860
"Cincinnati","823","/teams/526385",1,2022,140,"AAC",15860
"East Carolina","823","/teams/526400",1,2022,196,"AAC",15860
"Houston","823","/teams/526429",1,2022,288,"AAC",15860
"Memphis","823","/teams/526467",1,2022,404,"AAC",15860
"South Fla.","823","/teams/526556",1,2022,651,"AAC",15860
"Tulane","823","/teams/526287",1,2022,718,"AAC",15860
"UCF","823","/teams/526383",1,2022,128,"AAC",15860
"Wichita St.","823","/teams/526308",1,2022,782,"AAC",15860
"Abilene Christian","923","/teams/526339",1,2022,2,"WAC",15860
"California Baptist","923","/teams/526338",1,2022,30135,"WAC",15860
"California Baptist","923","/teams/526338",1,2022,30135,"WAC",15860
"Grand Canyon","923","/teams/526322",1,2022,1104,"WAC",15860
"Lamar University","923","/teams/526448",1,2022,346,"WAC",15860
"New Mexico St.","923","/teams/526493",1,2022,472,"WAC",15860
"New Mexico St.","923","/teams/526493",1,2022,472,"WAC",15860
"SFA","923","/teams/526568",1,2022,676,"WAC",15860
"Sacramento St.","923","/teams/526373",1,2022,102,"WAC",15860
"Sam Houston","923","/teams/526544",1,2022,624,"WAC",15860
"Sam Houston","923","/teams/526544",1,2022,624,"WAC",15860
"Seattle U","923","/teams/526325",1,2022,1356,"WAC",15860
"Tarleton St.","923","/teams/526274",1,2022,1395,"WAC",15860
"UTRGV","923","/teams/526521",1,2022,536,"WAC",15860
"Utah Tech","923","/teams/526275",1,2022,30095,"WAC",15860
"Utah Tech","923","/teams/526275",1,2022,30095,"WAC",15860
"Utah Valley","923","/teams/526336",1,2022,30024,"WAC",15860
"Utah Valley","923","/teams/526336",1,2022,30024,"WAC",15860
"BYU","922","/teams/526362",1,2022,77,"WCC",15860
"Gonzaga","922","/teams/526421",1,2022,260,"WCC",15860
"LMU (CA)","922","/teams/526457",1,2022,370,"WCC",15860
"Pacific","922","/teams/526520",1,2022,534,"WCC",15860
"Pepperdine","922","/teams/526524",1,2022,541,"WCC",15860
"Portland","922","/teams/526526",1,2022,551,"WCC",15860
"Saint Mary's (CA)","922","/teams/526542",1,2022,610,"WCC",15860
"San Diego","922","/teams/526547",1,2022,627,"WCC",15860
"San Francisco","922","/teams/526548",1,2022,629,"WCC",15860
"Santa Clara","922","/teams/526550",1,2022,631,"WCC",15860
"Boston College","821","/teams/548094",1,2023,67,"ACC",16340
"Clemson","821","/teams/548122",1,2023,147,"ACC",16340
"Duke","821","/teams/548134",1,2023,193,"ACC",16340
"Florida St.","821","/teams/548146",1,2023,234,"ACC",16340
"Florida St.","821","/teams/548146",1,2023,234,"ACC",16340
"Georgia Tech","821","/teams/548154",1,2023,255,"ACC",16340
"Georgia Tech","821","/teams/548154",1,2023,255,"ACC",16340
"Louisville","821","/teams/548189",1,2023,367,"ACC",16340
"Miami (FL)","821","/teams/548204",1,2023,415,"ACC",16340
"NC State","821","/teams/548234",1,2023,490,"ACC",16340
"North Carolina","821","/teams/548218",1,2023,457,"ACC",16340
"Notre Dame","821","/teams/548243",1,2023,513,"ACC",16340
"Pittsburgh","821","/teams/548258",1,2023,545,"ACC",16340
"Virginia","821","/teams/548019",1,2023,746,"ACC",16340
"Virginia Tech","821","/teams/548006",1,2023,742,"ACC",16340
"Virginia Tech","821","/teams/548006",1,2023,742,"ACC",16340
"Wake Forest","821","/teams/548035",1,2023,749,"ACC",16340
"Austin Peay","920","/teams/548088",1,2023,43,"ASUN",16340
"Bellarmine","920","/teams/548307",1,2023,52,"ASUN",16340
"Central Ark.","920","/teams/548051",1,2023,1004,"ASUN",16340
"Eastern Ky.","920","/teams/548138",1,2023,202,"ASUN",16340
"FGCU","920","/teams/548070",1,2023,28755,"ASUN",16340
"Jacksonville","920","/teams/548175",1,2023,316,"ASUN",16340
"Jacksonville St.","920","/teams/548174",1,2023,315,"ASUN",16340
"Jacksonville St.","920","/teams/548174",1,2023,315,"ASUN",16340
"Kennesaw St.","920","/teams/548058",1,2023,1157,"ASUN",16340
"Liberty","920","/teams/548184",1,2023,355,"ASUN",16340
"Lipscomb","920","/teams/548069",1,2023,28600,"ASUN",16340
"North Ala.","920","/teams/548072",1,2023,487,"ASUN",16340
"North Florida","920","/teams/548062",1,2023,2711,"ASUN",16340
"North Florida","920","/teams/548062",1,2023,2711,"ASUN",16340
"Queens (NC)","920","/teams/548435",1,2023,11504,"ASUN",16340
"Stetson","920","/teams/548302",1,2023,678,"ASUN",16340
"Binghamton","845","/teams/548093",1,2023,62,"America East",16340
"Bryant","845","/teams/548099",1,2023,81,"America East",16340
"Maine","845","/teams/548192",1,2023,380,"America East",16340
"NJIT","845","/teams/548226",1,2023,471,"America East",16340
"UAlbany","845","/teams/548079",1,2023,14,"America East",16340
"UMBC","845","/teams/548196",1,2023,391,"America East",16340
"UMass Lowell","845","/teams/548190",1,2023,368,"America East",16340
"Davidson","820","/teams/548130",1,2023,173,"Atlantic 10",16340
"Dayton","820","/teams/548131",1,2023,175,"Atlantic 10",16340
"Fordham","820","/teams/548148",1,2023,236,"Atlantic 10",16340
"George Mason","820","/teams/548149",1,2023,248,"Atlantic 10",16340
"George Washington","820","/teams/548150",1,2023,249,"Atlantic 10",16340
"George Washington","820","/teams/548150",1,2023,249,"Atlantic 10",16340
"Massachusetts","820","/teams/548199",1,2023,400,"Atlantic 10",16340
"Rhode Island","820","/teams/548265",1,2023,572,"Atlantic 10",16340
"Richmond","820","/teams/548267",1,2023,575,"Atlantic 10",16340
"Saint Joseph's","820","/teams/548273",1,2023,606,"Atlantic 10",16340
"Saint Louis","820","/teams/548274",1,2023,609,"Atlantic 10",16340
"St. Bonaventure","820","/teams/548271",1,2023,596,"Atlantic 10",16340
"VCU","820","/teams/547984",1,2023,740,"Atlantic 10",16340
"Baylor","25354","/teams/548091",1,2023,51,"Big 12",16340
"Kansas","25354","/teams/548178",1,2023,328,"Big 12",16340
"Kansas St.","25354","/teams/548177",1,2023,327,"Big 12",16340
"Kansas St.","25354","/teams/548177",1,2023,327,"Big 12",16340
"Oklahoma","25354","/teams/548248",1,2023,522,"Big 12",16340
"Oklahoma St.","25354","/teams/548247",1,2023,521,"Big 12",16340
"Oklahoma St.","25354","/teams/548247",1,2023,521,"Big 12",16340
"TCU","25354","/teams/547862",1,2023,698,"Big 12",16340
"Texas","25354","/teams/547866",1,2023,703,"Big 12",16340
"Texas Tech","25354","/teams/547864",1,2023,700,"Big 12",16340
"Texas Tech","25354","/teams/547864",1,2023,700,"Big 12",16340
"West Virginia","25354","/teams/548038",1,2023,768,"Big 12",16340
"West Virginia","25354","/teams/548038",1,2023,768,"Big 12",16340
"Butler","30184","/teams/548101",1,2023,87,"Big East",16340
"Creighton","30184","/teams/548128",1,2023,169,"Big East",16340
"Georgetown","30184","/teams/548151",1,2023,251,"Big East",16340
"Seton Hall","30184","/teams/548284",1,2023,635,"Big East",16340
"St. John's (NY)","30184","/teams/548272",1,2023,603,"Big East",16340
"UConn","30184","/teams/548125",1,2023,164,"Big East",16340
"Villanova","30184","/teams/547973",1,2023,739,"Big East",16340
"Xavier","30184","/teams/548048",1,2023,812,"Big East",16340
"Campbell","826","/teams/548115",1,2023,115,"Big South",16340
"Charleston So.","826","/teams/548090",1,2023,48,"Big South",16340
"Gardner-Webb","826","/teams/548056",1,2023,1092,"Big South",16340
"High Point","826","/teams/548067",1,2023,19651,"Big South",16340
"Longwood","826","/teams/548186",1,2023,363,"Big South",16340
"Presbyterian","826","/teams/548059",1,2023,1320,"Big South",16340
"Radford","826","/teams/548264",1,2023,563,"Big South",16340
"UNC Asheville","826","/teams/548217",1,2023,456,"Big South",16340
"USC Upstate","826","/teams/548065",1,2023,10411,"Big South",16340
"Winthrop","826","/teams/548045",1,2023,792,"Big South",16340
"Illinois","827","/teams/548166",1,2023,301,"Big Ten",16340
"Indiana","827","/teams/548169",1,2023,306,"Big Ten",16340
"Iowa","827","/teams/548172",1,2023,312,"Big Ten",16340
"Maryland","827","/teams/548197",1,2023,392,"Big Ten",16340
"Michigan","827","/teams/548206",1,2023,418,"Big Ten",16340
"Michigan St.","827","/teams/548205",1,2023,416,"Big Ten",16340
"Michigan St.","827","/teams/548205",1,2023,416,"Big Ten",16340
"Minnesota","827","/teams/548208",1,2023,428,"Big Ten",16340
"Nebraska","827","/teams/548222",1,2023,463,"Big Ten",16340
"Northwestern","827","/teams/548242",1,2023,509,"Big Ten",16340
"Ohio St.","827","/teams/548245",1,2023,518,"Big Ten",16340
"Ohio St.","827","/teams/548245",1,2023,518,"Big Ten",16340
"Penn St.","827","/teams/548255",1,2023,539,"Big Ten",16340
"Penn St.","827","/teams/548255",1,2023,539,"Big Ten",16340
"Purdue","827","/teams/548262",1,2023,559,"Big Ten",16340
"Rutgers","827","/teams/548269",1,2023,587,"Big Ten",16340
"CSU Bakersfield","904","/teams/548103",1,2023,94,"Big West",16340
"CSUN","904","/teams/548107",1,2023,101,"Big West",16340
"Cal Poly","904","/teams/548102",1,2023,90,"Big West",16340
"Cal St. Fullerton","904","/teams/548105",1,2023,97,"Big West",16340
"Hawaii","904","/teams/548160",1,2023,277,"Big West",16340
"Long Beach St.","904","/teams/548106",1,2023,99,"Big West",16340
"UC Davis","904","/teams/548111",1,2023,108,"Big West",16340
"UC Irvine","904","/teams/548112",1,2023,109,"Big West",16340
"UC Riverside","904","/teams/548114",1,2023,111,"Big West",16340
"UC San Diego","904","/teams/548308",1,2023,112,"Big West",16340
"UC San Diego","904","/teams/548308",1,2023,112,"Big West",16340
"UC Santa Barbara","904","/teams/548109",1,2023,104,"Big West",16340
"Col. of Charleston","837","/teams/548053",1,2023,1014,"CAA",16340
"Delaware","837","/teams/548133",1,2023,180,"CAA",16340
"Elon","837","/teams/548055",1,2023,1068,"CAA",16340
"Hofstra","837","/teams/548161",1,2023,283,"CAA",16340
"Monmouth","837","/teams/548213",1,2023,439,"CAA",16340
"N.C. A&T","837","/teams/548233",1,2023,488,"CAA",16340
"Northeastern","837","/teams/548237",1,2023,500,"CAA",16340
"Stony Brook","837","/teams/548303",1,2023,683,"CAA",16340
"Towson","837","/teams/547869",1,2023,711,"CAA",16340
"UNCW","837","/teams/548221",1,2023,460,"CAA",16340
"William & Mary","837","/teams/548044",1,2023,786,"CAA",16340
"Charlotte","24312","/teams/548219",1,2023,458,"C-USA",16340
"DBU","24312","/teams/548054",1,2023,1045,"C-USA",16340
"FIU","24312","/teams/548145",1,2023,231,"C-USA",16340
"Fla. Atlantic","24312","/teams/548144",1,2023,229,"C-USA",16340
"Louisiana Tech","24312","/teams/548188",1,2023,366,"C-USA",16340
"Louisiana Tech","24312","/teams/548188",1,2023,366,"C-USA",16340
"Middle Tenn.","24312","/teams/548207",1,2023,419,"C-USA",16340
"Rice","24312","/teams/548266",1,2023,574,"C-USA",16340
"UAB","24312","/teams/548078",1,2023,9,"C-USA",16340
"UTSA","24312","/teams/547867",1,2023,706,"C-USA",16340
"Western Ky.","24312","/teams/548041",1,2023,772,"C-USA",16340
"Hartford","99000","/teams/548158",1,2023,272,"DI Independent",16340
"Milwaukee","881","/teams/548046",1,2023,797,"Horizon",16340
"Northern Ky.","881","/teams/548240",1,2023,505,"Horizon",16340
"Oakland","881","/teams/548244",1,2023,514,"Horizon",16340
"Purdue Fort Wayne","881","/teams/548170",1,2023,308,"Horizon",16340
"Purdue Fort Wayne","881","/teams/548170",1,2023,308,"Horizon",16340
"Wright St.","881","/teams/548047",1,2023,810,"Horizon",16340
"Youngstown St.","881","/teams/548050",1,2023,817,"Horizon",16340
"Brown","865","/teams/548098",1,2023,80,"Ivy League",16340
"Columbia","865","/teams/548124",1,2023,158,"Ivy League",16340
"Cornell","865","/teams/548127",1,2023,167,"Ivy League",16340
"Dartmouth","865","/teams/548129",1,2023,172,"Ivy League",16340
"Harvard","865","/teams/548159",1,2023,275,"Ivy League",16340
"Penn","865","/teams/548256",1,2023,540,"Ivy League",16340
"Princeton","865","/teams/548261",1,2023,554,"Ivy League",16340
"Yale","865","/teams/548049",1,2023,813,"Ivy League",16340
"Canisius","871","/teams/548116",1,2023,116,"MAAC",16340
"Fairfield","871","/teams/548141",1,2023,220,"MAAC",16340
"Iona","871","/teams/548171",1,2023,310,"MAAC",16340
"Manhattan","871","/teams/548193",1,2023,381,"MAAC",16340
"Marist","871","/teams/548194",1,2023,386,"MAAC",16340
"Mount St. Mary's","871","/teams/548215",1,2023,450,"MAAC",16340
"Niagara","871","/teams/548230",1,2023,482,"MAAC",16340
"Quinnipiac","871","/teams/548263",1,2023,562,"MAAC",16340
"Rider","871","/teams/548268",1,2023,576,"MAAC",16340
"Saint Peter's","871","/teams/548276",1,2023,617,"MAAC",16340
"Siena","871","/teams/548285",1,2023,639,"MAAC",16340
"Akron","875","/teams/547860",1,2023,5,"MAC",16340
"Ball St.","875","/teams/548089",1,2023,47,"MAC",16340
"Bowling Green","875","/teams/548095",1,2023,71,"MAC",16340
"Central Mich.","875","/teams/548119",1,2023,129,"MAC",16340
"Eastern Mich.","875","/teams/548139",1,2023,204,"MAC",16340
"Kent St.","875","/teams/548179",1,2023,331,"MAC",16340
"Miami (OH)","875","/teams/548203",1,2023,414,"MAC",16340
"NIU","875","/teams/548239",1,2023,503,"MAC",16340
"Ohio","875","/teams/548246",1,2023,519,"MAC",16340
"Toledo","875","/teams/547868",1,2023,709,"MAC",16340
"Western Mich.","875","/teams/548042",1,2023,774,"MAC",16340
"Belmont","884","/teams/548066",1,2023,14927,"MVC",16340
"Bradley","884","/teams/548096",1,2023,72,"MVC",16340
"Evansville","884","/teams/548140",1,2023,219,"MVC",16340
"Illinois St.","884","/teams/548165",1,2023,299,"MVC",16340
"Illinois St.","884","/teams/548165",1,2023,299,"MVC",16340
"Indiana St.","884","/teams/548168",1,2023,305,"MVC",16340
"Indiana St.","884","/teams/548168",1,2023,305,"MVC",16340
"Missouri St.","884","/teams/548297",1,2023,669,"MVC",16340
"Missouri St.","884","/teams/548297",1,2023,669,"MVC",16340
"Murray St.","884","/teams/548216",1,2023,454,"MVC",16340
"Southern Ill.","884","/teams/548293",1,2023,659,"MVC",16340
"UIC","884","/teams/548167",1,2023,302,"MVC",16340
"Valparaiso","884","/teams/547947",1,2023,735,"MVC",16340
"Air Force","5486","/teams/547889",1,2023,721,"Mountain West",16340
"Fresno St.","5486","/teams/548104",1,2023,96,"Mountain West",16340
"Nevada","5486","/teams/548225",1,2023,466,"Mountain West",16340
"New Mexico","5486","/teams/548228",1,2023,473,"Mountain West",16340
"San Diego St.","5486","/teams/548279",1,2023,626,"Mountain West",16340
"San Diego St.","5486","/teams/548279",1,2023,626,"Mountain West",16340
"San Jose St.","5486","/teams/548282",1,2023,630,"Mountain West",16340
"UNLV","5486","/teams/548224",1,2023,465,"Mountain West",16340
"Central Conn. St.","846","/teams/548117",1,2023,127,"NEC",16340
"Coppin St.","846","/teams/548126",1,2023,165,"NEC",16340
"Delaware St.","846","/teams/548132",1,2023,178,"NEC",16340
"Delaware St.","846","/teams/548132",1,2023,178,"NEC",16340
"FDU","846","/teams/548142",1,2023,222,"NEC",16340
"LIU","846","/teams/548185",1,2023,361,"NEC",16340
"Merrimack","846","/teams/548052",1,2023,410,"NEC",16340
"Norfolk St.","846","/teams/548232",1,2023,485,"NEC",16340
"Sacred Heart","846","/teams/548270",1,2023,590,"NEC",16340
"Stonehill","846","/teams/548532",1,2023,682,"NEC",16340
"UMES","846","/teams/548198",1,2023,393,"NEC",16340
"Wagner","846","/teams/548030",1,2023,748,"NEC",16340
"Eastern Ill.","902","/teams/548137",1,2023,201,"OVC",16340
"Lindenwood","902","/teams/548409",1,2023,30136,"OVC",16340
"Little Rock","902","/teams/548086",1,2023,32,"OVC",16340
"Morehead St.","902","/teams/548214",1,2023,444,"OVC",16340
"SIUE","902","/teams/548294",1,2023,660,"OVC",16340
"Southeast Mo. St.","902","/teams/548290",1,2023,654,"OVC",16340
"Southern Ind.","902","/teams/548531",1,2023,661,"OVC",16340
"Tennessee Tech","902","/teams/548304",1,2023,692,"OVC",16340
"Tennessee Tech","902","/teams/548304",1,2023,692,"OVC",16340
"UT Martin","902","/teams/548306",1,2023,695,"OVC",16340
"Arizona","905","/teams/548083",1,2023,29,"Pac-12",16340
"Arizona St.","905","/teams/548082",1,2023,28,"Pac-12",16340
"Arizona St.","905","/teams/548082",1,2023,28,"Pac-12",16340
"California","905","/teams/548110",1,2023,107,"Pac-12",16340
"Oregon","905","/teams/548252",1,2023,529,"Pac-12",16340
"Oregon St.","905","/teams/548251",1,2023,528,"Pac-12",16340
"Oregon St.","905","/teams/548251",1,2023,528,"Pac-12",16340
"Southern California","905","/teams/548292",1,2023,657,"Pac-12",16340
"Southern California","905","/teams/548292",1,2023,657,"Pac-12",16340
"Stanford","905","/teams/548300",1,2023,674,"Pac-12",16340
"UCLA","905","/teams/548113",1,2023,110,"Pac-12",16340
"Utah","905","/teams/547934",1,2023,732,"Pac-12",16340
"Washington","905","/teams/548037",1,2023,756,"Pac-12",16340
"Washington St.","905","/teams/548036",1,2023,754,"Pac-12",16340
"Washington St.","905","/teams/548036",1,2023,754,"Pac-12",16340
"Army West Point","838","/teams/547902",1,2023,725,"Patriot",16340
"Bucknell","838","/teams/548100",1,2023,83,"Patriot",16340
"Holy Cross","838","/teams/548162",1,2023,285,"Patriot",16340
"Lafayette","838","/teams/548181",1,2023,342,"Patriot",16340
"Lehigh","838","/teams/548183",1,2023,352,"Patriot",16340
"Navy","838","/teams/547916",1,2023,726,"Patriot",16340
"Alabama","911","/teams/548077",1,2023,8,"SEC",16340
"Arkansas","911","/teams/548085",1,2023,31,"SEC",16340
"Auburn","911","/teams/548087",1,2023,37,"SEC",16340
"Florida","911","/teams/548147",1,2023,235,"SEC",16340
"Georgia","911","/teams/548155",1,2023,257,"SEC",16340
"Kentucky","911","/teams/548180",1,2023,334,"SEC",16340
"LSU","911","/teams/548187",1,2023,365,"SEC",16340
"Mississippi St.","911","/teams/548209",1,2023,430,"SEC",16340
"Missouri","911","/teams/548212",1,2023,434,"SEC",16340
"Ole Miss","911","/teams/548211",1,2023,433,"SEC",16340
"South Carolina","911","/teams/548287",1,2023,648,"SEC",16340
"Tennessee","911","/teams/548305",1,2023,694,"SEC",16340
"Texas A&M","911","/teams/547861",1,2023,697,"SEC",16340
"Texas A&M","911","/teams/547861",1,2023,697,"SEC",16340
"Vanderbilt","911","/teams/547958",1,2023,736,"SEC",16340
"Alabama A&M","916","/teams/548075",1,2023,6,"SWAC",16340
"Alabama A&M","916","/teams/548075",1,2023,6,"SWAC",16340
"Alabama St.","916","/teams/548076",1,2023,7,"SWAC",16340
"Alabama St.","916","/teams/548076",1,2023,7,"SWAC",16340
"Alcorn","916","/teams/548080",1,2023,17,"SWAC",16340
"Ark.-Pine Bluff","916","/teams/548061",1,2023,2678,"SWAC",16340
"Bethune-Cookman","916","/teams/548092",1,2023,61,"SWAC",16340
"Florida A&M","916","/teams/548143",1,2023,228,"SWAC",16340
"Florida A&M","916","/teams/548143",1,2023,228,"SWAC",16340
"Grambling","916","/teams/548157",1,2023,261,"SWAC",16340
"Jackson St.","916","/teams/548173",1,2023,314,"SWAC",16340
"Mississippi Val.","916","/teams/548210",1,2023,432,"SWAC",16340
"Prairie View","916","/teams/548260",1,2023,553,"SWAC",16340
"Southern U.","916","/teams/548296",1,2023,665,"SWAC",16340
"Texas Southern","916","/teams/547863",1,2023,699,"SWAC",16340
"Texas Southern","916","/teams/547863",1,2023,699,"SWAC",16340
"ETSU","912","/teams/548136",1,2023,198,"SoCon",16340
"Mercer","912","/teams/548202",1,2023,406,"SoCon",16340
"Samford","912","/teams/548278",1,2023,625,"SoCon",16340
"The Citadel","912","/teams/548121",1,2023,141,"SoCon",16340
"UNC Greensboro","912","/teams/548220",1,2023,459,"SoCon",16340
"VMI","912","/teams/547996",1,2023,741,"SoCon",16340
"Western Caro.","912","/teams/548039",1,2023,769,"SoCon",16340
"Wofford","912","/teams/548064",1,2023,2915,"SoCon",16340
"A&M-Corpus Christi","914","/teams/548068",1,2023,26172,"Southland",16340
"Houston Christian","914","/teams/548163",1,2023,287,"Southland",16340
"Houston Christian","914","/teams/548163",1,2023,287,"Southland",16340
"Lamar University","914","/teams/548182",1,2023,346,"Southland",16340
"McNeese","914","/teams/548200",1,2023,402,"Southland",16340
"New Orleans","914","/teams/548229",1,2023,474,"Southland",16340
"Nicholls","914","/teams/548231",1,2023,483,"Southland",16340
"Northwestern St.","914","/teams/548241",1,2023,508,"Southland",16340
"Northwestern St.","914","/teams/548241",1,2023,508,"Southland",16340
"Southeastern La.","914","/teams/548291",1,2023,655,"Southland",16340
"UIW","914","/teams/548063",1,2023,2743,"Southland",16340
"North Dakota St.","819","/teams/548235",1,2023,493,"Summit League",16340
"Northern Colo.","819","/teams/548238",1,2023,502,"Summit League",16340
"Omaha","819","/teams/548223",1,2023,464,"Summit League",16340
"Oral Roberts","819","/teams/548250",1,2023,527,"Summit League",16340
"South Dakota St.","819","/teams/548288",1,2023,649,"Summit League",16340
"St. Thomas (MN)","819","/teams/547857",1,2023,620,"Summit League",16340
"Western Ill.","819","/teams/548040",1,2023,771,"Summit League",16340
"App State","818","/teams/548081",1,2023,27,"Sun Belt",16340
"Arkansas St.","818","/teams/548084",1,2023,30,"Sun Belt",16340
"Arkansas St.","818","/teams/548084",1,2023,30,"Sun Belt",16340
"Coastal Carolina","818","/teams/548123",1,2023,149,"Sun Belt",16340
"Ga. Southern","818","/teams/548152",1,2023,253,"Sun Belt",16340
"Georgia St.","818","/teams/548153",1,2023,254,"Sun Belt",16340
"Georgia St.","818","/teams/548153",1,2023,254,"Sun Belt",16340
"James Madison","818","/teams/548176",1,2023,317,"Sun Belt",16340
"Louisiana","818","/teams/548299",1,2023,671,"Sun Belt",16340
"Marshall","818","/teams/548195",1,2023,388,"Sun Belt",16340
"Old Dominion","818","/teams/548249",1,2023,523,"Sun Belt",16340
"South Alabama","818","/teams/548286",1,2023,646,"Sun Belt",16340
"South Alabama","818","/teams/548286",1,2023,646,"Sun Belt",16340
"Southern Miss.","818","/teams/548295",1,2023,664,"Sun Belt",16340
"Texas St.","818","/teams/548298",1,2023,670,"Sun Belt",16340
"Texas St.","818","/teams/548298",1,2023,670,"Sun Belt",16340
"Troy","818","/teams/547872",1,2023,716,"Sun Belt",16340
"ULM","818","/teams/548236",1,2023,498,"Sun Belt",16340
"Cincinnati","823","/teams/548120",1,2023,140,"AAC",16340
"East Carolina","823","/teams/548135",1,2023,196,"AAC",16340
"Houston","823","/teams/548164",1,2023,288,"AAC",16340
"Memphis","823","/teams/548201",1,2023,404,"AAC",16340
"South Fla.","823","/teams/548289",1,2023,651,"AAC",16340
"Tulane","823","/teams/547879",1,2023,718,"AAC",16340
"UCF","823","/teams/548118",1,2023,128,"AAC",16340
"Wichita St.","823","/teams/548043",1,2023,782,"AAC",16340
"Abilene Christian","923","/teams/548074",1,2023,2,"WAC",16340
"California Baptist","923","/teams/548073",1,2023,30135,"WAC",16340
"California Baptist","923","/teams/548073",1,2023,30135,"WAC",16340
"Grand Canyon","923","/teams/548057",1,2023,1104,"WAC",16340
"New Mexico St.","923","/teams/548227",1,2023,472,"WAC",16340
"New Mexico St.","923","/teams/548227",1,2023,472,"WAC",16340
"SFA","923","/teams/548301",1,2023,676,"WAC",16340
"Sacramento St.","923","/teams/548108",1,2023,102,"WAC",16340
"Sam Houston","923","/teams/548277",1,2023,624,"WAC",16340
"Sam Houston","923","/teams/548277",1,2023,624,"WAC",16340
"Seattle U","923","/teams/548060",1,2023,1356,"WAC",16340
"Tarleton St.","923","/teams/547858",1,2023,1395,"WAC",16340
"UT Arlington","923","/teams/547865",1,2023,702,"WAC",16340
"UTRGV","923","/teams/548254",1,2023,536,"WAC",16340
"Utah Tech","923","/teams/547859",1,2023,30095,"WAC",16340
"Utah Tech","923","/teams/547859",1,2023,30095,"WAC",16340
"Utah Valley","923","/teams/548071",1,2023,30024,"WAC",16340
"Utah Valley","923","/teams/548071",1,2023,30024,"WAC",16340
"BYU","922","/teams/548097",1,2023,77,"WCC",16340
"Gonzaga","922","/teams/548156",1,2023,260,"WCC",16340
"LMU (CA)","922","/teams/548191",1,2023,370,"WCC",16340
"Pacific","922","/teams/548253",1,2023,534,"WCC",16340
"Pepperdine","922","/teams/548257",1,2023,541,"WCC",16340
"Portland","922","/teams/548259",1,2023,551,"WCC",16340
"Saint Mary's (CA)","922","/teams/548275",1,2023,610,"WCC",16340
"San Diego","922","/teams/548280",1,2023,627,"WCC",16340
"San Francisco","922","/teams/548281",1,2023,629,"WCC",16340
"Santa Clara","922","/teams/548283",1,2023,631,"WCC",16340
"Boston College","821","/teams/574015",1,2024,67,"ACC",16580
"Clemson","821","/teams/574043",1,2024,147,"ACC",16580
"Duke","821","/teams/574055",1,2024,193,"ACC",16580
"Florida St.","821","/teams/574067",1,2024,234,"ACC",16580
"Florida St.","821","/teams/574067",1,2024,234,"ACC",16580
"Georgia Tech","821","/teams/574075",1,2024,255,"ACC",16580
"Georgia Tech","821","/teams/574075",1,2024,255,"ACC",16580
"Louisville","821","/teams/574110",1,2024,367,"ACC",16580
"Miami (FL)","821","/teams/574125",1,2024,415,"ACC",16580
"NC State","821","/teams/574155",1,2024,490,"ACC",16580
"North Carolina","821","/teams/574139",1,2024,457,"ACC",16580
"Notre Dame","821","/teams/574164",1,2024,513,"ACC",16580
"Pittsburgh","821","/teams/574179",1,2024,545,"ACC",16580
"Virginia","821","/teams/573954",1,2024,746,"ACC",16580
"Virginia Tech","821","/teams/573953",1,2024,742,"ACC",16580
"Virginia Tech","821","/teams/573953",1,2024,742,"ACC",16580
"Wake Forest","821","/teams/573956",1,2024,749,"ACC",16580
"Austin Peay","920","/teams/574009",1,2024,43,"ASUN",16580
"Bellarmine","920","/teams/574228",1,2024,52,"ASUN",16580
"Central Ark.","920","/teams/573972",1,2024,1004,"ASUN",16580
"Eastern Ky.","920","/teams/574059",1,2024,202,"ASUN",16580
"FGCU","920","/teams/573991",1,2024,28755,"ASUN",16580
"Jacksonville","920","/teams/574096",1,2024,316,"ASUN",16580
"Kennesaw St.","920","/teams/573979",1,2024,1157,"ASUN",16580
"Lipscomb","920","/teams/573990",1,2024,28600,"ASUN",16580
"North Ala.","920","/teams/573993",1,2024,487,"ASUN",16580
"North Florida","920","/teams/573983",1,2024,2711,"ASUN",16580
"North Florida","920","/teams/573983",1,2024,2711,"ASUN",16580
"Queens (NC)","920","/teams/574231",1,2024,11504,"ASUN",16580
"Stetson","920","/teams/574223",1,2024,678,"ASUN",16580
"Binghamton","845","/teams/574014",1,2024,62,"America East",16580
"Bryant","845","/teams/574020",1,2024,81,"America East",16580
"Maine","845","/teams/574113",1,2024,380,"America East",16580
"NJIT","845","/teams/574147",1,2024,471,"America East",16580
"UAlbany","845","/teams/574000",1,2024,14,"America East",16580
"UMBC","845","/teams/574117",1,2024,391,"America East",16580
"UMass Lowell","845","/teams/574111",1,2024,368,"America East",16580
"Davidson","820","/teams/574051",1,2024,173,"Atlantic 10",16580
"Dayton","820","/teams/574052",1,2024,175,"Atlantic 10",16580
"Fordham","820","/teams/574069",1,2024,236,"Atlantic 10",16580
"George Mason","820","/teams/574070",1,2024,248,"Atlantic 10",16580
"George Washington","820","/teams/574071",1,2024,249,"Atlantic 10",16580
"George Washington","820","/teams/574071",1,2024,249,"Atlantic 10",16580
"Massachusetts","820","/teams/574120",1,2024,400,"Atlantic 10",16580
"Rhode Island","820","/teams/574186",1,2024,572,"Atlantic 10",16580
"Richmond","820","/teams/574188",1,2024,575,"Atlantic 10",16580
"Saint Joseph's","820","/teams/574194",1,2024,606,"Atlantic 10",16580
"Saint Louis","820","/teams/574195",1,2024,609,"Atlantic 10",16580
"St. Bonaventure","820","/teams/574192",1,2024,596,"Atlantic 10",16580
"VCU","820","/teams/573951",1,2024,740,"Atlantic 10",16580
"BYU","25354","/teams/574018",1,2024,77,"Big 12",16580
"Baylor","25354","/teams/574012",1,2024,51,"Big 12",16580
"Cincinnati","25354","/teams/574041",1,2024,140,"Big 12",16580
"Houston","25354","/teams/574085",1,2024,288,"Big 12",16580
"Kansas","25354","/teams/574099",1,2024,328,"Big 12",16580
"Kansas St.","25354","/teams/574098",1,2024,327,"Big 12",16580
"Kansas St.","25354","/teams/574098",1,2024,327,"Big 12",16580
"Oklahoma","25354","/teams/574169",1,2024,522,"Big 12",16580
"Oklahoma St.","25354","/teams/574168",1,2024,521,"Big 12",16580
"Oklahoma St.","25354","/teams/574168",1,2024,521,"Big 12",16580
"TCU","25354","/teams/573914",1,2024,698,"Big 12",16580
"Texas","25354","/teams/573918",1,2024,703,"Big 12",16580
"Texas Tech","25354","/teams/573916",1,2024,700,"Big 12",16580
"Texas Tech","25354","/teams/573916",1,2024,700,"Big 12",16580
"UCF","25354","/teams/574039",1,2024,128,"Big 12",16580
"West Virginia","25354","/teams/573959",1,2024,768,"Big 12",16580
"West Virginia","25354","/teams/573959",1,2024,768,"Big 12",16580
"Butler","30184","/teams/574022",1,2024,87,"Big East",16580
"Creighton","30184","/teams/574049",1,2024,169,"Big East",16580
"Georgetown","30184","/teams/574072",1,2024,251,"Big East",16580
"Seton Hall","30184","/teams/574205",1,2024,635,"Big East",16580
"St. John's (NY)","30184","/teams/574193",1,2024,603,"Big East",16580
"UConn","30184","/teams/574046",1,2024,164,"Big East",16580
"Villanova","30184","/teams/573950",1,2024,739,"Big East",16580
"Xavier","30184","/teams/573969",1,2024,812,"Big East",16580
"Charleston So.","826","/teams/574011",1,2024,48,"Big South",16580
"Gardner-Webb","826","/teams/573977",1,2024,1092,"Big South",16580
"High Point","826","/teams/573988",1,2024,19651,"Big South",16580
"Longwood","826","/teams/574107",1,2024,363,"Big South",16580
"Presbyterian","826","/teams/573980",1,2024,1320,"Big South",16580
"Radford","826","/teams/574185",1,2024,563,"Big South",16580
"UNC Asheville","826","/teams/574138",1,2024,456,"Big South",16580
"USC Upstate","826","/teams/573986",1,2024,10411,"Big South",16580
"Winthrop","826","/teams/573966",1,2024,792,"Big South",16580
"Illinois","827","/teams/574087",1,2024,301,"Big Ten",16580
"Indiana","827","/teams/574090",1,2024,306,"Big Ten",16580
"Iowa","827","/teams/574093",1,2024,312,"Big Ten",16580
"Maryland","827","/teams/574118",1,2024,392,"Big Ten",16580
"Michigan","827","/teams/574127",1,2024,418,"Big Ten",16580
"Michigan St.","827","/teams/574126",1,2024,416,"Big Ten",16580
"Michigan St.","827","/teams/574126",1,2024,416,"Big Ten",16580
"Minnesota","827","/teams/574129",1,2024,428,"Big Ten",16580
"Nebraska","827","/teams/574143",1,2024,463,"Big Ten",16580
"Northwestern","827","/teams/574163",1,2024,509,"Big Ten",16580
"Ohio St.","827","/teams/574166",1,2024,518,"Big Ten",16580
"Ohio St.","827","/teams/574166",1,2024,518,"Big Ten",16580
"Penn St.","827","/teams/574176",1,2024,539,"Big Ten",16580
"Penn St.","827","/teams/574176",1,2024,539,"Big Ten",16580
"Purdue","827","/teams/574183",1,2024,559,"Big Ten",16580
"Rutgers","827","/teams/574190",1,2024,587,"Big Ten",16580
"CSU Bakersfield","904","/teams/574024",1,2024,94,"Big West",16580
"CSUN","904","/teams/574028",1,2024,101,"Big West",16580
"Cal Poly","904","/teams/574023",1,2024,90,"Big West",16580
"Cal St. Fullerton","904","/teams/574026",1,2024,97,"Big West",16580
"Hawaii","904","/teams/574081",1,2024,277,"Big West",16580
"Long Beach St.","904","/teams/574027",1,2024,99,"Big West",16580
"UC Davis","904","/teams/574032",1,2024,108,"Big West",16580
"UC Irvine","904","/teams/574033",1,2024,109,"Big West",16580
"UC Riverside","904","/teams/574035",1,2024,111,"Big West",16580
"UC San Diego","904","/teams/574229",1,2024,112,"Big West",16580
"UC San Diego","904","/teams/574229",1,2024,112,"Big West",16580
"UC Santa Barbara","904","/teams/574030",1,2024,104,"Big West",16580
"Campbell","837","/teams/574036",1,2024,115,"CAA",16580
"Col. of Charleston","837","/teams/573974",1,2024,1014,"CAA",16580
"Delaware","837","/teams/574054",1,2024,180,"CAA",16580
"Elon","837","/teams/573976",1,2024,1068,"CAA",16580
"Hofstra","837","/teams/574082",1,2024,283,"CAA",16580
"Monmouth","837","/teams/574134",1,2024,439,"CAA",16580
"N.C. A&T","837","/teams/574154",1,2024,488,"CAA",16580
"Northeastern","837","/teams/574158",1,2024,500,"CAA",16580
"Stony Brook","837","/teams/574224",1,2024,683,"CAA",16580
"Towson","837","/teams/573921",1,2024,711,"CAA",16580
"UNCW","837","/teams/574142",1,2024,460,"CAA",16580
"William & Mary","837","/teams/573965",1,2024,786,"CAA",16580
"DBU","24312","/teams/573975",1,2024,1045,"CUSA",16580
"FIU","24312","/teams/574066",1,2024,231,"CUSA",16580
"Jacksonville St.","24312","/teams/574095",1,2024,315,"CUSA",16580
"Jacksonville St.","24312","/teams/574095",1,2024,315,"CUSA",16580
"Liberty","24312","/teams/574105",1,2024,355,"CUSA",16580
"Louisiana Tech","24312","/teams/574109",1,2024,366,"CUSA",16580
"Louisiana Tech","24312","/teams/574109",1,2024,366,"CUSA",16580
"Middle Tenn.","24312","/teams/574128",1,2024,419,"CUSA",16580
"New Mexico St.","24312","/teams/574148",1,2024,472,"CUSA",16580
"New Mexico St.","24312","/teams/574148",1,2024,472,"CUSA",16580
"Sam Houston","24312","/teams/574198",1,2024,624,"CUSA",16580
"Sam Houston","24312","/teams/574198",1,2024,624,"CUSA",16580
"Western Ky.","24312","/teams/573962",1,2024,772,"CUSA",16580
"Milwaukee","881","/teams/573967",1,2024,797,"Horizon",16580
"Northern Ky.","881","/teams/574161",1,2024,505,"Horizon",16580
"Oakland","881","/teams/574165",1,2024,514,"Horizon",16580
"Purdue Fort Wayne","881","/teams/574091",1,2024,308,"Horizon",16580
"Purdue Fort Wayne","881","/teams/574091",1,2024,308,"Horizon",16580
"Wright St.","881","/teams/573968",1,2024,810,"Horizon",16580
"Youngstown St.","881","/teams/573971",1,2024,817,"Horizon",16580
"Brown","865","/teams/574019",1,2024,80,"Ivy League",16580
"Columbia","865","/teams/574045",1,2024,158,"Ivy League",16580
"Cornell","865","/teams/574048",1,2024,167,"Ivy League",16580
"Dartmouth","865","/teams/574050",1,2024,172,"Ivy League",16580
"Harvard","865","/teams/574080",1,2024,275,"Ivy League",16580
"Penn","865","/teams/574177",1,2024,540,"Ivy League",16580
"Princeton","865","/teams/574182",1,2024,554,"Ivy League",16580
"Yale","865","/teams/573970",1,2024,813,"Ivy League",16580
"Canisius","871","/teams/574037",1,2024,116,"MAAC",16580
"Fairfield","871","/teams/574062",1,2024,220,"MAAC",16580
"Iona","871","/teams/574092",1,2024,310,"MAAC",16580
"Manhattan","871","/teams/574114",1,2024,381,"MAAC",16580
"Marist","871","/teams/574115",1,2024,386,"MAAC",16580
"Mount St. Mary's","871","/teams/574136",1,2024,450,"MAAC",16580
"Niagara","871","/teams/574151",1,2024,482,"MAAC",16580
"Quinnipiac","871","/teams/574184",1,2024,562,"MAAC",16580
"Rider","871","/teams/574189",1,2024,576,"MAAC",16580
"Saint Peter's","871","/teams/574197",1,2024,617,"MAAC",16580
"Siena","871","/teams/574206",1,2024,639,"MAAC",16580
"Akron","875","/teams/573912",1,2024,5,"MAC",16580
"Ball St.","875","/teams/574010",1,2024,47,"MAC",16580
"Bowling Green","875","/teams/574016",1,2024,71,"MAC",16580
"Central Mich.","875","/teams/574040",1,2024,129,"MAC",16580
"Eastern Mich.","875","/teams/574060",1,2024,204,"MAC",16580
"Kent St.","875","/teams/574100",1,2024,331,"MAC",16580
"Miami (OH)","875","/teams/574124",1,2024,414,"MAC",16580
"NIU","875","/teams/574160",1,2024,503,"MAC",16580
"Ohio","875","/teams/574167",1,2024,519,"MAC",16580
"Toledo","875","/teams/573920",1,2024,709,"MAC",16580
"Western Mich.","875","/teams/573963",1,2024,774,"MAC",16580
"Belmont","884","/teams/573987",1,2024,14927,"MVC",16580
"Bradley","884","/teams/574017",1,2024,72,"MVC",16580
"Evansville","884","/teams/574061",1,2024,219,"MVC",16580
"Illinois St.","884","/teams/574086",1,2024,299,"MVC",16580
"Illinois St.","884","/teams/574086",1,2024,299,"MVC",16580
"Indiana St.","884","/teams/574089",1,2024,305,"MVC",16580
"Indiana St.","884","/teams/574089",1,2024,305,"MVC",16580
"Missouri St.","884","/teams/574218",1,2024,669,"MVC",16580
"Missouri St.","884","/teams/574218",1,2024,669,"MVC",16580
"Murray St.","884","/teams/574137",1,2024,454,"MVC",16580
"Southern Ill.","884","/teams/574214",1,2024,659,"MVC",16580
"UIC","884","/teams/574088",1,2024,302,"MVC",16580
"Valparaiso","884","/teams/573948",1,2024,735,"MVC",16580
"Air Force","5486","/teams/573924",1,2024,721,"Mountain West",16580
"Fresno St.","5486","/teams/574025",1,2024,96,"Mountain West",16580
"Nevada","5486","/teams/574146",1,2024,466,"Mountain West",16580
"New Mexico","5486","/teams/574149",1,2024,473,"Mountain West",16580
"San Diego St.","5486","/teams/574200",1,2024,626,"Mountain West",16580
"San Diego St.","5486","/teams/574200",1,2024,626,"Mountain West",16580
"San Jose St.","5486","/teams/574203",1,2024,630,"Mountain West",16580
"UNLV","5486","/teams/574145",1,2024,465,"Mountain West",16580
"Central Conn. St.","846","/teams/574038",1,2024,127,"NEC",16580
"Coppin St.","846","/teams/574047",1,2024,165,"NEC",16580
"Delaware St.","846","/teams/574053",1,2024,178,"NEC",16580
"Delaware St.","846","/teams/574053",1,2024,178,"NEC",16580
"FDU","846","/teams/574063",1,2024,222,"NEC",16580
"LIU","846","/teams/574106",1,2024,361,"NEC",16580
"Le Moyne","846","/teams/574412",1,2024,349,"NEC",16580
"Merrimack","846","/teams/573973",1,2024,410,"NEC",16580
"Norfolk St.","846","/teams/574153",1,2024,485,"NEC",16580
"Sacred Heart","846","/teams/574191",1,2024,590,"NEC",16580
"Stonehill","846","/teams/574233",1,2024,682,"NEC",16580
"UMES","846","/teams/574119",1,2024,393,"NEC",16580
"Wagner","846","/teams/573955",1,2024,748,"NEC",16580
"Eastern Ill.","902","/teams/574058",1,2024,201,"OVC",16580
"Lindenwood","902","/teams/574230",1,2024,30136,"OVC",16580
"Little Rock","902","/teams/574007",1,2024,32,"OVC",16580
"Morehead St.","902","/teams/574135",1,2024,444,"OVC",16580
"SIUE","902","/teams/574215",1,2024,660,"OVC",16580
"Southeast Mo. St.","902","/teams/574211",1,2024,654,"OVC",16580
"Southern Ind.","902","/teams/574232",1,2024,661,"OVC",16580
"Tennessee Tech","902","/teams/574225",1,2024,692,"OVC",16580
"Tennessee Tech","902","/teams/574225",1,2024,692,"OVC",16580
"UT Martin","902","/teams/574227",1,2024,695,"OVC",16580
"Western Ill.","902","/teams/573961",1,2024,771,"OVC",16580
"Arizona","905","/teams/574004",1,2024,29,"Pac-12",16580
"Arizona St.","905","/teams/574003",1,2024,28,"Pac-12",16580
"Arizona St.","905","/teams/574003",1,2024,28,"Pac-12",16580
"California","905","/teams/574031",1,2024,107,"Pac-12",16580
"Oregon","905","/teams/574173",1,2024,529,"Pac-12",16580
"Oregon St.","905","/teams/574172",1,2024,528,"Pac-12",16580
"Oregon St.","905","/teams/574172",1,2024,528,"Pac-12",16580
"Southern California","905","/teams/574213",1,2024,657,"Pac-12",16580
"Southern California","905","/teams/574213",1,2024,657,"Pac-12",16580
"Stanford","905","/teams/574221",1,2024,674,"Pac-12",16580
"UCLA","905","/teams/574034",1,2024,110,"Pac-12",16580
"Utah","905","/teams/573947",1,2024,732,"Pac-12",16580
"Washington","905","/teams/573958",1,2024,756,"Pac-12",16580
"Washington St.","905","/teams/573957",1,2024,754,"Pac-12",16580
"Washington St.","905","/teams/573957",1,2024,754,"Pac-12",16580
"Army West Point","838","/teams/573925",1,2024,725,"Patriot",16580
"Bucknell","838","/teams/574021",1,2024,83,"Patriot",16580
"Holy Cross","838","/teams/574083",1,2024,285,"Patriot",16580
"Lafayette","838","/teams/574102",1,2024,342,"Patriot",16580
"Lehigh","838","/teams/574104",1,2024,352,"Patriot",16580
"Navy","838","/teams/573946",1,2024,726,"Patriot",16580
"Alabama","911","/teams/573998",1,2024,8,"SEC",16580
"Arkansas","911","/teams/574006",1,2024,31,"SEC",16580
"Auburn","911","/teams/574008",1,2024,37,"SEC",16580
"Florida","911","/teams/574068",1,2024,235,"SEC",16580
"Georgia","911","/teams/574076",1,2024,257,"SEC",16580
"Kentucky","911","/teams/574101",1,2024,334,"SEC",16580
"LSU","911","/teams/574108",1,2024,365,"SEC",16580
"Mississippi St.","911","/teams/574130",1,2024,430,"SEC",16580
"Missouri","911","/teams/574133",1,2024,434,"SEC",16580
"Ole Miss","911","/teams/574132",1,2024,433,"SEC",16580
"South Carolina","911","/teams/574208",1,2024,648,"SEC",16580
"Tennessee","911","/teams/574226",1,2024,694,"SEC",16580
"Texas A&M","911","/teams/573913",1,2024,697,"SEC",16580
"Texas A&M","911","/teams/573913",1,2024,697,"SEC",16580
"Vanderbilt","911","/teams/573949",1,2024,736,"SEC",16580
"Alabama A&M","916","/teams/573996",1,2024,6,"SWAC",16580
"Alabama A&M","916","/teams/573996",1,2024,6,"SWAC",16580
"Alabama St.","916","/teams/573997",1,2024,7,"SWAC",16580
"Alabama St.","916","/teams/573997",1,2024,7,"SWAC",16580
"Alcorn","916","/teams/574001",1,2024,17,"SWAC",16580
"Ark.-Pine Bluff","916","/teams/573982",1,2024,2678,"SWAC",16580
"Bethune-Cookman","916","/teams/574013",1,2024,61,"SWAC",16580
"Florida A&M","916","/teams/574064",1,2024,228,"SWAC",16580
"Florida A&M","916","/teams/574064",1,2024,228,"SWAC",16580
"Grambling","916","/teams/574078",1,2024,261,"SWAC",16580
"Jackson St.","916","/teams/574094",1,2024,314,"SWAC",16580
"Mississippi Val.","916","/teams/574131",1,2024,432,"SWAC",16580
"Prairie View","916","/teams/574181",1,2024,553,"SWAC",16580
"Southern U.","916","/teams/574217",1,2024,665,"SWAC",16580
"Texas Southern","916","/teams/573915",1,2024,699,"SWAC",16580
"Texas Southern","916","/teams/573915",1,2024,699,"SWAC",16580
"ETSU","912","/teams/574057",1,2024,198,"SoCon",16580
"Mercer","912","/teams/574123",1,2024,406,"SoCon",16580
"Samford","912","/teams/574199",1,2024,625,"SoCon",16580
"The Citadel","912","/teams/574042",1,2024,141,"SoCon",16580
"UNC Greensboro","912","/teams/574141",1,2024,459,"SoCon",16580
"VMI","912","/teams/573952",1,2024,741,"SoCon",16580
"Western Caro.","912","/teams/573960",1,2024,769,"SoCon",16580
"Wofford","912","/teams/573985",1,2024,2915,"SoCon",16580
"A&M-Corpus Christi","914","/teams/573989",1,2024,26172,"Southland",16580
"Houston Christian","914","/teams/574084",1,2024,287,"Southland",16580
"Houston Christian","914","/teams/574084",1,2024,287,"Southland",16580
"Lamar University","914","/teams/574103",1,2024,346,"Southland",16580
"McNeese","914","/teams/574121",1,2024,402,"Southland",16580
"New Orleans","914","/teams/574150",1,2024,474,"Southland",16580
"Nicholls","914","/teams/574152",1,2024,483,"Southland",16580
"Northwestern St.","914","/teams/574162",1,2024,508,"Southland",16580
"Northwestern St.","914","/teams/574162",1,2024,508,"Southland",16580
"Southeastern La.","914","/teams/574212",1,2024,655,"Southland",16580
"UIW","914","/teams/573984",1,2024,2743,"Southland",16580
"North Dakota St.","819","/teams/574156",1,2024,493,"Summit League",16580
"Northern Colo.","819","/teams/574159",1,2024,502,"Summit League",16580
"Omaha","819","/teams/574144",1,2024,464,"Summit League",16580
"Oral Roberts","819","/teams/574171",1,2024,527,"Summit League",16580
"South Dakota St.","819","/teams/574209",1,2024,649,"Summit League",16580
"St. Thomas (MN)","819","/teams/573909",1,2024,620,"Summit League",16580
"App State","818","/teams/574002",1,2024,27,"Sun Belt",16580
"Arkansas St.","818","/teams/574005",1,2024,30,"Sun Belt",16580
"Arkansas St.","818","/teams/574005",1,2024,30,"Sun Belt",16580
"Coastal Carolina","818","/teams/574044",1,2024,149,"Sun Belt",16580
"Ga. Southern","818","/teams/574073",1,2024,253,"Sun Belt",16580
"Georgia St.","818","/teams/574074",1,2024,254,"Sun Belt",16580
"Georgia St.","818","/teams/574074",1,2024,254,"Sun Belt",16580
"James Madison","818","/teams/574097",1,2024,317,"Sun Belt",16580
"Louisiana","818","/teams/574220",1,2024,671,"Sun Belt",16580
"Marshall","818","/teams/574116",1,2024,388,"Sun Belt",16580
"Old Dominion","818","/teams/574170",1,2024,523,"Sun Belt",16580
"South Alabama","818","/teams/574207",1,2024,646,"Sun Belt",16580
"South Alabama","818","/teams/574207",1,2024,646,"Sun Belt",16580
"Southern Miss.","818","/teams/574216",1,2024,664,"Sun Belt",16580
"Texas St.","818","/teams/574219",1,2024,670,"Sun Belt",16580
"Texas St.","818","/teams/574219",1,2024,670,"Sun Belt",16580
"Troy","818","/teams/573922",1,2024,716,"Sun Belt",16580
"ULM","818","/teams/574157",1,2024,498,"Sun Belt",16580
"Charlotte","823","/teams/574140",1,2024,458,"AAC",16580
"East Carolina","823","/teams/574056",1,2024,196,"AAC",16580
"Fla. Atlantic","823","/teams/574065",1,2024,229,"AAC",16580
"Memphis","823","/teams/574122",1,2024,404,"AAC",16580
"Rice","823","/teams/574187",1,2024,574,"AAC",16580
"South Fla.","823","/teams/574210",1,2024,651,"AAC",16580
"Tulane","823","/teams/573923",1,2024,718,"AAC",16580
"UAB","823","/teams/573999",1,2024,9,"AAC",16580
"UTSA","823","/teams/573919",1,2024,706,"AAC",16580
"Wichita St.","823","/teams/573964",1,2024,782,"AAC",16580
"Abilene Christian","923","/teams/573995",1,2024,2,"WAC",16580
"California Baptist","923","/teams/573994",1,2024,30135,"WAC",16580
"California Baptist","923","/teams/573994",1,2024,30135,"WAC",16580
"Grand Canyon","923","/teams/573978",1,2024,1104,"WAC",16580
"SFA","923","/teams/574222",1,2024,676,"WAC",16580
"Sacramento St.","923","/teams/574029",1,2024,102,"WAC",16580
"Seattle U","923","/teams/573981",1,2024,1356,"WAC",16580
"Tarleton St.","923","/teams/573910",1,2024,1395,"WAC",16580
"UT Arlington","923","/teams/573917",1,2024,702,"WAC",16580
"UTRGV","923","/teams/574175",1,2024,536,"WAC",16580
"Utah Tech","923","/teams/573911",1,2024,30095,"WAC",16580
"Utah Tech","923","/teams/573911",1,2024,30095,"WAC",16580
"Utah Valley","923","/teams/573992",1,2024,30024,"WAC",16580
"Utah Valley","923","/teams/573992",1,2024,30024,"WAC",16580
"Gonzaga","922","/teams/574077",1,2024,260,"WCC",16580
"LMU (CA)","922","/teams/574112",1,2024,370,"WCC",16580
"Pacific","922","/teams/574174",1,2024,534,"WCC",16580
"Pepperdine","922","/teams/574178",1,2024,541,"WCC",16580
"Portland","922","/teams/574180",1,2024,551,"WCC",16580
"Saint Mary's (CA)","922","/teams/574196",1,2024,610,"WCC",16580
"San Diego","922","/teams/574201",1,2024,627,"WCC",16580
"San Francisco","922","/teams/574202",1,2024,629,"WCC",16580
"Santa Clara","922","/teams/574204",1,2024,631,"WCC",16580
"Boston College","821","/teams/596496",1,2025,67,"ACC",NA
"California","821","/teams/596511",1,2025,107,"ACC",NA
"Clemson","821","/teams/596523",1,2025,147,"ACC",NA
"Duke","821","/teams/596708",1,2025,193,"ACC",NA
"Florida St.","821","/teams/596545",1,2025,234,"ACC",NA
"Georgia Tech","821","/teams/596553",1,2025,255,"ACC",NA
"Louisville","821","/teams/596585",1,2025,367,"ACC",NA
"Miami (FL)","821","/teams/596600",1,2025,415,"ACC",NA
"NC State","821","/teams/596628",1,2025,490,"ACC",NA
"North Carolina","821","/teams/596614",1,2025,457,"ACC",NA
"Notre Dame","821","/teams/596637",1,2025,513,"ACC",NA
"Pittsburgh","821","/teams/596649",1,2025,545,"ACC",NA
"Stanford","821","/teams/596688",1,2025,674,"ACC",NA
"Virginia","821","/teams/596439",1,2025,746,"ACC",NA
"Virginia Tech","821","/teams/596438",1,2025,742,"ACC",NA
"Wake Forest","821","/teams/596441",1,2025,749,"ACC",NA
"Austin Peay","920","/teams/596490",1,2025,43,"ASUN",NA
"Bellarmine","920","/teams/596693",1,2025,52,"ASUN",NA
"Central Ark.","920","/teams/596457",1,2025,1004,"ASUN",NA
"Eastern Ky.","920","/teams/596538",1,2025,202,"ASUN",NA
"FGCU","920","/teams/596473",1,2025,28755,"ASUN",NA
"Jacksonville","920","/teams/596572",1,2025,316,"ASUN",NA
"Lipscomb","920","/teams/596472",1,2025,28600,"ASUN",NA
"North Ala.","920","/teams/596475",1,2025,487,"ASUN",NA
"North Florida","920","/teams/596467",1,2025,2711,"ASUN",NA
"Queens (NC)","920","/teams/596696",1,2025,11504,"ASUN",NA
"Stetson","920","/teams/596720",1,2025,678,"ASUN",NA
"West Ga.","920","/teams/596947",1,2025,NA,"ASUN",NA
"Binghamton","845","/teams/596495",1,2025,62,"America East",NA
"Bryant","845","/teams/596501",1,2025,81,"America East",NA
"Maine","845","/teams/596588",1,2025,380,"America East",NA
"NJIT","845","/teams/596621",1,2025,471,"America East",NA
"UAlbany","845","/teams/596482",1,2025,14,"America East",NA
"UMBC","845","/teams/596592",1,2025,391,"America East",NA
"UMass Lowell","845","/teams/596586",1,2025,368,"America East",NA
"Davidson","820","/teams/596531",1,2025,173,"Atlantic 10",NA
"Dayton","820","/teams/596532",1,2025,175,"Atlantic 10",NA
"Fordham","820","/teams/596547",1,2025,236,"Atlantic 10",NA
"George Mason","820","/teams/596548",1,2025,248,"Atlantic 10",NA
"George Washington","820","/teams/596549",1,2025,249,"Atlantic 10",NA
"Massachusetts","820","/teams/596595",1,2025,400,"Atlantic 10",NA
"Rhode Island","820","/teams/596656",1,2025,572,"Atlantic 10",NA
"Richmond","820","/teams/596658",1,2025,575,"Atlantic 10",NA
"Saint Joseph's","820","/teams/596663",1,2025,606,"Atlantic 10",NA
"Saint Louis","820","/teams/596664",1,2025,609,"Atlantic 10",NA
"St. Bonaventure","820","/teams/596662",1,2025,596,"Atlantic 10",NA
"VCU","820","/teams/596436",1,2025,740,"Atlantic 10",NA
"Arizona","25354","/teams/596706",1,2025,29,"Big 12",NA
"Arizona St.","25354","/teams/596485",1,2025,28,"Big 12",NA
"BYU","25354","/teams/596499",1,2025,77,"Big 12",NA
"Baylor","25354","/teams/596493",1,2025,51,"Big 12",NA
"Cincinnati","25354","/teams/596521",1,2025,140,"Big 12",NA
"Houston","25354","/teams/596561",1,2025,288,"Big 12",NA
"Kansas","25354","/teams/596575",1,2025,328,"Big 12",NA
"Kansas St.","25354","/teams/596574",1,2025,327,"Big 12",NA
"Oklahoma St.","25354","/teams/596714",1,2025,521,"Big 12",NA
"TCU","25354","/teams/596421",1,2025,698,"Big 12",NA
"Texas Tech","25354","/teams/596423",1,2025,700,"Big 12",NA
"UCF","25354","/teams/596519",1,2025,128,"Big 12",NA
"Utah","25354","/teams/596432",1,2025,732,"Big 12",NA
"West Virginia","25354","/teams/596444",1,2025,768,"Big 12",NA
"Butler","30184","/teams/596503",1,2025,87,"Big East",NA
"Creighton","30184","/teams/596529",1,2025,169,"Big East",NA
"Georgetown","30184","/teams/596550",1,2025,251,"Big East",NA
"Seton Hall","30184","/teams/596674",1,2025,635,"Big East",NA
"St. John's (NY)","30184","/teams/596717",1,2025,603,"Big East",NA
"UConn","30184","/teams/596526",1,2025,164,"Big East",NA
"Villanova","30184","/teams/596435",1,2025,739,"Big East",NA
"Xavier","30184","/teams/596454",1,2025,812,"Big East",NA
"Charleston So.","826","/teams/596492",1,2025,48,"Big South",NA
"Gardner-Webb","826","/teams/596461",1,2025,1092,"Big South",NA
"High Point","826","/teams/596705",1,2025,19651,"Big South",NA
"Longwood","826","/teams/596582",1,2025,363,"Big South",NA
"Presbyterian","826","/teams/596464",1,2025,1320,"Big South",NA
"Radford","826","/teams/596655",1,2025,563,"Big South",NA
"UNC Asheville","826","/teams/596613",1,2025,456,"Big South",NA
"USC Upstate","826","/teams/596469",1,2025,10411,"Big South",NA
"Winthrop","826","/teams/596451",1,2025,792,"Big South",NA
"Illinois","827","/teams/596563",1,2025,301,"Big Ten",NA
"Indiana","827","/teams/596566",1,2025,306,"Big Ten",NA
"Iowa","827","/teams/596569",1,2025,312,"Big Ten",NA
"Maryland","827","/teams/596593",1,2025,392,"Big Ten",NA
"Michigan","827","/teams/596602",1,2025,418,"Big Ten",NA
"Michigan St.","827","/teams/596601",1,2025,416,"Big Ten",NA
"Minnesota","827","/teams/596604",1,2025,428,"Big Ten",NA
"Nebraska","827","/teams/596712",1,2025,463,"Big Ten",NA
"Northwestern","827","/teams/596636",1,2025,509,"Big Ten",NA
"Ohio St.","827","/teams/596639",1,2025,518,"Big Ten",NA
"Oregon","827","/teams/596644",1,2025,529,"Big Ten",NA
"Penn St.","827","/teams/596647",1,2025,539,"Big Ten",NA
"Purdue","827","/teams/596653",1,2025,559,"Big Ten",NA
"Rutgers","827","/teams/596660",1,2025,587,"Big Ten",NA
"Southern California","827","/teams/596681",1,2025,657,"Big Ten",NA
"UCLA","827","/teams/596514",1,2025,110,"Big Ten",NA
"Washington","827","/teams/596443",1,2025,756,"Big Ten",NA
"CSU Bakersfield","904","/teams/596505",1,2025,94,"Big West",NA
"CSUN","904","/teams/596508",1,2025,101,"Big West",NA
"Cal Poly","904","/teams/596504",1,2025,90,"Big West",NA
"Cal St. Fullerton","904","/teams/596506",1,2025,97,"Big West",NA
"Hawaii","904","/teams/596557",1,2025,277,"Big West",NA
"Long Beach St.","904","/teams/596507",1,2025,99,"Big West",NA
"UC Davis","904","/teams/596512",1,2025,108,"Big West",NA
"UC Irvine","904","/teams/596513",1,2025,109,"Big West",NA
"UC Riverside","904","/teams/596515",1,2025,111,"Big West",NA
"UC San Diego","904","/teams/596694",1,2025,112,"Big West",NA
"UC Santa Barbara","904","/teams/596510",1,2025,104,"Big West",NA
"Campbell","837","/teams/596516",1,2025,115,"CAA",NA
"Col. of Charleston","837","/teams/596459",1,2025,1014,"CAA",NA
"Delaware","837","/teams/596534",1,2025,180,"CAA",NA
"Elon","837","/teams/596460",1,2025,1068,"CAA",NA
"Hofstra","837","/teams/596558",1,2025,283,"CAA",NA
"Monmouth","837","/teams/596609",1,2025,439,"CAA",NA
"N.C. A&T","837","/teams/596627",1,2025,488,"CAA",NA
"Northeastern","837","/teams/596631",1,2025,500,"CAA",NA
"Stony Brook","837","/teams/596690",1,2025,683,"CAA",NA
"Towson","837","/teams/596428",1,2025,711,"CAA",NA
"UNCW","837","/teams/596617",1,2025,460,"CAA",NA
"William & Mary","837","/teams/596450",1,2025,786,"CAA",NA
"DBU","24312","/teams/596703",1,2025,1045,"C-USA",NA
"FIU","24312","/teams/596544",1,2025,231,"C-USA",NA
"Jacksonville St.","24312","/teams/596571",1,2025,315,"C-USA",NA
"Kennesaw St.","24312","/teams/596463",1,2025,1157,"C-USA",NA
"Liberty","24312","/teams/596581",1,2025,355,"C-USA",NA
"Louisiana Tech","24312","/teams/596584",1,2025,366,"C-USA",NA
"Middle Tenn.","24312","/teams/596603",1,2025,419,"C-USA",NA
"New Mexico St.","24312","/teams/596622",1,2025,472,"C-USA",NA
"Sam Houston","24312","/teams/596667",1,2025,624,"C-USA",NA
"Western Ky.","24312","/teams/596447",1,2025,772,"C-USA",NA
"Oregon St.","99000","/teams/596643",1,2025,528,"DI Independent",NA
"Milwaukee","881","/teams/596452",1,2025,797,"Horizon",NA
"Northern Ky.","881","/teams/596634",1,2025,505,"Horizon",NA
"Oakland","881","/teams/596638",1,2025,514,"Horizon",NA
"Purdue Fort Wayne","881","/teams/596567",1,2025,308,"Horizon",NA
"Wright St.","881","/teams/596453",1,2025,810,"Horizon",NA
"Youngstown St.","881","/teams/596456",1,2025,817,"Horizon",NA
"Brown","865","/teams/596500",1,2025,80,"Ivy League",NA
"Columbia","865","/teams/596525",1,2025,158,"Ivy League",NA
"Cornell","865","/teams/596528",1,2025,167,"Ivy League",NA
"Dartmouth","865","/teams/596530",1,2025,172,"Ivy League",NA
"Harvard","865","/teams/596556",1,2025,275,"Ivy League",NA
"Penn","865","/teams/596716",1,2025,540,"Ivy League",NA
"Princeton","865","/teams/596652",1,2025,554,"Ivy League",NA
"Yale","865","/teams/596455",1,2025,813,"Ivy League",NA
"Canisius","871","/teams/596517",1,2025,116,"MAAC",NA
"Fairfield","871","/teams/596540",1,2025,220,"MAAC",NA
"Iona","871","/teams/596568",1,2025,310,"MAAC",NA
"Manhattan","871","/teams/596589",1,2025,381,"MAAC",NA
"Marist","871","/teams/596590",1,2025,386,"MAAC",NA
"Merrimack","871","/teams/596458",1,2025,410,"MAAC",NA
"Mount St. Mary's","871","/teams/596611",1,2025,450,"MAAC",NA
"Niagara","871","/teams/596625",1,2025,482,"MAAC",NA
"Quinnipiac","871","/teams/596654",1,2025,562,"MAAC",NA
"Rider","871","/teams/596659",1,2025,576,"MAAC",NA
"Sacred Heart","871","/teams/596661",1,2025,590,"MAAC",NA
"Saint Peter's","871","/teams/596666",1,2025,617,"MAAC",NA
"Siena","871","/teams/596675",1,2025,639,"MAAC",NA
"Akron","875","/teams/596419",1,2025,5,"MAC",NA
"Ball St.","875","/teams/596491",1,2025,47,"MAC",NA
"Bowling Green","875","/teams/596497",1,2025,71,"MAC",NA
"Central Mich.","875","/teams/596520",1,2025,129,"MAC",NA
"Eastern Mich.","875","/teams/596539",1,2025,204,"MAC",NA
"Kent St.","875","/teams/596576",1,2025,331,"MAC",NA
"Miami (OH)","875","/teams/596599",1,2025,414,"MAC",NA
"NIU","875","/teams/596633",1,2025,503,"MAC",NA
"Ohio","875","/teams/596640",1,2025,519,"MAC",NA
"Toledo","875","/teams/596427",1,2025,709,"MAC",NA
"Western Mich.","875","/teams/596448",1,2025,774,"MAC",NA
"Belmont","884","/teams/596470",1,2025,14927,"MVC",NA
"Bradley","884","/teams/596498",1,2025,72,"MVC",NA
"Evansville","884","/teams/596709",1,2025,219,"MVC",NA
"Illinois St.","884","/teams/596562",1,2025,299,"MVC",NA
"Indiana St.","884","/teams/596565",1,2025,305,"MVC",NA
"Missouri St.","884","/teams/596685",1,2025,669,"MVC",NA
"Murray St.","884","/teams/596612",1,2025,454,"MVC",NA
"Southern Ill.","884","/teams/596682",1,2025,659,"MVC",NA
"UIC","884","/teams/596564",1,2025,302,"MVC",NA
"Valparaiso","884","/teams/596433",1,2025,735,"MVC",NA
"Air Force","5486","/teams/596430",1,2025,721,"Mountain West",NA
"Fresno St.","5486","/teams/596707",1,2025,96,"Mountain West",NA
"Nevada","5486","/teams/596620",1,2025,466,"Mountain West",NA
"New Mexico","5486","/teams/596623",1,2025,473,"Mountain West",NA
"San Diego St.","5486","/teams/596669",1,2025,626,"Mountain West",NA
"San Jose St.","5486","/teams/596672",1,2025,630,"Mountain West",NA
"UNLV","5486","/teams/596619",1,2025,465,"Mountain West",NA
"Washington St.","5486","/teams/596442",1,2025,754,"Mountain West",NA
"Central Conn. St.","846","/teams/596518",1,2025,127,"NEC",NA
"Coppin St.","846","/teams/596527",1,2025,165,"NEC",NA
"Delaware St.","846","/teams/596533",1,2025,178,"NEC",NA
"FDU","846","/teams/596541",1,2025,222,"NEC",NA
"LIU","846","/teams/596711",1,2025,361,"NEC",NA
"Le Moyne","846","/teams/596699",1,2025,349,"NEC",NA
"Mercyhurst","846","/teams/596906",1,2025,NA,"NEC",NA
"Norfolk St.","846","/teams/596626",1,2025,485,"NEC",NA
"Stonehill","846","/teams/596698",1,2025,682,"NEC",NA
"UMES","846","/teams/596594",1,2025,393,"NEC",NA
"Wagner","846","/teams/596440",1,2025,748,"NEC",NA
"Eastern Ill.","902","/teams/596537",1,2025,201,"OVC",NA
"Lindenwood","902","/teams/596695",1,2025,30136,"OVC",NA
"Little Rock","902","/teams/596488",1,2025,32,"OVC",NA
"Morehead St.","902","/teams/596610",1,2025,444,"OVC",NA
"SIUE","902","/teams/596683",1,2025,660,"OVC",NA
"Southeast Mo. St.","902","/teams/596718",1,2025,654,"OVC",NA
"Southern Ind.","902","/teams/596697",1,2025,661,"OVC",NA
"Tennessee Tech","902","/teams/596691",1,2025,692,"OVC",NA
"UT Martin","902","/teams/596692",1,2025,695,"OVC",NA
"Western Ill.","902","/teams/596446",1,2025,771,"OVC",NA
"Army West Point","838","/teams/596702",1,2025,725,"Patriot",NA
"Bucknell","838","/teams/596502",1,2025,83,"Patriot",NA
"Holy Cross","838","/teams/596559",1,2025,285,"Patriot",NA
"Lafayette","838","/teams/596578",1,2025,342,"Patriot",NA
"Lehigh","838","/teams/596580",1,2025,352,"Patriot",NA
"Navy","838","/teams/596431",1,2025,726,"Patriot",NA
"Alabama","911","/teams/596480",1,2025,8,"SEC",NA
"Arkansas","911","/teams/596487",1,2025,31,"SEC",NA
"Auburn","911","/teams/596489",1,2025,37,"SEC",NA
"Florida","911","/teams/596546",1,2025,235,"SEC",NA
"Georgia","911","/teams/596554",1,2025,257,"SEC",NA
"Kentucky","911","/teams/596577",1,2025,334,"SEC",NA
"LSU","911","/teams/596583",1,2025,365,"SEC",NA
"Mississippi St.","911","/teams/596605",1,2025,430,"SEC",NA
"Missouri","911","/teams/596608",1,2025,434,"SEC",NA
"Oklahoma","911","/teams/596641",1,2025,522,"SEC",NA
"Ole Miss","911","/teams/596607",1,2025,433,"SEC",NA
"South Carolina","911","/teams/596677",1,2025,648,"SEC",NA
"Tennessee","911","/teams/596721",1,2025,694,"SEC",NA
"Texas","911","/teams/596425",1,2025,703,"SEC",NA
"Texas A&M","911","/teams/596420",1,2025,697,"SEC",NA
"Vanderbilt","911","/teams/596434",1,2025,736,"SEC",NA
"Alabama A&M","916","/teams/596478",1,2025,6,"SWAC",NA
"Alabama St.","916","/teams/596479",1,2025,7,"SWAC",NA
"Alcorn","916","/teams/596483",1,2025,17,"SWAC",NA
"Ark.-Pine Bluff","916","/teams/596466",1,2025,2678,"SWAC",NA
"Bethune-Cookman","916","/teams/596494",1,2025,61,"SWAC",NA
"Florida A&M","916","/teams/596542",1,2025,228,"SWAC",NA
"Grambling","916","/teams/596710",1,2025,261,"SWAC",NA
"Jackson St.","916","/teams/596570",1,2025,314,"SWAC",NA
"Mississippi Val.","916","/teams/596606",1,2025,432,"SWAC",NA
"Prairie View","916","/teams/596651",1,2025,553,"SWAC",NA
"Southern U.","916","/teams/596684",1,2025,665,"SWAC",NA
"Texas Southern","916","/teams/596422",1,2025,699,"SWAC",NA
"ETSU","912","/teams/596536",1,2025,198,"SoCon",NA
"Mercer","912","/teams/596598",1,2025,406,"SoCon",NA
"Samford","912","/teams/596668",1,2025,625,"SoCon",NA
"The Citadel","912","/teams/596522",1,2025,141,"SoCon",NA
"UNC Greensboro","912","/teams/596616",1,2025,459,"SoCon",NA
"VMI","912","/teams/596437",1,2025,741,"SoCon",NA
"Western Caro.","912","/teams/596445",1,2025,769,"SoCon",NA
"Wofford","912","/teams/596704",1,2025,2915,"SoCon",NA
"A&M-Corpus Christi","914","/teams/596471",1,2025,26172,"Southland",NA
"Houston Christian","914","/teams/596560",1,2025,287,"Southland",NA
"Lamar University","914","/teams/596579",1,2025,346,"Southland",NA
"McNeese","914","/teams/596596",1,2025,402,"Southland",NA
"New Orleans","914","/teams/596624",1,2025,474,"Southland",NA
"Nicholls","914","/teams/596713",1,2025,483,"Southland",NA
"Northwestern St.","914","/teams/596635",1,2025,508,"Southland",NA
"SFA","914","/teams/596689",1,2025,676,"Southland",NA
"Southeastern La.","914","/teams/596680",1,2025,655,"Southland",NA
"UIW","914","/teams/596468",1,2025,2743,"Southland",NA
"UTRGV","914","/teams/596646",1,2025,536,"Southland",NA
"North Dakota St.","819","/teams/596629",1,2025,493,"Summit League",NA
"Northern Colo.","819","/teams/596632",1,2025,502,"Summit League",NA
"Omaha","819","/teams/596618",1,2025,464,"Summit League",NA
"Oral Roberts","819","/teams/596715",1,2025,527,"Summit League",NA
"South Dakota St.","819","/teams/596678",1,2025,649,"Summit League",NA
"St. Thomas (MN)","819","/teams/596417",1,2025,620,"Summit League",NA
"App State","818","/teams/596484",1,2025,27,"Sun Belt",NA
"Arkansas St.","818","/teams/596486",1,2025,30,"Sun Belt",NA
"Coastal Carolina","818","/teams/596524",1,2025,149,"Sun Belt",NA
"Ga. Southern","818","/teams/596551",1,2025,253,"Sun Belt",NA
"Georgia St.","818","/teams/596552",1,2025,254,"Sun Belt",NA
"James Madison","818","/teams/596573",1,2025,317,"Sun Belt",NA
"Louisiana","818","/teams/596687",1,2025,671,"Sun Belt",NA
"Marshall","818","/teams/596591",1,2025,388,"Sun Belt",NA
"Old Dominion","818","/teams/596642",1,2025,523,"Sun Belt",NA
"South Alabama","818","/teams/596676",1,2025,646,"Sun Belt",NA
"Southern Miss.","818","/teams/596719",1,2025,664,"Sun Belt",NA
"Texas St.","818","/teams/596686",1,2025,670,"Sun Belt",NA
"Troy","818","/teams/596429",1,2025,716,"Sun Belt",NA
"ULM","818","/teams/596630",1,2025,498,"Sun Belt",NA
"Charlotte","823","/teams/596615",1,2025,458,"AAC",NA
"East Carolina","823","/teams/596535",1,2025,196,"AAC",NA
"Fla. Atlantic","823","/teams/596543",1,2025,229,"AAC",NA
"Memphis","823","/teams/596597",1,2025,404,"AAC",NA
"Rice","823","/teams/596657",1,2025,574,"AAC",NA
"South Fla.","823","/teams/596679",1,2025,651,"AAC",NA
"Tulane","823","/teams/596701",1,2025,718,"AAC",NA
"UAB","823","/teams/596481",1,2025,9,"AAC",NA
"UTSA","823","/teams/596426",1,2025,706,"AAC",NA
"Wichita St.","823","/teams/596449",1,2025,782,"AAC",NA
"Abilene Christian","923","/teams/596477",1,2025,2,"WAC",NA
"California Baptist","923","/teams/596476",1,2025,30135,"WAC",NA
"Grand Canyon","923","/teams/596462",1,2025,1104,"WAC",NA
"Sacramento St.","923","/teams/596509",1,2025,102,"WAC",NA
"Seattle U","923","/teams/596465",1,2025,1356,"WAC",NA
"Tarleton St.","923","/teams/596700",1,2025,1395,"WAC",NA
"UT Arlington","923","/teams/596424",1,2025,702,"WAC",NA
"Utah Tech","923","/teams/596418",1,2025,30095,"WAC",NA
"Utah Valley","923","/teams/596474",1,2025,30024,"WAC",NA
"Gonzaga","922","/teams/596555",1,2025,260,"WCC",NA
"LMU (CA)","922","/teams/596587",1,2025,370,"WCC",NA
"Pacific","922","/teams/596645",1,2025,534,"WCC",NA
"Pepperdine","922","/teams/596648",1,2025,541,"WCC",NA
"Portland","922","/teams/596650",1,2025,551,"WCC",NA
"Saint Mary's (CA)","922","/teams/596665",1,2025,610,"WCC",NA
"San Diego","922","/teams/596670",1,2025,627,"WCC",NA
"San Francisco","922","/teams/596671",1,2025,629,"WCC",NA
"Santa Clara","922","/teams/596673",1,2025,631,"WCC",NA
